file_path,machine_id,condition,label,original_wav
data/processed\00_abnormal_00000000.npy,00,abnormal,1,data/raw\pump\id_00\abnormal\00000000.wav
data/processed\00_abnormal_00000001.npy,00,abnormal,1,data/raw\pump\id_00\abnormal\00000001.wav
data/processed\00_abnormal_00000002.npy,00,abnormal,1,data/raw\pump\id_00\abnormal\00000002.wav
data/processed\00_abnormal_00000003.npy,00,abnormal,1,data/raw\pump\id_00\abnormal\00000003.wav
data/processed\00_abnormal_00000004.npy,00,abnormal,1,data/raw\pump\id_00\abnormal\00000004.wav
data/processed\00_abnormal_00000005.npy,00,abnormal,1,data/raw\pump\id_00\abnormal\00000005.wav
data/processed\00_abnormal_00000006.npy,00,abnormal,1,data/raw\pump\id_00\abnormal\00000006.wav
data/processed\00_abnormal_00000007.npy,00,abnormal,1,data/raw\pump\id_00\abnormal\00000007.wav
data/processed\00_abnormal_00000008.npy,00,abnormal,1,data/raw\pump\id_00\abnormal\00000008.wav
data/processed\00_abnormal_00000009.npy,00,abnormal,1,data/raw\pump\id_00\abnormal\00000009.wav
data/processed\00_abnormal_00000010.npy,00,abnormal,1,data/raw\pump\id_00\abnormal\00000010.wav
data/processed\00_abnormal_00000011.npy,00,abnormal,1,data/raw\pump\id_00\abnormal\00000011.wav
data/processed\00_abnormal_00000012.npy,00,abnormal,1,data/raw\pump\id_00\abnormal\00000012.wav
data/processed\00_abnormal_00000013.npy,00,abnormal,1,data/raw\pump\id_00\abnormal\00000013.wav
data/processed\00_abnormal_00000014.npy,00,abnormal,1,data/raw\pump\id_00\abnormal\00000014.wav
data/processed\00_abnormal_00000015.npy,00,abnormal,1,data/raw\pump\id_00\abnormal\00000015.wav
data/processed\00_abnormal_00000016.npy,00,abnormal,1,data/raw\pump\id_00\abnormal\00000016.wav
data/processed\00_abnormal_00000017.npy,00,abnormal,1,data/raw\pump\id_00\abnormal\00000017.wav
data/processed\00_abnormal_00000018.npy,00,abnormal,1,data/raw\pump\id_00\abnormal\00000018.wav
data/processed\00_abnormal_00000019.npy,00,abnormal,1,data/raw\pump\id_00\abnormal\00000019.wav
data/processed\00_abnormal_00000020.npy,00,abnormal,1,data/raw\pump\id_00\abnormal\00000020.wav
data/processed\00_abnormal_00000021.npy,00,abnormal,1,data/raw\pump\id_00\abnormal\00000021.wav
data/processed\00_abnormal_00000022.npy,00,abnormal,1,data/raw\pump\id_00\abnormal\00000022.wav
data/processed\00_abnormal_00000023.npy,00,abnormal,1,data/raw\pump\id_00\abnormal\00000023.wav
data/processed\00_abnormal_00000024.npy,00,abnormal,1,data/raw\pump\id_00\abnormal\00000024.wav
data/processed\00_abnormal_00000025.npy,00,abnormal,1,data/raw\pump\id_00\abnormal\00000025.wav
data/processed\00_abnormal_00000026.npy,00,abnormal,1,data/raw\pump\id_00\abnormal\00000026.wav
data/processed\00_abnormal_00000027.npy,00,abnormal,1,data/raw\pump\id_00\abnormal\00000027.wav
data/processed\00_abnormal_00000028.npy,00,abnormal,1,data/raw\pump\id_00\abnormal\00000028.wav
data/processed\00_abnormal_00000029.npy,00,abnormal,1,data/raw\pump\id_00\abnormal\00000029.wav
data/processed\00_abnormal_00000030.npy,00,abnormal,1,data/raw\pump\id_00\abnormal\00000030.wav
data/processed\00_abnormal_00000031.npy,00,abnormal,1,data/raw\pump\id_00\abnormal\00000031.wav
data/processed\00_abnormal_00000032.npy,00,abnormal,1,data/raw\pump\id_00\abnormal\00000032.wav
data/processed\00_abnormal_00000033.npy,00,abnormal,1,data/raw\pump\id_00\abnormal\00000033.wav
data/processed\00_abnormal_00000034.npy,00,abnormal,1,data/raw\pump\id_00\abnormal\00000034.wav
data/processed\00_abnormal_00000035.npy,00,abnormal,1,data/raw\pump\id_00\abnormal\00000035.wav
data/processed\00_abnormal_00000036.npy,00,abnormal,1,data/raw\pump\id_00\abnormal\00000036.wav
data/processed\00_abnormal_00000037.npy,00,abnormal,1,data/raw\pump\id_00\abnormal\00000037.wav
data/processed\00_abnormal_00000038.npy,00,abnormal,1,data/raw\pump\id_00\abnormal\00000038.wav
data/processed\00_abnormal_00000039.npy,00,abnormal,1,data/raw\pump\id_00\abnormal\00000039.wav
data/processed\00_abnormal_00000040.npy,00,abnormal,1,data/raw\pump\id_00\abnormal\00000040.wav
data/processed\00_abnormal_00000041.npy,00,abnormal,1,data/raw\pump\id_00\abnormal\00000041.wav
data/processed\00_abnormal_00000042.npy,00,abnormal,1,data/raw\pump\id_00\abnormal\00000042.wav
data/processed\00_abnormal_00000043.npy,00,abnormal,1,data/raw\pump\id_00\abnormal\00000043.wav
data/processed\00_abnormal_00000044.npy,00,abnormal,1,data/raw\pump\id_00\abnormal\00000044.wav
data/processed\00_abnormal_00000045.npy,00,abnormal,1,data/raw\pump\id_00\abnormal\00000045.wav
data/processed\00_abnormal_00000046.npy,00,abnormal,1,data/raw\pump\id_00\abnormal\00000046.wav
data/processed\00_abnormal_00000047.npy,00,abnormal,1,data/raw\pump\id_00\abnormal\00000047.wav
data/processed\00_abnormal_00000048.npy,00,abnormal,1,data/raw\pump\id_00\abnormal\00000048.wav
data/processed\00_abnormal_00000049.npy,00,abnormal,1,data/raw\pump\id_00\abnormal\00000049.wav
data/processed\00_abnormal_00000050.npy,00,abnormal,1,data/raw\pump\id_00\abnormal\00000050.wav
data/processed\00_abnormal_00000051.npy,00,abnormal,1,data/raw\pump\id_00\abnormal\00000051.wav
data/processed\00_abnormal_00000052.npy,00,abnormal,1,data/raw\pump\id_00\abnormal\00000052.wav
data/processed\00_abnormal_00000053.npy,00,abnormal,1,data/raw\pump\id_00\abnormal\00000053.wav
data/processed\00_abnormal_00000054.npy,00,abnormal,1,data/raw\pump\id_00\abnormal\00000054.wav
data/processed\00_abnormal_00000055.npy,00,abnormal,1,data/raw\pump\id_00\abnormal\00000055.wav
data/processed\00_abnormal_00000056.npy,00,abnormal,1,data/raw\pump\id_00\abnormal\00000056.wav
data/processed\00_abnormal_00000057.npy,00,abnormal,1,data/raw\pump\id_00\abnormal\00000057.wav
data/processed\00_abnormal_00000058.npy,00,abnormal,1,data/raw\pump\id_00\abnormal\00000058.wav
data/processed\00_abnormal_00000059.npy,00,abnormal,1,data/raw\pump\id_00\abnormal\00000059.wav
data/processed\00_abnormal_00000060.npy,00,abnormal,1,data/raw\pump\id_00\abnormal\00000060.wav
data/processed\00_abnormal_00000061.npy,00,abnormal,1,data/raw\pump\id_00\abnormal\00000061.wav
data/processed\00_abnormal_00000062.npy,00,abnormal,1,data/raw\pump\id_00\abnormal\00000062.wav
data/processed\00_abnormal_00000063.npy,00,abnormal,1,data/raw\pump\id_00\abnormal\00000063.wav
data/processed\00_abnormal_00000064.npy,00,abnormal,1,data/raw\pump\id_00\abnormal\00000064.wav
data/processed\00_abnormal_00000065.npy,00,abnormal,1,data/raw\pump\id_00\abnormal\00000065.wav
data/processed\00_abnormal_00000066.npy,00,abnormal,1,data/raw\pump\id_00\abnormal\00000066.wav
data/processed\00_abnormal_00000067.npy,00,abnormal,1,data/raw\pump\id_00\abnormal\00000067.wav
data/processed\00_abnormal_00000068.npy,00,abnormal,1,data/raw\pump\id_00\abnormal\00000068.wav
data/processed\00_abnormal_00000069.npy,00,abnormal,1,data/raw\pump\id_00\abnormal\00000069.wav
data/processed\00_abnormal_00000070.npy,00,abnormal,1,data/raw\pump\id_00\abnormal\00000070.wav
data/processed\00_abnormal_00000071.npy,00,abnormal,1,data/raw\pump\id_00\abnormal\00000071.wav
data/processed\00_abnormal_00000072.npy,00,abnormal,1,data/raw\pump\id_00\abnormal\00000072.wav
data/processed\00_abnormal_00000073.npy,00,abnormal,1,data/raw\pump\id_00\abnormal\00000073.wav
data/processed\00_abnormal_00000074.npy,00,abnormal,1,data/raw\pump\id_00\abnormal\00000074.wav
data/processed\00_abnormal_00000075.npy,00,abnormal,1,data/raw\pump\id_00\abnormal\00000075.wav
data/processed\00_abnormal_00000076.npy,00,abnormal,1,data/raw\pump\id_00\abnormal\00000076.wav
data/processed\00_abnormal_00000077.npy,00,abnormal,1,data/raw\pump\id_00\abnormal\00000077.wav
data/processed\00_abnormal_00000078.npy,00,abnormal,1,data/raw\pump\id_00\abnormal\00000078.wav
data/processed\00_abnormal_00000079.npy,00,abnormal,1,data/raw\pump\id_00\abnormal\00000079.wav
data/processed\00_abnormal_00000080.npy,00,abnormal,1,data/raw\pump\id_00\abnormal\00000080.wav
data/processed\00_abnormal_00000081.npy,00,abnormal,1,data/raw\pump\id_00\abnormal\00000081.wav
data/processed\00_abnormal_00000082.npy,00,abnormal,1,data/raw\pump\id_00\abnormal\00000082.wav
data/processed\00_abnormal_00000083.npy,00,abnormal,1,data/raw\pump\id_00\abnormal\00000083.wav
data/processed\00_abnormal_00000084.npy,00,abnormal,1,data/raw\pump\id_00\abnormal\00000084.wav
data/processed\00_abnormal_00000085.npy,00,abnormal,1,data/raw\pump\id_00\abnormal\00000085.wav
data/processed\00_abnormal_00000086.npy,00,abnormal,1,data/raw\pump\id_00\abnormal\00000086.wav
data/processed\00_abnormal_00000087.npy,00,abnormal,1,data/raw\pump\id_00\abnormal\00000087.wav
data/processed\00_abnormal_00000088.npy,00,abnormal,1,data/raw\pump\id_00\abnormal\00000088.wav
data/processed\00_abnormal_00000089.npy,00,abnormal,1,data/raw\pump\id_00\abnormal\00000089.wav
data/processed\00_abnormal_00000090.npy,00,abnormal,1,data/raw\pump\id_00\abnormal\00000090.wav
data/processed\00_abnormal_00000091.npy,00,abnormal,1,data/raw\pump\id_00\abnormal\00000091.wav
data/processed\00_abnormal_00000092.npy,00,abnormal,1,data/raw\pump\id_00\abnormal\00000092.wav
data/processed\00_abnormal_00000093.npy,00,abnormal,1,data/raw\pump\id_00\abnormal\00000093.wav
data/processed\00_abnormal_00000094.npy,00,abnormal,1,data/raw\pump\id_00\abnormal\00000094.wav
data/processed\00_abnormal_00000095.npy,00,abnormal,1,data/raw\pump\id_00\abnormal\00000095.wav
data/processed\00_abnormal_00000096.npy,00,abnormal,1,data/raw\pump\id_00\abnormal\00000096.wav
data/processed\00_abnormal_00000097.npy,00,abnormal,1,data/raw\pump\id_00\abnormal\00000097.wav
data/processed\00_abnormal_00000098.npy,00,abnormal,1,data/raw\pump\id_00\abnormal\00000098.wav
data/processed\00_abnormal_00000099.npy,00,abnormal,1,data/raw\pump\id_00\abnormal\00000099.wav
data/processed\00_abnormal_00000100.npy,00,abnormal,1,data/raw\pump\id_00\abnormal\00000100.wav
data/processed\00_abnormal_00000101.npy,00,abnormal,1,data/raw\pump\id_00\abnormal\00000101.wav
data/processed\00_abnormal_00000102.npy,00,abnormal,1,data/raw\pump\id_00\abnormal\00000102.wav
data/processed\00_abnormal_00000103.npy,00,abnormal,1,data/raw\pump\id_00\abnormal\00000103.wav
data/processed\00_abnormal_00000104.npy,00,abnormal,1,data/raw\pump\id_00\abnormal\00000104.wav
data/processed\00_abnormal_00000105.npy,00,abnormal,1,data/raw\pump\id_00\abnormal\00000105.wav
data/processed\00_abnormal_00000106.npy,00,abnormal,1,data/raw\pump\id_00\abnormal\00000106.wav
data/processed\00_abnormal_00000107.npy,00,abnormal,1,data/raw\pump\id_00\abnormal\00000107.wav
data/processed\00_abnormal_00000108.npy,00,abnormal,1,data/raw\pump\id_00\abnormal\00000108.wav
data/processed\00_abnormal_00000109.npy,00,abnormal,1,data/raw\pump\id_00\abnormal\00000109.wav
data/processed\00_abnormal_00000110.npy,00,abnormal,1,data/raw\pump\id_00\abnormal\00000110.wav
data/processed\00_abnormal_00000111.npy,00,abnormal,1,data/raw\pump\id_00\abnormal\00000111.wav
data/processed\00_abnormal_00000112.npy,00,abnormal,1,data/raw\pump\id_00\abnormal\00000112.wav
data/processed\00_abnormal_00000113.npy,00,abnormal,1,data/raw\pump\id_00\abnormal\00000113.wav
data/processed\00_abnormal_00000114.npy,00,abnormal,1,data/raw\pump\id_00\abnormal\00000114.wav
data/processed\00_abnormal_00000115.npy,00,abnormal,1,data/raw\pump\id_00\abnormal\00000115.wav
data/processed\00_abnormal_00000116.npy,00,abnormal,1,data/raw\pump\id_00\abnormal\00000116.wav
data/processed\00_abnormal_00000117.npy,00,abnormal,1,data/raw\pump\id_00\abnormal\00000117.wav
data/processed\00_abnormal_00000118.npy,00,abnormal,1,data/raw\pump\id_00\abnormal\00000118.wav
data/processed\00_abnormal_00000119.npy,00,abnormal,1,data/raw\pump\id_00\abnormal\00000119.wav
data/processed\00_abnormal_00000120.npy,00,abnormal,1,data/raw\pump\id_00\abnormal\00000120.wav
data/processed\00_abnormal_00000121.npy,00,abnormal,1,data/raw\pump\id_00\abnormal\00000121.wav
data/processed\00_abnormal_00000122.npy,00,abnormal,1,data/raw\pump\id_00\abnormal\00000122.wav
data/processed\00_abnormal_00000123.npy,00,abnormal,1,data/raw\pump\id_00\abnormal\00000123.wav
data/processed\00_abnormal_00000124.npy,00,abnormal,1,data/raw\pump\id_00\abnormal\00000124.wav
data/processed\00_abnormal_00000125.npy,00,abnormal,1,data/raw\pump\id_00\abnormal\00000125.wav
data/processed\00_abnormal_00000126.npy,00,abnormal,1,data/raw\pump\id_00\abnormal\00000126.wav
data/processed\00_abnormal_00000127.npy,00,abnormal,1,data/raw\pump\id_00\abnormal\00000127.wav
data/processed\00_abnormal_00000128.npy,00,abnormal,1,data/raw\pump\id_00\abnormal\00000128.wav
data/processed\00_abnormal_00000129.npy,00,abnormal,1,data/raw\pump\id_00\abnormal\00000129.wav
data/processed\00_abnormal_00000130.npy,00,abnormal,1,data/raw\pump\id_00\abnormal\00000130.wav
data/processed\00_abnormal_00000131.npy,00,abnormal,1,data/raw\pump\id_00\abnormal\00000131.wav
data/processed\00_abnormal_00000132.npy,00,abnormal,1,data/raw\pump\id_00\abnormal\00000132.wav
data/processed\00_abnormal_00000133.npy,00,abnormal,1,data/raw\pump\id_00\abnormal\00000133.wav
data/processed\00_abnormal_00000134.npy,00,abnormal,1,data/raw\pump\id_00\abnormal\00000134.wav
data/processed\00_abnormal_00000135.npy,00,abnormal,1,data/raw\pump\id_00\abnormal\00000135.wav
data/processed\00_abnormal_00000136.npy,00,abnormal,1,data/raw\pump\id_00\abnormal\00000136.wav
data/processed\00_abnormal_00000137.npy,00,abnormal,1,data/raw\pump\id_00\abnormal\00000137.wav
data/processed\00_abnormal_00000138.npy,00,abnormal,1,data/raw\pump\id_00\abnormal\00000138.wav
data/processed\00_abnormal_00000139.npy,00,abnormal,1,data/raw\pump\id_00\abnormal\00000139.wav
data/processed\00_abnormal_00000140.npy,00,abnormal,1,data/raw\pump\id_00\abnormal\00000140.wav
data/processed\00_abnormal_00000141.npy,00,abnormal,1,data/raw\pump\id_00\abnormal\00000141.wav
data/processed\00_abnormal_00000142.npy,00,abnormal,1,data/raw\pump\id_00\abnormal\00000142.wav
data/processed\00_normal_00000000.npy,00,normal,0,data/raw\pump\id_00\normal\00000000.wav
data/processed\00_normal_00000001.npy,00,normal,0,data/raw\pump\id_00\normal\00000001.wav
data/processed\00_normal_00000002.npy,00,normal,0,data/raw\pump\id_00\normal\00000002.wav
data/processed\00_normal_00000003.npy,00,normal,0,data/raw\pump\id_00\normal\00000003.wav
data/processed\00_normal_00000004.npy,00,normal,0,data/raw\pump\id_00\normal\00000004.wav
data/processed\00_normal_00000005.npy,00,normal,0,data/raw\pump\id_00\normal\00000005.wav
data/processed\00_normal_00000006.npy,00,normal,0,data/raw\pump\id_00\normal\00000006.wav
data/processed\00_normal_00000007.npy,00,normal,0,data/raw\pump\id_00\normal\00000007.wav
data/processed\00_normal_00000008.npy,00,normal,0,data/raw\pump\id_00\normal\00000008.wav
data/processed\00_normal_00000009.npy,00,normal,0,data/raw\pump\id_00\normal\00000009.wav
data/processed\00_normal_00000010.npy,00,normal,0,data/raw\pump\id_00\normal\00000010.wav
data/processed\00_normal_00000011.npy,00,normal,0,data/raw\pump\id_00\normal\00000011.wav
data/processed\00_normal_00000012.npy,00,normal,0,data/raw\pump\id_00\normal\00000012.wav
data/processed\00_normal_00000013.npy,00,normal,0,data/raw\pump\id_00\normal\00000013.wav
data/processed\00_normal_00000014.npy,00,normal,0,data/raw\pump\id_00\normal\00000014.wav
data/processed\00_normal_00000015.npy,00,normal,0,data/raw\pump\id_00\normal\00000015.wav
data/processed\00_normal_00000016.npy,00,normal,0,data/raw\pump\id_00\normal\00000016.wav
data/processed\00_normal_00000017.npy,00,normal,0,data/raw\pump\id_00\normal\00000017.wav
data/processed\00_normal_00000018.npy,00,normal,0,data/raw\pump\id_00\normal\00000018.wav
data/processed\00_normal_00000019.npy,00,normal,0,data/raw\pump\id_00\normal\00000019.wav
data/processed\00_normal_00000020.npy,00,normal,0,data/raw\pump\id_00\normal\00000020.wav
data/processed\00_normal_00000021.npy,00,normal,0,data/raw\pump\id_00\normal\00000021.wav
data/processed\00_normal_00000022.npy,00,normal,0,data/raw\pump\id_00\normal\00000022.wav
data/processed\00_normal_00000023.npy,00,normal,0,data/raw\pump\id_00\normal\00000023.wav
data/processed\00_normal_00000024.npy,00,normal,0,data/raw\pump\id_00\normal\00000024.wav
data/processed\00_normal_00000025.npy,00,normal,0,data/raw\pump\id_00\normal\00000025.wav
data/processed\00_normal_00000026.npy,00,normal,0,data/raw\pump\id_00\normal\00000026.wav
data/processed\00_normal_00000027.npy,00,normal,0,data/raw\pump\id_00\normal\00000027.wav
data/processed\00_normal_00000028.npy,00,normal,0,data/raw\pump\id_00\normal\00000028.wav
data/processed\00_normal_00000029.npy,00,normal,0,data/raw\pump\id_00\normal\00000029.wav
data/processed\00_normal_00000030.npy,00,normal,0,data/raw\pump\id_00\normal\00000030.wav
data/processed\00_normal_00000031.npy,00,normal,0,data/raw\pump\id_00\normal\00000031.wav
data/processed\00_normal_00000032.npy,00,normal,0,data/raw\pump\id_00\normal\00000032.wav
data/processed\00_normal_00000033.npy,00,normal,0,data/raw\pump\id_00\normal\00000033.wav
data/processed\00_normal_00000034.npy,00,normal,0,data/raw\pump\id_00\normal\00000034.wav
data/processed\00_normal_00000035.npy,00,normal,0,data/raw\pump\id_00\normal\00000035.wav
data/processed\00_normal_00000036.npy,00,normal,0,data/raw\pump\id_00\normal\00000036.wav
data/processed\00_normal_00000037.npy,00,normal,0,data/raw\pump\id_00\normal\00000037.wav
data/processed\00_normal_00000038.npy,00,normal,0,data/raw\pump\id_00\normal\00000038.wav
data/processed\00_normal_00000039.npy,00,normal,0,data/raw\pump\id_00\normal\00000039.wav
data/processed\00_normal_00000040.npy,00,normal,0,data/raw\pump\id_00\normal\00000040.wav
data/processed\00_normal_00000041.npy,00,normal,0,data/raw\pump\id_00\normal\00000041.wav
data/processed\00_normal_00000042.npy,00,normal,0,data/raw\pump\id_00\normal\00000042.wav
data/processed\00_normal_00000043.npy,00,normal,0,data/raw\pump\id_00\normal\00000043.wav
data/processed\00_normal_00000044.npy,00,normal,0,data/raw\pump\id_00\normal\00000044.wav
data/processed\00_normal_00000045.npy,00,normal,0,data/raw\pump\id_00\normal\00000045.wav
data/processed\00_normal_00000046.npy,00,normal,0,data/raw\pump\id_00\normal\00000046.wav
data/processed\00_normal_00000047.npy,00,normal,0,data/raw\pump\id_00\normal\00000047.wav
data/processed\00_normal_00000048.npy,00,normal,0,data/raw\pump\id_00\normal\00000048.wav
data/processed\00_normal_00000049.npy,00,normal,0,data/raw\pump\id_00\normal\00000049.wav
data/processed\00_normal_00000050.npy,00,normal,0,data/raw\pump\id_00\normal\00000050.wav
data/processed\00_normal_00000051.npy,00,normal,0,data/raw\pump\id_00\normal\00000051.wav
data/processed\00_normal_00000052.npy,00,normal,0,data/raw\pump\id_00\normal\00000052.wav
data/processed\00_normal_00000053.npy,00,normal,0,data/raw\pump\id_00\normal\00000053.wav
data/processed\00_normal_00000054.npy,00,normal,0,data/raw\pump\id_00\normal\00000054.wav
data/processed\00_normal_00000055.npy,00,normal,0,data/raw\pump\id_00\normal\00000055.wav
data/processed\00_normal_00000056.npy,00,normal,0,data/raw\pump\id_00\normal\00000056.wav
data/processed\00_normal_00000057.npy,00,normal,0,data/raw\pump\id_00\normal\00000057.wav
data/processed\00_normal_00000058.npy,00,normal,0,data/raw\pump\id_00\normal\00000058.wav
data/processed\00_normal_00000059.npy,00,normal,0,data/raw\pump\id_00\normal\00000059.wav
data/processed\00_normal_00000060.npy,00,normal,0,data/raw\pump\id_00\normal\00000060.wav
data/processed\00_normal_00000061.npy,00,normal,0,data/raw\pump\id_00\normal\00000061.wav
data/processed\00_normal_00000062.npy,00,normal,0,data/raw\pump\id_00\normal\00000062.wav
data/processed\00_normal_00000063.npy,00,normal,0,data/raw\pump\id_00\normal\00000063.wav
data/processed\00_normal_00000064.npy,00,normal,0,data/raw\pump\id_00\normal\00000064.wav
data/processed\00_normal_00000065.npy,00,normal,0,data/raw\pump\id_00\normal\00000065.wav
data/processed\00_normal_00000066.npy,00,normal,0,data/raw\pump\id_00\normal\00000066.wav
data/processed\00_normal_00000067.npy,00,normal,0,data/raw\pump\id_00\normal\00000067.wav
data/processed\00_normal_00000068.npy,00,normal,0,data/raw\pump\id_00\normal\00000068.wav
data/processed\00_normal_00000069.npy,00,normal,0,data/raw\pump\id_00\normal\00000069.wav
data/processed\00_normal_00000070.npy,00,normal,0,data/raw\pump\id_00\normal\00000070.wav
data/processed\00_normal_00000071.npy,00,normal,0,data/raw\pump\id_00\normal\00000071.wav
data/processed\00_normal_00000072.npy,00,normal,0,data/raw\pump\id_00\normal\00000072.wav
data/processed\00_normal_00000073.npy,00,normal,0,data/raw\pump\id_00\normal\00000073.wav
data/processed\00_normal_00000074.npy,00,normal,0,data/raw\pump\id_00\normal\00000074.wav
data/processed\00_normal_00000075.npy,00,normal,0,data/raw\pump\id_00\normal\00000075.wav
data/processed\00_normal_00000076.npy,00,normal,0,data/raw\pump\id_00\normal\00000076.wav
data/processed\00_normal_00000077.npy,00,normal,0,data/raw\pump\id_00\normal\00000077.wav
data/processed\00_normal_00000078.npy,00,normal,0,data/raw\pump\id_00\normal\00000078.wav
data/processed\00_normal_00000079.npy,00,normal,0,data/raw\pump\id_00\normal\00000079.wav
data/processed\00_normal_00000080.npy,00,normal,0,data/raw\pump\id_00\normal\00000080.wav
data/processed\00_normal_00000081.npy,00,normal,0,data/raw\pump\id_00\normal\00000081.wav
data/processed\00_normal_00000082.npy,00,normal,0,data/raw\pump\id_00\normal\00000082.wav
data/processed\00_normal_00000083.npy,00,normal,0,data/raw\pump\id_00\normal\00000083.wav
data/processed\00_normal_00000084.npy,00,normal,0,data/raw\pump\id_00\normal\00000084.wav
data/processed\00_normal_00000085.npy,00,normal,0,data/raw\pump\id_00\normal\00000085.wav
data/processed\00_normal_00000086.npy,00,normal,0,data/raw\pump\id_00\normal\00000086.wav
data/processed\00_normal_00000087.npy,00,normal,0,data/raw\pump\id_00\normal\00000087.wav
data/processed\00_normal_00000088.npy,00,normal,0,data/raw\pump\id_00\normal\00000088.wav
data/processed\00_normal_00000089.npy,00,normal,0,data/raw\pump\id_00\normal\00000089.wav
data/processed\00_normal_00000090.npy,00,normal,0,data/raw\pump\id_00\normal\00000090.wav
data/processed\00_normal_00000091.npy,00,normal,0,data/raw\pump\id_00\normal\00000091.wav
data/processed\00_normal_00000092.npy,00,normal,0,data/raw\pump\id_00\normal\00000092.wav
data/processed\00_normal_00000093.npy,00,normal,0,data/raw\pump\id_00\normal\00000093.wav
data/processed\00_normal_00000094.npy,00,normal,0,data/raw\pump\id_00\normal\00000094.wav
data/processed\00_normal_00000095.npy,00,normal,0,data/raw\pump\id_00\normal\00000095.wav
data/processed\00_normal_00000096.npy,00,normal,0,data/raw\pump\id_00\normal\00000096.wav
data/processed\00_normal_00000097.npy,00,normal,0,data/raw\pump\id_00\normal\00000097.wav
data/processed\00_normal_00000098.npy,00,normal,0,data/raw\pump\id_00\normal\00000098.wav
data/processed\00_normal_00000099.npy,00,normal,0,data/raw\pump\id_00\normal\00000099.wav
data/processed\00_normal_00000100.npy,00,normal,0,data/raw\pump\id_00\normal\00000100.wav
data/processed\00_normal_00000101.npy,00,normal,0,data/raw\pump\id_00\normal\00000101.wav
data/processed\00_normal_00000102.npy,00,normal,0,data/raw\pump\id_00\normal\00000102.wav
data/processed\00_normal_00000103.npy,00,normal,0,data/raw\pump\id_00\normal\00000103.wav
data/processed\00_normal_00000104.npy,00,normal,0,data/raw\pump\id_00\normal\00000104.wav
data/processed\00_normal_00000105.npy,00,normal,0,data/raw\pump\id_00\normal\00000105.wav
data/processed\00_normal_00000106.npy,00,normal,0,data/raw\pump\id_00\normal\00000106.wav
data/processed\00_normal_00000107.npy,00,normal,0,data/raw\pump\id_00\normal\00000107.wav
data/processed\00_normal_00000108.npy,00,normal,0,data/raw\pump\id_00\normal\00000108.wav
data/processed\00_normal_00000109.npy,00,normal,0,data/raw\pump\id_00\normal\00000109.wav
data/processed\00_normal_00000110.npy,00,normal,0,data/raw\pump\id_00\normal\00000110.wav
data/processed\00_normal_00000111.npy,00,normal,0,data/raw\pump\id_00\normal\00000111.wav
data/processed\00_normal_00000112.npy,00,normal,0,data/raw\pump\id_00\normal\00000112.wav
data/processed\00_normal_00000113.npy,00,normal,0,data/raw\pump\id_00\normal\00000113.wav
data/processed\00_normal_00000114.npy,00,normal,0,data/raw\pump\id_00\normal\00000114.wav
data/processed\00_normal_00000115.npy,00,normal,0,data/raw\pump\id_00\normal\00000115.wav
data/processed\00_normal_00000116.npy,00,normal,0,data/raw\pump\id_00\normal\00000116.wav
data/processed\00_normal_00000117.npy,00,normal,0,data/raw\pump\id_00\normal\00000117.wav
data/processed\00_normal_00000118.npy,00,normal,0,data/raw\pump\id_00\normal\00000118.wav
data/processed\00_normal_00000119.npy,00,normal,0,data/raw\pump\id_00\normal\00000119.wav
data/processed\00_normal_00000120.npy,00,normal,0,data/raw\pump\id_00\normal\00000120.wav
data/processed\00_normal_00000121.npy,00,normal,0,data/raw\pump\id_00\normal\00000121.wav
data/processed\00_normal_00000122.npy,00,normal,0,data/raw\pump\id_00\normal\00000122.wav
data/processed\00_normal_00000123.npy,00,normal,0,data/raw\pump\id_00\normal\00000123.wav
data/processed\00_normal_00000124.npy,00,normal,0,data/raw\pump\id_00\normal\00000124.wav
data/processed\00_normal_00000125.npy,00,normal,0,data/raw\pump\id_00\normal\00000125.wav
data/processed\00_normal_00000126.npy,00,normal,0,data/raw\pump\id_00\normal\00000126.wav
data/processed\00_normal_00000127.npy,00,normal,0,data/raw\pump\id_00\normal\00000127.wav
data/processed\00_normal_00000128.npy,00,normal,0,data/raw\pump\id_00\normal\00000128.wav
data/processed\00_normal_00000129.npy,00,normal,0,data/raw\pump\id_00\normal\00000129.wav
data/processed\00_normal_00000130.npy,00,normal,0,data/raw\pump\id_00\normal\00000130.wav
data/processed\00_normal_00000131.npy,00,normal,0,data/raw\pump\id_00\normal\00000131.wav
data/processed\00_normal_00000132.npy,00,normal,0,data/raw\pump\id_00\normal\00000132.wav
data/processed\00_normal_00000133.npy,00,normal,0,data/raw\pump\id_00\normal\00000133.wav
data/processed\00_normal_00000134.npy,00,normal,0,data/raw\pump\id_00\normal\00000134.wav
data/processed\00_normal_00000135.npy,00,normal,0,data/raw\pump\id_00\normal\00000135.wav
data/processed\00_normal_00000136.npy,00,normal,0,data/raw\pump\id_00\normal\00000136.wav
data/processed\00_normal_00000137.npy,00,normal,0,data/raw\pump\id_00\normal\00000137.wav
data/processed\00_normal_00000138.npy,00,normal,0,data/raw\pump\id_00\normal\00000138.wav
data/processed\00_normal_00000139.npy,00,normal,0,data/raw\pump\id_00\normal\00000139.wav
data/processed\00_normal_00000140.npy,00,normal,0,data/raw\pump\id_00\normal\00000140.wav
data/processed\00_normal_00000141.npy,00,normal,0,data/raw\pump\id_00\normal\00000141.wav
data/processed\00_normal_00000142.npy,00,normal,0,data/raw\pump\id_00\normal\00000142.wav
data/processed\00_normal_00000143.npy,00,normal,0,data/raw\pump\id_00\normal\00000143.wav
data/processed\00_normal_00000144.npy,00,normal,0,data/raw\pump\id_00\normal\00000144.wav
data/processed\00_normal_00000145.npy,00,normal,0,data/raw\pump\id_00\normal\00000145.wav
data/processed\00_normal_00000146.npy,00,normal,0,data/raw\pump\id_00\normal\00000146.wav
data/processed\00_normal_00000147.npy,00,normal,0,data/raw\pump\id_00\normal\00000147.wav
data/processed\00_normal_00000148.npy,00,normal,0,data/raw\pump\id_00\normal\00000148.wav
data/processed\00_normal_00000149.npy,00,normal,0,data/raw\pump\id_00\normal\00000149.wav
data/processed\00_normal_00000150.npy,00,normal,0,data/raw\pump\id_00\normal\00000150.wav
data/processed\00_normal_00000151.npy,00,normal,0,data/raw\pump\id_00\normal\00000151.wav
data/processed\00_normal_00000152.npy,00,normal,0,data/raw\pump\id_00\normal\00000152.wav
data/processed\00_normal_00000153.npy,00,normal,0,data/raw\pump\id_00\normal\00000153.wav
data/processed\00_normal_00000154.npy,00,normal,0,data/raw\pump\id_00\normal\00000154.wav
data/processed\00_normal_00000155.npy,00,normal,0,data/raw\pump\id_00\normal\00000155.wav
data/processed\00_normal_00000156.npy,00,normal,0,data/raw\pump\id_00\normal\00000156.wav
data/processed\00_normal_00000157.npy,00,normal,0,data/raw\pump\id_00\normal\00000157.wav
data/processed\00_normal_00000158.npy,00,normal,0,data/raw\pump\id_00\normal\00000158.wav
data/processed\00_normal_00000159.npy,00,normal,0,data/raw\pump\id_00\normal\00000159.wav
data/processed\00_normal_00000160.npy,00,normal,0,data/raw\pump\id_00\normal\00000160.wav
data/processed\00_normal_00000161.npy,00,normal,0,data/raw\pump\id_00\normal\00000161.wav
data/processed\00_normal_00000162.npy,00,normal,0,data/raw\pump\id_00\normal\00000162.wav
data/processed\00_normal_00000163.npy,00,normal,0,data/raw\pump\id_00\normal\00000163.wav
data/processed\00_normal_00000164.npy,00,normal,0,data/raw\pump\id_00\normal\00000164.wav
data/processed\00_normal_00000165.npy,00,normal,0,data/raw\pump\id_00\normal\00000165.wav
data/processed\00_normal_00000166.npy,00,normal,0,data/raw\pump\id_00\normal\00000166.wav
data/processed\00_normal_00000167.npy,00,normal,0,data/raw\pump\id_00\normal\00000167.wav
data/processed\00_normal_00000168.npy,00,normal,0,data/raw\pump\id_00\normal\00000168.wav
data/processed\00_normal_00000169.npy,00,normal,0,data/raw\pump\id_00\normal\00000169.wav
data/processed\00_normal_00000170.npy,00,normal,0,data/raw\pump\id_00\normal\00000170.wav
data/processed\00_normal_00000171.npy,00,normal,0,data/raw\pump\id_00\normal\00000171.wav
data/processed\00_normal_00000172.npy,00,normal,0,data/raw\pump\id_00\normal\00000172.wav
data/processed\00_normal_00000173.npy,00,normal,0,data/raw\pump\id_00\normal\00000173.wav
data/processed\00_normal_00000174.npy,00,normal,0,data/raw\pump\id_00\normal\00000174.wav
data/processed\00_normal_00000175.npy,00,normal,0,data/raw\pump\id_00\normal\00000175.wav
data/processed\00_normal_00000176.npy,00,normal,0,data/raw\pump\id_00\normal\00000176.wav
data/processed\00_normal_00000177.npy,00,normal,0,data/raw\pump\id_00\normal\00000177.wav
data/processed\00_normal_00000178.npy,00,normal,0,data/raw\pump\id_00\normal\00000178.wav
data/processed\00_normal_00000179.npy,00,normal,0,data/raw\pump\id_00\normal\00000179.wav
data/processed\00_normal_00000180.npy,00,normal,0,data/raw\pump\id_00\normal\00000180.wav
data/processed\00_normal_00000181.npy,00,normal,0,data/raw\pump\id_00\normal\00000181.wav
data/processed\00_normal_00000182.npy,00,normal,0,data/raw\pump\id_00\normal\00000182.wav
data/processed\00_normal_00000183.npy,00,normal,0,data/raw\pump\id_00\normal\00000183.wav
data/processed\00_normal_00000184.npy,00,normal,0,data/raw\pump\id_00\normal\00000184.wav
data/processed\00_normal_00000185.npy,00,normal,0,data/raw\pump\id_00\normal\00000185.wav
data/processed\00_normal_00000186.npy,00,normal,0,data/raw\pump\id_00\normal\00000186.wav
data/processed\00_normal_00000187.npy,00,normal,0,data/raw\pump\id_00\normal\00000187.wav
data/processed\00_normal_00000188.npy,00,normal,0,data/raw\pump\id_00\normal\00000188.wav
data/processed\00_normal_00000189.npy,00,normal,0,data/raw\pump\id_00\normal\00000189.wav
data/processed\00_normal_00000190.npy,00,normal,0,data/raw\pump\id_00\normal\00000190.wav
data/processed\00_normal_00000191.npy,00,normal,0,data/raw\pump\id_00\normal\00000191.wav
data/processed\00_normal_00000192.npy,00,normal,0,data/raw\pump\id_00\normal\00000192.wav
data/processed\00_normal_00000193.npy,00,normal,0,data/raw\pump\id_00\normal\00000193.wav
data/processed\00_normal_00000194.npy,00,normal,0,data/raw\pump\id_00\normal\00000194.wav
data/processed\00_normal_00000195.npy,00,normal,0,data/raw\pump\id_00\normal\00000195.wav
data/processed\00_normal_00000196.npy,00,normal,0,data/raw\pump\id_00\normal\00000196.wav
data/processed\00_normal_00000197.npy,00,normal,0,data/raw\pump\id_00\normal\00000197.wav
data/processed\00_normal_00000198.npy,00,normal,0,data/raw\pump\id_00\normal\00000198.wav
data/processed\00_normal_00000199.npy,00,normal,0,data/raw\pump\id_00\normal\00000199.wav
data/processed\00_normal_00000200.npy,00,normal,0,data/raw\pump\id_00\normal\00000200.wav
data/processed\00_normal_00000201.npy,00,normal,0,data/raw\pump\id_00\normal\00000201.wav
data/processed\00_normal_00000202.npy,00,normal,0,data/raw\pump\id_00\normal\00000202.wav
data/processed\00_normal_00000203.npy,00,normal,0,data/raw\pump\id_00\normal\00000203.wav
data/processed\00_normal_00000204.npy,00,normal,0,data/raw\pump\id_00\normal\00000204.wav
data/processed\00_normal_00000205.npy,00,normal,0,data/raw\pump\id_00\normal\00000205.wav
data/processed\00_normal_00000206.npy,00,normal,0,data/raw\pump\id_00\normal\00000206.wav
data/processed\00_normal_00000207.npy,00,normal,0,data/raw\pump\id_00\normal\00000207.wav
data/processed\00_normal_00000208.npy,00,normal,0,data/raw\pump\id_00\normal\00000208.wav
data/processed\00_normal_00000209.npy,00,normal,0,data/raw\pump\id_00\normal\00000209.wav
data/processed\00_normal_00000210.npy,00,normal,0,data/raw\pump\id_00\normal\00000210.wav
data/processed\00_normal_00000211.npy,00,normal,0,data/raw\pump\id_00\normal\00000211.wav
data/processed\00_normal_00000212.npy,00,normal,0,data/raw\pump\id_00\normal\00000212.wav
data/processed\00_normal_00000213.npy,00,normal,0,data/raw\pump\id_00\normal\00000213.wav
data/processed\00_normal_00000214.npy,00,normal,0,data/raw\pump\id_00\normal\00000214.wav
data/processed\00_normal_00000215.npy,00,normal,0,data/raw\pump\id_00\normal\00000215.wav
data/processed\00_normal_00000216.npy,00,normal,0,data/raw\pump\id_00\normal\00000216.wav
data/processed\00_normal_00000217.npy,00,normal,0,data/raw\pump\id_00\normal\00000217.wav
data/processed\00_normal_00000218.npy,00,normal,0,data/raw\pump\id_00\normal\00000218.wav
data/processed\00_normal_00000219.npy,00,normal,0,data/raw\pump\id_00\normal\00000219.wav
data/processed\00_normal_00000220.npy,00,normal,0,data/raw\pump\id_00\normal\00000220.wav
data/processed\00_normal_00000221.npy,00,normal,0,data/raw\pump\id_00\normal\00000221.wav
data/processed\00_normal_00000222.npy,00,normal,0,data/raw\pump\id_00\normal\00000222.wav
data/processed\00_normal_00000223.npy,00,normal,0,data/raw\pump\id_00\normal\00000223.wav
data/processed\00_normal_00000224.npy,00,normal,0,data/raw\pump\id_00\normal\00000224.wav
data/processed\00_normal_00000225.npy,00,normal,0,data/raw\pump\id_00\normal\00000225.wav
data/processed\00_normal_00000226.npy,00,normal,0,data/raw\pump\id_00\normal\00000226.wav
data/processed\00_normal_00000227.npy,00,normal,0,data/raw\pump\id_00\normal\00000227.wav
data/processed\00_normal_00000228.npy,00,normal,0,data/raw\pump\id_00\normal\00000228.wav
data/processed\00_normal_00000229.npy,00,normal,0,data/raw\pump\id_00\normal\00000229.wav
data/processed\00_normal_00000230.npy,00,normal,0,data/raw\pump\id_00\normal\00000230.wav
data/processed\00_normal_00000231.npy,00,normal,0,data/raw\pump\id_00\normal\00000231.wav
data/processed\00_normal_00000232.npy,00,normal,0,data/raw\pump\id_00\normal\00000232.wav
data/processed\00_normal_00000233.npy,00,normal,0,data/raw\pump\id_00\normal\00000233.wav
data/processed\00_normal_00000234.npy,00,normal,0,data/raw\pump\id_00\normal\00000234.wav
data/processed\00_normal_00000235.npy,00,normal,0,data/raw\pump\id_00\normal\00000235.wav
data/processed\00_normal_00000236.npy,00,normal,0,data/raw\pump\id_00\normal\00000236.wav
data/processed\00_normal_00000237.npy,00,normal,0,data/raw\pump\id_00\normal\00000237.wav
data/processed\00_normal_00000238.npy,00,normal,0,data/raw\pump\id_00\normal\00000238.wav
data/processed\00_normal_00000239.npy,00,normal,0,data/raw\pump\id_00\normal\00000239.wav
data/processed\00_normal_00000240.npy,00,normal,0,data/raw\pump\id_00\normal\00000240.wav
data/processed\00_normal_00000241.npy,00,normal,0,data/raw\pump\id_00\normal\00000241.wav
data/processed\00_normal_00000242.npy,00,normal,0,data/raw\pump\id_00\normal\00000242.wav
data/processed\00_normal_00000243.npy,00,normal,0,data/raw\pump\id_00\normal\00000243.wav
data/processed\00_normal_00000244.npy,00,normal,0,data/raw\pump\id_00\normal\00000244.wav
data/processed\00_normal_00000245.npy,00,normal,0,data/raw\pump\id_00\normal\00000245.wav
data/processed\00_normal_00000246.npy,00,normal,0,data/raw\pump\id_00\normal\00000246.wav
data/processed\00_normal_00000247.npy,00,normal,0,data/raw\pump\id_00\normal\00000247.wav
data/processed\00_normal_00000248.npy,00,normal,0,data/raw\pump\id_00\normal\00000248.wav
data/processed\00_normal_00000249.npy,00,normal,0,data/raw\pump\id_00\normal\00000249.wav
data/processed\00_normal_00000250.npy,00,normal,0,data/raw\pump\id_00\normal\00000250.wav
data/processed\00_normal_00000251.npy,00,normal,0,data/raw\pump\id_00\normal\00000251.wav
data/processed\00_normal_00000252.npy,00,normal,0,data/raw\pump\id_00\normal\00000252.wav
data/processed\00_normal_00000253.npy,00,normal,0,data/raw\pump\id_00\normal\00000253.wav
data/processed\00_normal_00000254.npy,00,normal,0,data/raw\pump\id_00\normal\00000254.wav
data/processed\00_normal_00000255.npy,00,normal,0,data/raw\pump\id_00\normal\00000255.wav
data/processed\00_normal_00000256.npy,00,normal,0,data/raw\pump\id_00\normal\00000256.wav
data/processed\00_normal_00000257.npy,00,normal,0,data/raw\pump\id_00\normal\00000257.wav
data/processed\00_normal_00000258.npy,00,normal,0,data/raw\pump\id_00\normal\00000258.wav
data/processed\00_normal_00000259.npy,00,normal,0,data/raw\pump\id_00\normal\00000259.wav
data/processed\00_normal_00000260.npy,00,normal,0,data/raw\pump\id_00\normal\00000260.wav
data/processed\00_normal_00000261.npy,00,normal,0,data/raw\pump\id_00\normal\00000261.wav
data/processed\00_normal_00000262.npy,00,normal,0,data/raw\pump\id_00\normal\00000262.wav
data/processed\00_normal_00000263.npy,00,normal,0,data/raw\pump\id_00\normal\00000263.wav
data/processed\00_normal_00000264.npy,00,normal,0,data/raw\pump\id_00\normal\00000264.wav
data/processed\00_normal_00000265.npy,00,normal,0,data/raw\pump\id_00\normal\00000265.wav
data/processed\00_normal_00000266.npy,00,normal,0,data/raw\pump\id_00\normal\00000266.wav
data/processed\00_normal_00000267.npy,00,normal,0,data/raw\pump\id_00\normal\00000267.wav
data/processed\00_normal_00000268.npy,00,normal,0,data/raw\pump\id_00\normal\00000268.wav
data/processed\00_normal_00000269.npy,00,normal,0,data/raw\pump\id_00\normal\00000269.wav
data/processed\00_normal_00000270.npy,00,normal,0,data/raw\pump\id_00\normal\00000270.wav
data/processed\00_normal_00000271.npy,00,normal,0,data/raw\pump\id_00\normal\00000271.wav
data/processed\00_normal_00000272.npy,00,normal,0,data/raw\pump\id_00\normal\00000272.wav
data/processed\00_normal_00000273.npy,00,normal,0,data/raw\pump\id_00\normal\00000273.wav
data/processed\00_normal_00000274.npy,00,normal,0,data/raw\pump\id_00\normal\00000274.wav
data/processed\00_normal_00000275.npy,00,normal,0,data/raw\pump\id_00\normal\00000275.wav
data/processed\00_normal_00000276.npy,00,normal,0,data/raw\pump\id_00\normal\00000276.wav
data/processed\00_normal_00000277.npy,00,normal,0,data/raw\pump\id_00\normal\00000277.wav
data/processed\00_normal_00000278.npy,00,normal,0,data/raw\pump\id_00\normal\00000278.wav
data/processed\00_normal_00000279.npy,00,normal,0,data/raw\pump\id_00\normal\00000279.wav
data/processed\00_normal_00000280.npy,00,normal,0,data/raw\pump\id_00\normal\00000280.wav
data/processed\00_normal_00000281.npy,00,normal,0,data/raw\pump\id_00\normal\00000281.wav
data/processed\00_normal_00000282.npy,00,normal,0,data/raw\pump\id_00\normal\00000282.wav
data/processed\00_normal_00000283.npy,00,normal,0,data/raw\pump\id_00\normal\00000283.wav
data/processed\00_normal_00000284.npy,00,normal,0,data/raw\pump\id_00\normal\00000284.wav
data/processed\00_normal_00000285.npy,00,normal,0,data/raw\pump\id_00\normal\00000285.wav
data/processed\00_normal_00000286.npy,00,normal,0,data/raw\pump\id_00\normal\00000286.wav
data/processed\00_normal_00000287.npy,00,normal,0,data/raw\pump\id_00\normal\00000287.wav
data/processed\00_normal_00000288.npy,00,normal,0,data/raw\pump\id_00\normal\00000288.wav
data/processed\00_normal_00000289.npy,00,normal,0,data/raw\pump\id_00\normal\00000289.wav
data/processed\00_normal_00000290.npy,00,normal,0,data/raw\pump\id_00\normal\00000290.wav
data/processed\00_normal_00000291.npy,00,normal,0,data/raw\pump\id_00\normal\00000291.wav
data/processed\00_normal_00000292.npy,00,normal,0,data/raw\pump\id_00\normal\00000292.wav
data/processed\00_normal_00000293.npy,00,normal,0,data/raw\pump\id_00\normal\00000293.wav
data/processed\00_normal_00000294.npy,00,normal,0,data/raw\pump\id_00\normal\00000294.wav
data/processed\00_normal_00000295.npy,00,normal,0,data/raw\pump\id_00\normal\00000295.wav
data/processed\00_normal_00000296.npy,00,normal,0,data/raw\pump\id_00\normal\00000296.wav
data/processed\00_normal_00000297.npy,00,normal,0,data/raw\pump\id_00\normal\00000297.wav
data/processed\00_normal_00000298.npy,00,normal,0,data/raw\pump\id_00\normal\00000298.wav
data/processed\00_normal_00000299.npy,00,normal,0,data/raw\pump\id_00\normal\00000299.wav
data/processed\00_normal_00000300.npy,00,normal,0,data/raw\pump\id_00\normal\00000300.wav
data/processed\00_normal_00000301.npy,00,normal,0,data/raw\pump\id_00\normal\00000301.wav
data/processed\00_normal_00000302.npy,00,normal,0,data/raw\pump\id_00\normal\00000302.wav
data/processed\00_normal_00000303.npy,00,normal,0,data/raw\pump\id_00\normal\00000303.wav
data/processed\00_normal_00000304.npy,00,normal,0,data/raw\pump\id_00\normal\00000304.wav
data/processed\00_normal_00000305.npy,00,normal,0,data/raw\pump\id_00\normal\00000305.wav
data/processed\00_normal_00000306.npy,00,normal,0,data/raw\pump\id_00\normal\00000306.wav
data/processed\00_normal_00000307.npy,00,normal,0,data/raw\pump\id_00\normal\00000307.wav
data/processed\00_normal_00000308.npy,00,normal,0,data/raw\pump\id_00\normal\00000308.wav
data/processed\00_normal_00000309.npy,00,normal,0,data/raw\pump\id_00\normal\00000309.wav
data/processed\00_normal_00000310.npy,00,normal,0,data/raw\pump\id_00\normal\00000310.wav
data/processed\00_normal_00000311.npy,00,normal,0,data/raw\pump\id_00\normal\00000311.wav
data/processed\00_normal_00000312.npy,00,normal,0,data/raw\pump\id_00\normal\00000312.wav
data/processed\00_normal_00000313.npy,00,normal,0,data/raw\pump\id_00\normal\00000313.wav
data/processed\00_normal_00000314.npy,00,normal,0,data/raw\pump\id_00\normal\00000314.wav
data/processed\00_normal_00000315.npy,00,normal,0,data/raw\pump\id_00\normal\00000315.wav
data/processed\00_normal_00000316.npy,00,normal,0,data/raw\pump\id_00\normal\00000316.wav
data/processed\00_normal_00000317.npy,00,normal,0,data/raw\pump\id_00\normal\00000317.wav
data/processed\00_normal_00000318.npy,00,normal,0,data/raw\pump\id_00\normal\00000318.wav
data/processed\00_normal_00000319.npy,00,normal,0,data/raw\pump\id_00\normal\00000319.wav
data/processed\00_normal_00000320.npy,00,normal,0,data/raw\pump\id_00\normal\00000320.wav
data/processed\00_normal_00000321.npy,00,normal,0,data/raw\pump\id_00\normal\00000321.wav
data/processed\00_normal_00000322.npy,00,normal,0,data/raw\pump\id_00\normal\00000322.wav
data/processed\00_normal_00000323.npy,00,normal,0,data/raw\pump\id_00\normal\00000323.wav
data/processed\00_normal_00000324.npy,00,normal,0,data/raw\pump\id_00\normal\00000324.wav
data/processed\00_normal_00000325.npy,00,normal,0,data/raw\pump\id_00\normal\00000325.wav
data/processed\00_normal_00000326.npy,00,normal,0,data/raw\pump\id_00\normal\00000326.wav
data/processed\00_normal_00000327.npy,00,normal,0,data/raw\pump\id_00\normal\00000327.wav
data/processed\00_normal_00000328.npy,00,normal,0,data/raw\pump\id_00\normal\00000328.wav
data/processed\00_normal_00000329.npy,00,normal,0,data/raw\pump\id_00\normal\00000329.wav
data/processed\00_normal_00000330.npy,00,normal,0,data/raw\pump\id_00\normal\00000330.wav
data/processed\00_normal_00000331.npy,00,normal,0,data/raw\pump\id_00\normal\00000331.wav
data/processed\00_normal_00000332.npy,00,normal,0,data/raw\pump\id_00\normal\00000332.wav
data/processed\00_normal_00000333.npy,00,normal,0,data/raw\pump\id_00\normal\00000333.wav
data/processed\00_normal_00000334.npy,00,normal,0,data/raw\pump\id_00\normal\00000334.wav
data/processed\00_normal_00000335.npy,00,normal,0,data/raw\pump\id_00\normal\00000335.wav
data/processed\00_normal_00000336.npy,00,normal,0,data/raw\pump\id_00\normal\00000336.wav
data/processed\00_normal_00000337.npy,00,normal,0,data/raw\pump\id_00\normal\00000337.wav
data/processed\00_normal_00000338.npy,00,normal,0,data/raw\pump\id_00\normal\00000338.wav
data/processed\00_normal_00000339.npy,00,normal,0,data/raw\pump\id_00\normal\00000339.wav
data/processed\00_normal_00000340.npy,00,normal,0,data/raw\pump\id_00\normal\00000340.wav
data/processed\00_normal_00000341.npy,00,normal,0,data/raw\pump\id_00\normal\00000341.wav
data/processed\00_normal_00000342.npy,00,normal,0,data/raw\pump\id_00\normal\00000342.wav
data/processed\00_normal_00000343.npy,00,normal,0,data/raw\pump\id_00\normal\00000343.wav
data/processed\00_normal_00000344.npy,00,normal,0,data/raw\pump\id_00\normal\00000344.wav
data/processed\00_normal_00000345.npy,00,normal,0,data/raw\pump\id_00\normal\00000345.wav
data/processed\00_normal_00000346.npy,00,normal,0,data/raw\pump\id_00\normal\00000346.wav
data/processed\00_normal_00000347.npy,00,normal,0,data/raw\pump\id_00\normal\00000347.wav
data/processed\00_normal_00000348.npy,00,normal,0,data/raw\pump\id_00\normal\00000348.wav
data/processed\00_normal_00000349.npy,00,normal,0,data/raw\pump\id_00\normal\00000349.wav
data/processed\00_normal_00000350.npy,00,normal,0,data/raw\pump\id_00\normal\00000350.wav
data/processed\00_normal_00000351.npy,00,normal,0,data/raw\pump\id_00\normal\00000351.wav
data/processed\00_normal_00000352.npy,00,normal,0,data/raw\pump\id_00\normal\00000352.wav
data/processed\00_normal_00000353.npy,00,normal,0,data/raw\pump\id_00\normal\00000353.wav
data/processed\00_normal_00000354.npy,00,normal,0,data/raw\pump\id_00\normal\00000354.wav
data/processed\00_normal_00000355.npy,00,normal,0,data/raw\pump\id_00\normal\00000355.wav
data/processed\00_normal_00000356.npy,00,normal,0,data/raw\pump\id_00\normal\00000356.wav
data/processed\00_normal_00000357.npy,00,normal,0,data/raw\pump\id_00\normal\00000357.wav
data/processed\00_normal_00000358.npy,00,normal,0,data/raw\pump\id_00\normal\00000358.wav
data/processed\00_normal_00000359.npy,00,normal,0,data/raw\pump\id_00\normal\00000359.wav
data/processed\00_normal_00000360.npy,00,normal,0,data/raw\pump\id_00\normal\00000360.wav
data/processed\00_normal_00000361.npy,00,normal,0,data/raw\pump\id_00\normal\00000361.wav
data/processed\00_normal_00000362.npy,00,normal,0,data/raw\pump\id_00\normal\00000362.wav
data/processed\00_normal_00000363.npy,00,normal,0,data/raw\pump\id_00\normal\00000363.wav
data/processed\00_normal_00000364.npy,00,normal,0,data/raw\pump\id_00\normal\00000364.wav
data/processed\00_normal_00000365.npy,00,normal,0,data/raw\pump\id_00\normal\00000365.wav
data/processed\00_normal_00000366.npy,00,normal,0,data/raw\pump\id_00\normal\00000366.wav
data/processed\00_normal_00000367.npy,00,normal,0,data/raw\pump\id_00\normal\00000367.wav
data/processed\00_normal_00000368.npy,00,normal,0,data/raw\pump\id_00\normal\00000368.wav
data/processed\00_normal_00000369.npy,00,normal,0,data/raw\pump\id_00\normal\00000369.wav
data/processed\00_normal_00000370.npy,00,normal,0,data/raw\pump\id_00\normal\00000370.wav
data/processed\00_normal_00000371.npy,00,normal,0,data/raw\pump\id_00\normal\00000371.wav
data/processed\00_normal_00000372.npy,00,normal,0,data/raw\pump\id_00\normal\00000372.wav
data/processed\00_normal_00000373.npy,00,normal,0,data/raw\pump\id_00\normal\00000373.wav
data/processed\00_normal_00000374.npy,00,normal,0,data/raw\pump\id_00\normal\00000374.wav
data/processed\00_normal_00000375.npy,00,normal,0,data/raw\pump\id_00\normal\00000375.wav
data/processed\00_normal_00000376.npy,00,normal,0,data/raw\pump\id_00\normal\00000376.wav
data/processed\00_normal_00000377.npy,00,normal,0,data/raw\pump\id_00\normal\00000377.wav
data/processed\00_normal_00000378.npy,00,normal,0,data/raw\pump\id_00\normal\00000378.wav
data/processed\00_normal_00000379.npy,00,normal,0,data/raw\pump\id_00\normal\00000379.wav
data/processed\00_normal_00000380.npy,00,normal,0,data/raw\pump\id_00\normal\00000380.wav
data/processed\00_normal_00000381.npy,00,normal,0,data/raw\pump\id_00\normal\00000381.wav
data/processed\00_normal_00000382.npy,00,normal,0,data/raw\pump\id_00\normal\00000382.wav
data/processed\00_normal_00000383.npy,00,normal,0,data/raw\pump\id_00\normal\00000383.wav
data/processed\00_normal_00000384.npy,00,normal,0,data/raw\pump\id_00\normal\00000384.wav
data/processed\00_normal_00000385.npy,00,normal,0,data/raw\pump\id_00\normal\00000385.wav
data/processed\00_normal_00000386.npy,00,normal,0,data/raw\pump\id_00\normal\00000386.wav
data/processed\00_normal_00000387.npy,00,normal,0,data/raw\pump\id_00\normal\00000387.wav
data/processed\00_normal_00000388.npy,00,normal,0,data/raw\pump\id_00\normal\00000388.wav
data/processed\00_normal_00000389.npy,00,normal,0,data/raw\pump\id_00\normal\00000389.wav
data/processed\00_normal_00000390.npy,00,normal,0,data/raw\pump\id_00\normal\00000390.wav
data/processed\00_normal_00000391.npy,00,normal,0,data/raw\pump\id_00\normal\00000391.wav
data/processed\00_normal_00000392.npy,00,normal,0,data/raw\pump\id_00\normal\00000392.wav
data/processed\00_normal_00000393.npy,00,normal,0,data/raw\pump\id_00\normal\00000393.wav
data/processed\00_normal_00000394.npy,00,normal,0,data/raw\pump\id_00\normal\00000394.wav
data/processed\00_normal_00000395.npy,00,normal,0,data/raw\pump\id_00\normal\00000395.wav
data/processed\00_normal_00000396.npy,00,normal,0,data/raw\pump\id_00\normal\00000396.wav
data/processed\00_normal_00000397.npy,00,normal,0,data/raw\pump\id_00\normal\00000397.wav
data/processed\00_normal_00000398.npy,00,normal,0,data/raw\pump\id_00\normal\00000398.wav
data/processed\00_normal_00000399.npy,00,normal,0,data/raw\pump\id_00\normal\00000399.wav
data/processed\00_normal_00000400.npy,00,normal,0,data/raw\pump\id_00\normal\00000400.wav
data/processed\00_normal_00000401.npy,00,normal,0,data/raw\pump\id_00\normal\00000401.wav
data/processed\00_normal_00000402.npy,00,normal,0,data/raw\pump\id_00\normal\00000402.wav
data/processed\00_normal_00000403.npy,00,normal,0,data/raw\pump\id_00\normal\00000403.wav
data/processed\00_normal_00000404.npy,00,normal,0,data/raw\pump\id_00\normal\00000404.wav
data/processed\00_normal_00000405.npy,00,normal,0,data/raw\pump\id_00\normal\00000405.wav
data/processed\00_normal_00000406.npy,00,normal,0,data/raw\pump\id_00\normal\00000406.wav
data/processed\00_normal_00000407.npy,00,normal,0,data/raw\pump\id_00\normal\00000407.wav
data/processed\00_normal_00000408.npy,00,normal,0,data/raw\pump\id_00\normal\00000408.wav
data/processed\00_normal_00000409.npy,00,normal,0,data/raw\pump\id_00\normal\00000409.wav
data/processed\00_normal_00000410.npy,00,normal,0,data/raw\pump\id_00\normal\00000410.wav
data/processed\00_normal_00000411.npy,00,normal,0,data/raw\pump\id_00\normal\00000411.wav
data/processed\00_normal_00000412.npy,00,normal,0,data/raw\pump\id_00\normal\00000412.wav
data/processed\00_normal_00000413.npy,00,normal,0,data/raw\pump\id_00\normal\00000413.wav
data/processed\00_normal_00000414.npy,00,normal,0,data/raw\pump\id_00\normal\00000414.wav
data/processed\00_normal_00000415.npy,00,normal,0,data/raw\pump\id_00\normal\00000415.wav
data/processed\00_normal_00000416.npy,00,normal,0,data/raw\pump\id_00\normal\00000416.wav
data/processed\00_normal_00000417.npy,00,normal,0,data/raw\pump\id_00\normal\00000417.wav
data/processed\00_normal_00000418.npy,00,normal,0,data/raw\pump\id_00\normal\00000418.wav
data/processed\00_normal_00000419.npy,00,normal,0,data/raw\pump\id_00\normal\00000419.wav
data/processed\00_normal_00000420.npy,00,normal,0,data/raw\pump\id_00\normal\00000420.wav
data/processed\00_normal_00000421.npy,00,normal,0,data/raw\pump\id_00\normal\00000421.wav
data/processed\00_normal_00000422.npy,00,normal,0,data/raw\pump\id_00\normal\00000422.wav
data/processed\00_normal_00000423.npy,00,normal,0,data/raw\pump\id_00\normal\00000423.wav
data/processed\00_normal_00000424.npy,00,normal,0,data/raw\pump\id_00\normal\00000424.wav
data/processed\00_normal_00000425.npy,00,normal,0,data/raw\pump\id_00\normal\00000425.wav
data/processed\00_normal_00000426.npy,00,normal,0,data/raw\pump\id_00\normal\00000426.wav
data/processed\00_normal_00000427.npy,00,normal,0,data/raw\pump\id_00\normal\00000427.wav
data/processed\00_normal_00000428.npy,00,normal,0,data/raw\pump\id_00\normal\00000428.wav
data/processed\00_normal_00000429.npy,00,normal,0,data/raw\pump\id_00\normal\00000429.wav
data/processed\00_normal_00000430.npy,00,normal,0,data/raw\pump\id_00\normal\00000430.wav
data/processed\00_normal_00000431.npy,00,normal,0,data/raw\pump\id_00\normal\00000431.wav
data/processed\00_normal_00000432.npy,00,normal,0,data/raw\pump\id_00\normal\00000432.wav
data/processed\00_normal_00000433.npy,00,normal,0,data/raw\pump\id_00\normal\00000433.wav
data/processed\00_normal_00000434.npy,00,normal,0,data/raw\pump\id_00\normal\00000434.wav
data/processed\00_normal_00000435.npy,00,normal,0,data/raw\pump\id_00\normal\00000435.wav
data/processed\00_normal_00000436.npy,00,normal,0,data/raw\pump\id_00\normal\00000436.wav
data/processed\00_normal_00000437.npy,00,normal,0,data/raw\pump\id_00\normal\00000437.wav
data/processed\00_normal_00000438.npy,00,normal,0,data/raw\pump\id_00\normal\00000438.wav
data/processed\00_normal_00000439.npy,00,normal,0,data/raw\pump\id_00\normal\00000439.wav
data/processed\00_normal_00000440.npy,00,normal,0,data/raw\pump\id_00\normal\00000440.wav
data/processed\00_normal_00000441.npy,00,normal,0,data/raw\pump\id_00\normal\00000441.wav
data/processed\00_normal_00000442.npy,00,normal,0,data/raw\pump\id_00\normal\00000442.wav
data/processed\00_normal_00000443.npy,00,normal,0,data/raw\pump\id_00\normal\00000443.wav
data/processed\00_normal_00000444.npy,00,normal,0,data/raw\pump\id_00\normal\00000444.wav
data/processed\00_normal_00000445.npy,00,normal,0,data/raw\pump\id_00\normal\00000445.wav
data/processed\00_normal_00000446.npy,00,normal,0,data/raw\pump\id_00\normal\00000446.wav
data/processed\00_normal_00000447.npy,00,normal,0,data/raw\pump\id_00\normal\00000447.wav
data/processed\00_normal_00000448.npy,00,normal,0,data/raw\pump\id_00\normal\00000448.wav
data/processed\00_normal_00000449.npy,00,normal,0,data/raw\pump\id_00\normal\00000449.wav
data/processed\00_normal_00000450.npy,00,normal,0,data/raw\pump\id_00\normal\00000450.wav
data/processed\00_normal_00000451.npy,00,normal,0,data/raw\pump\id_00\normal\00000451.wav
data/processed\00_normal_00000452.npy,00,normal,0,data/raw\pump\id_00\normal\00000452.wav
data/processed\00_normal_00000453.npy,00,normal,0,data/raw\pump\id_00\normal\00000453.wav
data/processed\00_normal_00000454.npy,00,normal,0,data/raw\pump\id_00\normal\00000454.wav
data/processed\00_normal_00000455.npy,00,normal,0,data/raw\pump\id_00\normal\00000455.wav
data/processed\00_normal_00000456.npy,00,normal,0,data/raw\pump\id_00\normal\00000456.wav
data/processed\00_normal_00000457.npy,00,normal,0,data/raw\pump\id_00\normal\00000457.wav
data/processed\00_normal_00000458.npy,00,normal,0,data/raw\pump\id_00\normal\00000458.wav
data/processed\00_normal_00000459.npy,00,normal,0,data/raw\pump\id_00\normal\00000459.wav
data/processed\00_normal_00000460.npy,00,normal,0,data/raw\pump\id_00\normal\00000460.wav
data/processed\00_normal_00000461.npy,00,normal,0,data/raw\pump\id_00\normal\00000461.wav
data/processed\00_normal_00000462.npy,00,normal,0,data/raw\pump\id_00\normal\00000462.wav
data/processed\00_normal_00000463.npy,00,normal,0,data/raw\pump\id_00\normal\00000463.wav
data/processed\00_normal_00000464.npy,00,normal,0,data/raw\pump\id_00\normal\00000464.wav
data/processed\00_normal_00000465.npy,00,normal,0,data/raw\pump\id_00\normal\00000465.wav
data/processed\00_normal_00000466.npy,00,normal,0,data/raw\pump\id_00\normal\00000466.wav
data/processed\00_normal_00000467.npy,00,normal,0,data/raw\pump\id_00\normal\00000467.wav
data/processed\00_normal_00000468.npy,00,normal,0,data/raw\pump\id_00\normal\00000468.wav
data/processed\00_normal_00000469.npy,00,normal,0,data/raw\pump\id_00\normal\00000469.wav
data/processed\00_normal_00000470.npy,00,normal,0,data/raw\pump\id_00\normal\00000470.wav
data/processed\00_normal_00000471.npy,00,normal,0,data/raw\pump\id_00\normal\00000471.wav
data/processed\00_normal_00000472.npy,00,normal,0,data/raw\pump\id_00\normal\00000472.wav
data/processed\00_normal_00000473.npy,00,normal,0,data/raw\pump\id_00\normal\00000473.wav
data/processed\00_normal_00000474.npy,00,normal,0,data/raw\pump\id_00\normal\00000474.wav
data/processed\00_normal_00000475.npy,00,normal,0,data/raw\pump\id_00\normal\00000475.wav
data/processed\00_normal_00000476.npy,00,normal,0,data/raw\pump\id_00\normal\00000476.wav
data/processed\00_normal_00000477.npy,00,normal,0,data/raw\pump\id_00\normal\00000477.wav
data/processed\00_normal_00000478.npy,00,normal,0,data/raw\pump\id_00\normal\00000478.wav
data/processed\00_normal_00000479.npy,00,normal,0,data/raw\pump\id_00\normal\00000479.wav
data/processed\00_normal_00000480.npy,00,normal,0,data/raw\pump\id_00\normal\00000480.wav
data/processed\00_normal_00000481.npy,00,normal,0,data/raw\pump\id_00\normal\00000481.wav
data/processed\00_normal_00000482.npy,00,normal,0,data/raw\pump\id_00\normal\00000482.wav
data/processed\00_normal_00000483.npy,00,normal,0,data/raw\pump\id_00\normal\00000483.wav
data/processed\00_normal_00000484.npy,00,normal,0,data/raw\pump\id_00\normal\00000484.wav
data/processed\00_normal_00000485.npy,00,normal,0,data/raw\pump\id_00\normal\00000485.wav
data/processed\00_normal_00000486.npy,00,normal,0,data/raw\pump\id_00\normal\00000486.wav
data/processed\00_normal_00000487.npy,00,normal,0,data/raw\pump\id_00\normal\00000487.wav
data/processed\00_normal_00000488.npy,00,normal,0,data/raw\pump\id_00\normal\00000488.wav
data/processed\00_normal_00000489.npy,00,normal,0,data/raw\pump\id_00\normal\00000489.wav
data/processed\00_normal_00000490.npy,00,normal,0,data/raw\pump\id_00\normal\00000490.wav
data/processed\00_normal_00000491.npy,00,normal,0,data/raw\pump\id_00\normal\00000491.wav
data/processed\00_normal_00000492.npy,00,normal,0,data/raw\pump\id_00\normal\00000492.wav
data/processed\00_normal_00000493.npy,00,normal,0,data/raw\pump\id_00\normal\00000493.wav
data/processed\00_normal_00000494.npy,00,normal,0,data/raw\pump\id_00\normal\00000494.wav
data/processed\00_normal_00000495.npy,00,normal,0,data/raw\pump\id_00\normal\00000495.wav
data/processed\00_normal_00000496.npy,00,normal,0,data/raw\pump\id_00\normal\00000496.wav
data/processed\00_normal_00000497.npy,00,normal,0,data/raw\pump\id_00\normal\00000497.wav
data/processed\00_normal_00000498.npy,00,normal,0,data/raw\pump\id_00\normal\00000498.wav
data/processed\00_normal_00000499.npy,00,normal,0,data/raw\pump\id_00\normal\00000499.wav
data/processed\00_normal_00000500.npy,00,normal,0,data/raw\pump\id_00\normal\00000500.wav
data/processed\00_normal_00000501.npy,00,normal,0,data/raw\pump\id_00\normal\00000501.wav
data/processed\00_normal_00000502.npy,00,normal,0,data/raw\pump\id_00\normal\00000502.wav
data/processed\00_normal_00000503.npy,00,normal,0,data/raw\pump\id_00\normal\00000503.wav
data/processed\00_normal_00000504.npy,00,normal,0,data/raw\pump\id_00\normal\00000504.wav
data/processed\00_normal_00000505.npy,00,normal,0,data/raw\pump\id_00\normal\00000505.wav
data/processed\00_normal_00000506.npy,00,normal,0,data/raw\pump\id_00\normal\00000506.wav
data/processed\00_normal_00000507.npy,00,normal,0,data/raw\pump\id_00\normal\00000507.wav
data/processed\00_normal_00000508.npy,00,normal,0,data/raw\pump\id_00\normal\00000508.wav
data/processed\00_normal_00000509.npy,00,normal,0,data/raw\pump\id_00\normal\00000509.wav
data/processed\00_normal_00000510.npy,00,normal,0,data/raw\pump\id_00\normal\00000510.wav
data/processed\00_normal_00000511.npy,00,normal,0,data/raw\pump\id_00\normal\00000511.wav
data/processed\00_normal_00000512.npy,00,normal,0,data/raw\pump\id_00\normal\00000512.wav
data/processed\00_normal_00000513.npy,00,normal,0,data/raw\pump\id_00\normal\00000513.wav
data/processed\00_normal_00000514.npy,00,normal,0,data/raw\pump\id_00\normal\00000514.wav
data/processed\00_normal_00000515.npy,00,normal,0,data/raw\pump\id_00\normal\00000515.wav
data/processed\00_normal_00000516.npy,00,normal,0,data/raw\pump\id_00\normal\00000516.wav
data/processed\00_normal_00000517.npy,00,normal,0,data/raw\pump\id_00\normal\00000517.wav
data/processed\00_normal_00000518.npy,00,normal,0,data/raw\pump\id_00\normal\00000518.wav
data/processed\00_normal_00000519.npy,00,normal,0,data/raw\pump\id_00\normal\00000519.wav
data/processed\00_normal_00000520.npy,00,normal,0,data/raw\pump\id_00\normal\00000520.wav
data/processed\00_normal_00000521.npy,00,normal,0,data/raw\pump\id_00\normal\00000521.wav
data/processed\00_normal_00000522.npy,00,normal,0,data/raw\pump\id_00\normal\00000522.wav
data/processed\00_normal_00000523.npy,00,normal,0,data/raw\pump\id_00\normal\00000523.wav
data/processed\00_normal_00000524.npy,00,normal,0,data/raw\pump\id_00\normal\00000524.wav
data/processed\00_normal_00000525.npy,00,normal,0,data/raw\pump\id_00\normal\00000525.wav
data/processed\00_normal_00000526.npy,00,normal,0,data/raw\pump\id_00\normal\00000526.wav
data/processed\00_normal_00000527.npy,00,normal,0,data/raw\pump\id_00\normal\00000527.wav
data/processed\00_normal_00000528.npy,00,normal,0,data/raw\pump\id_00\normal\00000528.wav
data/processed\00_normal_00000529.npy,00,normal,0,data/raw\pump\id_00\normal\00000529.wav
data/processed\00_normal_00000530.npy,00,normal,0,data/raw\pump\id_00\normal\00000530.wav
data/processed\00_normal_00000531.npy,00,normal,0,data/raw\pump\id_00\normal\00000531.wav
data/processed\00_normal_00000532.npy,00,normal,0,data/raw\pump\id_00\normal\00000532.wav
data/processed\00_normal_00000533.npy,00,normal,0,data/raw\pump\id_00\normal\00000533.wav
data/processed\00_normal_00000534.npy,00,normal,0,data/raw\pump\id_00\normal\00000534.wav
data/processed\00_normal_00000535.npy,00,normal,0,data/raw\pump\id_00\normal\00000535.wav
data/processed\00_normal_00000536.npy,00,normal,0,data/raw\pump\id_00\normal\00000536.wav
data/processed\00_normal_00000537.npy,00,normal,0,data/raw\pump\id_00\normal\00000537.wav
data/processed\00_normal_00000538.npy,00,normal,0,data/raw\pump\id_00\normal\00000538.wav
data/processed\00_normal_00000539.npy,00,normal,0,data/raw\pump\id_00\normal\00000539.wav
data/processed\00_normal_00000540.npy,00,normal,0,data/raw\pump\id_00\normal\00000540.wav
data/processed\00_normal_00000541.npy,00,normal,0,data/raw\pump\id_00\normal\00000541.wav
data/processed\00_normal_00000542.npy,00,normal,0,data/raw\pump\id_00\normal\00000542.wav
data/processed\00_normal_00000543.npy,00,normal,0,data/raw\pump\id_00\normal\00000543.wav
data/processed\00_normal_00000544.npy,00,normal,0,data/raw\pump\id_00\normal\00000544.wav
data/processed\00_normal_00000545.npy,00,normal,0,data/raw\pump\id_00\normal\00000545.wav
data/processed\00_normal_00000546.npy,00,normal,0,data/raw\pump\id_00\normal\00000546.wav
data/processed\00_normal_00000547.npy,00,normal,0,data/raw\pump\id_00\normal\00000547.wav
data/processed\00_normal_00000548.npy,00,normal,0,data/raw\pump\id_00\normal\00000548.wav
data/processed\00_normal_00000549.npy,00,normal,0,data/raw\pump\id_00\normal\00000549.wav
data/processed\00_normal_00000550.npy,00,normal,0,data/raw\pump\id_00\normal\00000550.wav
data/processed\00_normal_00000551.npy,00,normal,0,data/raw\pump\id_00\normal\00000551.wav
data/processed\00_normal_00000552.npy,00,normal,0,data/raw\pump\id_00\normal\00000552.wav
data/processed\00_normal_00000553.npy,00,normal,0,data/raw\pump\id_00\normal\00000553.wav
data/processed\00_normal_00000554.npy,00,normal,0,data/raw\pump\id_00\normal\00000554.wav
data/processed\00_normal_00000555.npy,00,normal,0,data/raw\pump\id_00\normal\00000555.wav
data/processed\00_normal_00000556.npy,00,normal,0,data/raw\pump\id_00\normal\00000556.wav
data/processed\00_normal_00000557.npy,00,normal,0,data/raw\pump\id_00\normal\00000557.wav
data/processed\00_normal_00000558.npy,00,normal,0,data/raw\pump\id_00\normal\00000558.wav
data/processed\00_normal_00000559.npy,00,normal,0,data/raw\pump\id_00\normal\00000559.wav
data/processed\00_normal_00000560.npy,00,normal,0,data/raw\pump\id_00\normal\00000560.wav
data/processed\00_normal_00000561.npy,00,normal,0,data/raw\pump\id_00\normal\00000561.wav
data/processed\00_normal_00000562.npy,00,normal,0,data/raw\pump\id_00\normal\00000562.wav
data/processed\00_normal_00000563.npy,00,normal,0,data/raw\pump\id_00\normal\00000563.wav
data/processed\00_normal_00000564.npy,00,normal,0,data/raw\pump\id_00\normal\00000564.wav
data/processed\00_normal_00000565.npy,00,normal,0,data/raw\pump\id_00\normal\00000565.wav
data/processed\00_normal_00000566.npy,00,normal,0,data/raw\pump\id_00\normal\00000566.wav
data/processed\00_normal_00000567.npy,00,normal,0,data/raw\pump\id_00\normal\00000567.wav
data/processed\00_normal_00000568.npy,00,normal,0,data/raw\pump\id_00\normal\00000568.wav
data/processed\00_normal_00000569.npy,00,normal,0,data/raw\pump\id_00\normal\00000569.wav
data/processed\00_normal_00000570.npy,00,normal,0,data/raw\pump\id_00\normal\00000570.wav
data/processed\00_normal_00000571.npy,00,normal,0,data/raw\pump\id_00\normal\00000571.wav
data/processed\00_normal_00000572.npy,00,normal,0,data/raw\pump\id_00\normal\00000572.wav
data/processed\00_normal_00000573.npy,00,normal,0,data/raw\pump\id_00\normal\00000573.wav
data/processed\00_normal_00000574.npy,00,normal,0,data/raw\pump\id_00\normal\00000574.wav
data/processed\00_normal_00000575.npy,00,normal,0,data/raw\pump\id_00\normal\00000575.wav
data/processed\00_normal_00000576.npy,00,normal,0,data/raw\pump\id_00\normal\00000576.wav
data/processed\00_normal_00000577.npy,00,normal,0,data/raw\pump\id_00\normal\00000577.wav
data/processed\00_normal_00000578.npy,00,normal,0,data/raw\pump\id_00\normal\00000578.wav
data/processed\00_normal_00000579.npy,00,normal,0,data/raw\pump\id_00\normal\00000579.wav
data/processed\00_normal_00000580.npy,00,normal,0,data/raw\pump\id_00\normal\00000580.wav
data/processed\00_normal_00000581.npy,00,normal,0,data/raw\pump\id_00\normal\00000581.wav
data/processed\00_normal_00000582.npy,00,normal,0,data/raw\pump\id_00\normal\00000582.wav
data/processed\00_normal_00000583.npy,00,normal,0,data/raw\pump\id_00\normal\00000583.wav
data/processed\00_normal_00000584.npy,00,normal,0,data/raw\pump\id_00\normal\00000584.wav
data/processed\00_normal_00000585.npy,00,normal,0,data/raw\pump\id_00\normal\00000585.wav
data/processed\00_normal_00000586.npy,00,normal,0,data/raw\pump\id_00\normal\00000586.wav
data/processed\00_normal_00000587.npy,00,normal,0,data/raw\pump\id_00\normal\00000587.wav
data/processed\00_normal_00000588.npy,00,normal,0,data/raw\pump\id_00\normal\00000588.wav
data/processed\00_normal_00000589.npy,00,normal,0,data/raw\pump\id_00\normal\00000589.wav
data/processed\00_normal_00000590.npy,00,normal,0,data/raw\pump\id_00\normal\00000590.wav
data/processed\00_normal_00000591.npy,00,normal,0,data/raw\pump\id_00\normal\00000591.wav
data/processed\00_normal_00000592.npy,00,normal,0,data/raw\pump\id_00\normal\00000592.wav
data/processed\00_normal_00000593.npy,00,normal,0,data/raw\pump\id_00\normal\00000593.wav
data/processed\00_normal_00000594.npy,00,normal,0,data/raw\pump\id_00\normal\00000594.wav
data/processed\00_normal_00000595.npy,00,normal,0,data/raw\pump\id_00\normal\00000595.wav
data/processed\00_normal_00000596.npy,00,normal,0,data/raw\pump\id_00\normal\00000596.wav
data/processed\00_normal_00000597.npy,00,normal,0,data/raw\pump\id_00\normal\00000597.wav
data/processed\00_normal_00000598.npy,00,normal,0,data/raw\pump\id_00\normal\00000598.wav
data/processed\00_normal_00000599.npy,00,normal,0,data/raw\pump\id_00\normal\00000599.wav
data/processed\00_normal_00000600.npy,00,normal,0,data/raw\pump\id_00\normal\00000600.wav
data/processed\00_normal_00000601.npy,00,normal,0,data/raw\pump\id_00\normal\00000601.wav
data/processed\00_normal_00000602.npy,00,normal,0,data/raw\pump\id_00\normal\00000602.wav
data/processed\00_normal_00000603.npy,00,normal,0,data/raw\pump\id_00\normal\00000603.wav
data/processed\00_normal_00000604.npy,00,normal,0,data/raw\pump\id_00\normal\00000604.wav
data/processed\00_normal_00000605.npy,00,normal,0,data/raw\pump\id_00\normal\00000605.wav
data/processed\00_normal_00000606.npy,00,normal,0,data/raw\pump\id_00\normal\00000606.wav
data/processed\00_normal_00000607.npy,00,normal,0,data/raw\pump\id_00\normal\00000607.wav
data/processed\00_normal_00000608.npy,00,normal,0,data/raw\pump\id_00\normal\00000608.wav
data/processed\00_normal_00000609.npy,00,normal,0,data/raw\pump\id_00\normal\00000609.wav
data/processed\00_normal_00000610.npy,00,normal,0,data/raw\pump\id_00\normal\00000610.wav
data/processed\00_normal_00000611.npy,00,normal,0,data/raw\pump\id_00\normal\00000611.wav
data/processed\00_normal_00000612.npy,00,normal,0,data/raw\pump\id_00\normal\00000612.wav
data/processed\00_normal_00000613.npy,00,normal,0,data/raw\pump\id_00\normal\00000613.wav
data/processed\00_normal_00000614.npy,00,normal,0,data/raw\pump\id_00\normal\00000614.wav
data/processed\00_normal_00000615.npy,00,normal,0,data/raw\pump\id_00\normal\00000615.wav
data/processed\00_normal_00000616.npy,00,normal,0,data/raw\pump\id_00\normal\00000616.wav
data/processed\00_normal_00000617.npy,00,normal,0,data/raw\pump\id_00\normal\00000617.wav
data/processed\00_normal_00000618.npy,00,normal,0,data/raw\pump\id_00\normal\00000618.wav
data/processed\00_normal_00000619.npy,00,normal,0,data/raw\pump\id_00\normal\00000619.wav
data/processed\00_normal_00000620.npy,00,normal,0,data/raw\pump\id_00\normal\00000620.wav
data/processed\00_normal_00000621.npy,00,normal,0,data/raw\pump\id_00\normal\00000621.wav
data/processed\00_normal_00000622.npy,00,normal,0,data/raw\pump\id_00\normal\00000622.wav
data/processed\00_normal_00000623.npy,00,normal,0,data/raw\pump\id_00\normal\00000623.wav
data/processed\00_normal_00000624.npy,00,normal,0,data/raw\pump\id_00\normal\00000624.wav
data/processed\00_normal_00000625.npy,00,normal,0,data/raw\pump\id_00\normal\00000625.wav
data/processed\00_normal_00000626.npy,00,normal,0,data/raw\pump\id_00\normal\00000626.wav
data/processed\00_normal_00000627.npy,00,normal,0,data/raw\pump\id_00\normal\00000627.wav
data/processed\00_normal_00000628.npy,00,normal,0,data/raw\pump\id_00\normal\00000628.wav
data/processed\00_normal_00000629.npy,00,normal,0,data/raw\pump\id_00\normal\00000629.wav
data/processed\00_normal_00000630.npy,00,normal,0,data/raw\pump\id_00\normal\00000630.wav
data/processed\00_normal_00000631.npy,00,normal,0,data/raw\pump\id_00\normal\00000631.wav
data/processed\00_normal_00000632.npy,00,normal,0,data/raw\pump\id_00\normal\00000632.wav
data/processed\00_normal_00000633.npy,00,normal,0,data/raw\pump\id_00\normal\00000633.wav
data/processed\00_normal_00000634.npy,00,normal,0,data/raw\pump\id_00\normal\00000634.wav
data/processed\00_normal_00000635.npy,00,normal,0,data/raw\pump\id_00\normal\00000635.wav
data/processed\00_normal_00000636.npy,00,normal,0,data/raw\pump\id_00\normal\00000636.wav
data/processed\00_normal_00000637.npy,00,normal,0,data/raw\pump\id_00\normal\00000637.wav
data/processed\00_normal_00000638.npy,00,normal,0,data/raw\pump\id_00\normal\00000638.wav
data/processed\00_normal_00000639.npy,00,normal,0,data/raw\pump\id_00\normal\00000639.wav
data/processed\00_normal_00000640.npy,00,normal,0,data/raw\pump\id_00\normal\00000640.wav
data/processed\00_normal_00000641.npy,00,normal,0,data/raw\pump\id_00\normal\00000641.wav
data/processed\00_normal_00000642.npy,00,normal,0,data/raw\pump\id_00\normal\00000642.wav
data/processed\00_normal_00000643.npy,00,normal,0,data/raw\pump\id_00\normal\00000643.wav
data/processed\00_normal_00000644.npy,00,normal,0,data/raw\pump\id_00\normal\00000644.wav
data/processed\00_normal_00000645.npy,00,normal,0,data/raw\pump\id_00\normal\00000645.wav
data/processed\00_normal_00000646.npy,00,normal,0,data/raw\pump\id_00\normal\00000646.wav
data/processed\00_normal_00000647.npy,00,normal,0,data/raw\pump\id_00\normal\00000647.wav
data/processed\00_normal_00000648.npy,00,normal,0,data/raw\pump\id_00\normal\00000648.wav
data/processed\00_normal_00000649.npy,00,normal,0,data/raw\pump\id_00\normal\00000649.wav
data/processed\00_normal_00000650.npy,00,normal,0,data/raw\pump\id_00\normal\00000650.wav
data/processed\00_normal_00000651.npy,00,normal,0,data/raw\pump\id_00\normal\00000651.wav
data/processed\00_normal_00000652.npy,00,normal,0,data/raw\pump\id_00\normal\00000652.wav
data/processed\00_normal_00000653.npy,00,normal,0,data/raw\pump\id_00\normal\00000653.wav
data/processed\00_normal_00000654.npy,00,normal,0,data/raw\pump\id_00\normal\00000654.wav
data/processed\00_normal_00000655.npy,00,normal,0,data/raw\pump\id_00\normal\00000655.wav
data/processed\00_normal_00000656.npy,00,normal,0,data/raw\pump\id_00\normal\00000656.wav
data/processed\00_normal_00000657.npy,00,normal,0,data/raw\pump\id_00\normal\00000657.wav
data/processed\00_normal_00000658.npy,00,normal,0,data/raw\pump\id_00\normal\00000658.wav
data/processed\00_normal_00000659.npy,00,normal,0,data/raw\pump\id_00\normal\00000659.wav
data/processed\00_normal_00000660.npy,00,normal,0,data/raw\pump\id_00\normal\00000660.wav
data/processed\00_normal_00000661.npy,00,normal,0,data/raw\pump\id_00\normal\00000661.wav
data/processed\00_normal_00000662.npy,00,normal,0,data/raw\pump\id_00\normal\00000662.wav
data/processed\00_normal_00000663.npy,00,normal,0,data/raw\pump\id_00\normal\00000663.wav
data/processed\00_normal_00000664.npy,00,normal,0,data/raw\pump\id_00\normal\00000664.wav
data/processed\00_normal_00000665.npy,00,normal,0,data/raw\pump\id_00\normal\00000665.wav
data/processed\00_normal_00000666.npy,00,normal,0,data/raw\pump\id_00\normal\00000666.wav
data/processed\00_normal_00000667.npy,00,normal,0,data/raw\pump\id_00\normal\00000667.wav
data/processed\00_normal_00000668.npy,00,normal,0,data/raw\pump\id_00\normal\00000668.wav
data/processed\00_normal_00000669.npy,00,normal,0,data/raw\pump\id_00\normal\00000669.wav
data/processed\00_normal_00000670.npy,00,normal,0,data/raw\pump\id_00\normal\00000670.wav
data/processed\00_normal_00000671.npy,00,normal,0,data/raw\pump\id_00\normal\00000671.wav
data/processed\00_normal_00000672.npy,00,normal,0,data/raw\pump\id_00\normal\00000672.wav
data/processed\00_normal_00000673.npy,00,normal,0,data/raw\pump\id_00\normal\00000673.wav
data/processed\00_normal_00000674.npy,00,normal,0,data/raw\pump\id_00\normal\00000674.wav
data/processed\00_normal_00000675.npy,00,normal,0,data/raw\pump\id_00\normal\00000675.wav
data/processed\00_normal_00000676.npy,00,normal,0,data/raw\pump\id_00\normal\00000676.wav
data/processed\00_normal_00000677.npy,00,normal,0,data/raw\pump\id_00\normal\00000677.wav
data/processed\00_normal_00000678.npy,00,normal,0,data/raw\pump\id_00\normal\00000678.wav
data/processed\00_normal_00000679.npy,00,normal,0,data/raw\pump\id_00\normal\00000679.wav
data/processed\00_normal_00000680.npy,00,normal,0,data/raw\pump\id_00\normal\00000680.wav
data/processed\00_normal_00000681.npy,00,normal,0,data/raw\pump\id_00\normal\00000681.wav
data/processed\00_normal_00000682.npy,00,normal,0,data/raw\pump\id_00\normal\00000682.wav
data/processed\00_normal_00000683.npy,00,normal,0,data/raw\pump\id_00\normal\00000683.wav
data/processed\00_normal_00000684.npy,00,normal,0,data/raw\pump\id_00\normal\00000684.wav
data/processed\00_normal_00000685.npy,00,normal,0,data/raw\pump\id_00\normal\00000685.wav
data/processed\00_normal_00000686.npy,00,normal,0,data/raw\pump\id_00\normal\00000686.wav
data/processed\00_normal_00000687.npy,00,normal,0,data/raw\pump\id_00\normal\00000687.wav
data/processed\00_normal_00000688.npy,00,normal,0,data/raw\pump\id_00\normal\00000688.wav
data/processed\00_normal_00000689.npy,00,normal,0,data/raw\pump\id_00\normal\00000689.wav
data/processed\00_normal_00000690.npy,00,normal,0,data/raw\pump\id_00\normal\00000690.wav
data/processed\00_normal_00000691.npy,00,normal,0,data/raw\pump\id_00\normal\00000691.wav
data/processed\00_normal_00000692.npy,00,normal,0,data/raw\pump\id_00\normal\00000692.wav
data/processed\00_normal_00000693.npy,00,normal,0,data/raw\pump\id_00\normal\00000693.wav
data/processed\00_normal_00000694.npy,00,normal,0,data/raw\pump\id_00\normal\00000694.wav
data/processed\00_normal_00000695.npy,00,normal,0,data/raw\pump\id_00\normal\00000695.wav
data/processed\00_normal_00000696.npy,00,normal,0,data/raw\pump\id_00\normal\00000696.wav
data/processed\00_normal_00000697.npy,00,normal,0,data/raw\pump\id_00\normal\00000697.wav
data/processed\00_normal_00000698.npy,00,normal,0,data/raw\pump\id_00\normal\00000698.wav
data/processed\00_normal_00000699.npy,00,normal,0,data/raw\pump\id_00\normal\00000699.wav
data/processed\00_normal_00000700.npy,00,normal,0,data/raw\pump\id_00\normal\00000700.wav
data/processed\00_normal_00000701.npy,00,normal,0,data/raw\pump\id_00\normal\00000701.wav
data/processed\00_normal_00000702.npy,00,normal,0,data/raw\pump\id_00\normal\00000702.wav
data/processed\00_normal_00000703.npy,00,normal,0,data/raw\pump\id_00\normal\00000703.wav
data/processed\00_normal_00000704.npy,00,normal,0,data/raw\pump\id_00\normal\00000704.wav
data/processed\00_normal_00000705.npy,00,normal,0,data/raw\pump\id_00\normal\00000705.wav
data/processed\00_normal_00000706.npy,00,normal,0,data/raw\pump\id_00\normal\00000706.wav
data/processed\00_normal_00000707.npy,00,normal,0,data/raw\pump\id_00\normal\00000707.wav
data/processed\00_normal_00000708.npy,00,normal,0,data/raw\pump\id_00\normal\00000708.wav
data/processed\00_normal_00000709.npy,00,normal,0,data/raw\pump\id_00\normal\00000709.wav
data/processed\00_normal_00000710.npy,00,normal,0,data/raw\pump\id_00\normal\00000710.wav
data/processed\00_normal_00000711.npy,00,normal,0,data/raw\pump\id_00\normal\00000711.wav
data/processed\00_normal_00000712.npy,00,normal,0,data/raw\pump\id_00\normal\00000712.wav
data/processed\00_normal_00000713.npy,00,normal,0,data/raw\pump\id_00\normal\00000713.wav
data/processed\00_normal_00000714.npy,00,normal,0,data/raw\pump\id_00\normal\00000714.wav
data/processed\00_normal_00000715.npy,00,normal,0,data/raw\pump\id_00\normal\00000715.wav
data/processed\00_normal_00000716.npy,00,normal,0,data/raw\pump\id_00\normal\00000716.wav
data/processed\00_normal_00000717.npy,00,normal,0,data/raw\pump\id_00\normal\00000717.wav
data/processed\00_normal_00000718.npy,00,normal,0,data/raw\pump\id_00\normal\00000718.wav
data/processed\00_normal_00000719.npy,00,normal,0,data/raw\pump\id_00\normal\00000719.wav
data/processed\00_normal_00000720.npy,00,normal,0,data/raw\pump\id_00\normal\00000720.wav
data/processed\00_normal_00000721.npy,00,normal,0,data/raw\pump\id_00\normal\00000721.wav
data/processed\00_normal_00000722.npy,00,normal,0,data/raw\pump\id_00\normal\00000722.wav
data/processed\00_normal_00000723.npy,00,normal,0,data/raw\pump\id_00\normal\00000723.wav
data/processed\00_normal_00000724.npy,00,normal,0,data/raw\pump\id_00\normal\00000724.wav
data/processed\00_normal_00000725.npy,00,normal,0,data/raw\pump\id_00\normal\00000725.wav
data/processed\00_normal_00000726.npy,00,normal,0,data/raw\pump\id_00\normal\00000726.wav
data/processed\00_normal_00000727.npy,00,normal,0,data/raw\pump\id_00\normal\00000727.wav
data/processed\00_normal_00000728.npy,00,normal,0,data/raw\pump\id_00\normal\00000728.wav
data/processed\00_normal_00000729.npy,00,normal,0,data/raw\pump\id_00\normal\00000729.wav
data/processed\00_normal_00000730.npy,00,normal,0,data/raw\pump\id_00\normal\00000730.wav
data/processed\00_normal_00000731.npy,00,normal,0,data/raw\pump\id_00\normal\00000731.wav
data/processed\00_normal_00000732.npy,00,normal,0,data/raw\pump\id_00\normal\00000732.wav
data/processed\00_normal_00000733.npy,00,normal,0,data/raw\pump\id_00\normal\00000733.wav
data/processed\00_normal_00000734.npy,00,normal,0,data/raw\pump\id_00\normal\00000734.wav
data/processed\00_normal_00000735.npy,00,normal,0,data/raw\pump\id_00\normal\00000735.wav
data/processed\00_normal_00000736.npy,00,normal,0,data/raw\pump\id_00\normal\00000736.wav
data/processed\00_normal_00000737.npy,00,normal,0,data/raw\pump\id_00\normal\00000737.wav
data/processed\00_normal_00000738.npy,00,normal,0,data/raw\pump\id_00\normal\00000738.wav
data/processed\00_normal_00000739.npy,00,normal,0,data/raw\pump\id_00\normal\00000739.wav
data/processed\00_normal_00000740.npy,00,normal,0,data/raw\pump\id_00\normal\00000740.wav
data/processed\00_normal_00000741.npy,00,normal,0,data/raw\pump\id_00\normal\00000741.wav
data/processed\00_normal_00000742.npy,00,normal,0,data/raw\pump\id_00\normal\00000742.wav
data/processed\00_normal_00000743.npy,00,normal,0,data/raw\pump\id_00\normal\00000743.wav
data/processed\00_normal_00000744.npy,00,normal,0,data/raw\pump\id_00\normal\00000744.wav
data/processed\00_normal_00000745.npy,00,normal,0,data/raw\pump\id_00\normal\00000745.wav
data/processed\00_normal_00000746.npy,00,normal,0,data/raw\pump\id_00\normal\00000746.wav
data/processed\00_normal_00000747.npy,00,normal,0,data/raw\pump\id_00\normal\00000747.wav
data/processed\00_normal_00000748.npy,00,normal,0,data/raw\pump\id_00\normal\00000748.wav
data/processed\00_normal_00000749.npy,00,normal,0,data/raw\pump\id_00\normal\00000749.wav
data/processed\00_normal_00000750.npy,00,normal,0,data/raw\pump\id_00\normal\00000750.wav
data/processed\00_normal_00000751.npy,00,normal,0,data/raw\pump\id_00\normal\00000751.wav
data/processed\00_normal_00000752.npy,00,normal,0,data/raw\pump\id_00\normal\00000752.wav
data/processed\00_normal_00000753.npy,00,normal,0,data/raw\pump\id_00\normal\00000753.wav
data/processed\00_normal_00000754.npy,00,normal,0,data/raw\pump\id_00\normal\00000754.wav
data/processed\00_normal_00000755.npy,00,normal,0,data/raw\pump\id_00\normal\00000755.wav
data/processed\00_normal_00000756.npy,00,normal,0,data/raw\pump\id_00\normal\00000756.wav
data/processed\00_normal_00000757.npy,00,normal,0,data/raw\pump\id_00\normal\00000757.wav
data/processed\00_normal_00000758.npy,00,normal,0,data/raw\pump\id_00\normal\00000758.wav
data/processed\00_normal_00000759.npy,00,normal,0,data/raw\pump\id_00\normal\00000759.wav
data/processed\00_normal_00000760.npy,00,normal,0,data/raw\pump\id_00\normal\00000760.wav
data/processed\00_normal_00000761.npy,00,normal,0,data/raw\pump\id_00\normal\00000761.wav
data/processed\00_normal_00000762.npy,00,normal,0,data/raw\pump\id_00\normal\00000762.wav
data/processed\00_normal_00000763.npy,00,normal,0,data/raw\pump\id_00\normal\00000763.wav
data/processed\00_normal_00000764.npy,00,normal,0,data/raw\pump\id_00\normal\00000764.wav
data/processed\00_normal_00000765.npy,00,normal,0,data/raw\pump\id_00\normal\00000765.wav
data/processed\00_normal_00000766.npy,00,normal,0,data/raw\pump\id_00\normal\00000766.wav
data/processed\00_normal_00000767.npy,00,normal,0,data/raw\pump\id_00\normal\00000767.wav
data/processed\00_normal_00000768.npy,00,normal,0,data/raw\pump\id_00\normal\00000768.wav
data/processed\00_normal_00000769.npy,00,normal,0,data/raw\pump\id_00\normal\00000769.wav
data/processed\00_normal_00000770.npy,00,normal,0,data/raw\pump\id_00\normal\00000770.wav
data/processed\00_normal_00000771.npy,00,normal,0,data/raw\pump\id_00\normal\00000771.wav
data/processed\00_normal_00000772.npy,00,normal,0,data/raw\pump\id_00\normal\00000772.wav
data/processed\00_normal_00000773.npy,00,normal,0,data/raw\pump\id_00\normal\00000773.wav
data/processed\00_normal_00000774.npy,00,normal,0,data/raw\pump\id_00\normal\00000774.wav
data/processed\00_normal_00000775.npy,00,normal,0,data/raw\pump\id_00\normal\00000775.wav
data/processed\00_normal_00000776.npy,00,normal,0,data/raw\pump\id_00\normal\00000776.wav
data/processed\00_normal_00000777.npy,00,normal,0,data/raw\pump\id_00\normal\00000777.wav
data/processed\00_normal_00000778.npy,00,normal,0,data/raw\pump\id_00\normal\00000778.wav
data/processed\00_normal_00000779.npy,00,normal,0,data/raw\pump\id_00\normal\00000779.wav
data/processed\00_normal_00000780.npy,00,normal,0,data/raw\pump\id_00\normal\00000780.wav
data/processed\00_normal_00000781.npy,00,normal,0,data/raw\pump\id_00\normal\00000781.wav
data/processed\00_normal_00000782.npy,00,normal,0,data/raw\pump\id_00\normal\00000782.wav
data/processed\00_normal_00000783.npy,00,normal,0,data/raw\pump\id_00\normal\00000783.wav
data/processed\00_normal_00000784.npy,00,normal,0,data/raw\pump\id_00\normal\00000784.wav
data/processed\00_normal_00000785.npy,00,normal,0,data/raw\pump\id_00\normal\00000785.wav
data/processed\00_normal_00000786.npy,00,normal,0,data/raw\pump\id_00\normal\00000786.wav
data/processed\00_normal_00000787.npy,00,normal,0,data/raw\pump\id_00\normal\00000787.wav
data/processed\00_normal_00000788.npy,00,normal,0,data/raw\pump\id_00\normal\00000788.wav
data/processed\00_normal_00000789.npy,00,normal,0,data/raw\pump\id_00\normal\00000789.wav
data/processed\00_normal_00000790.npy,00,normal,0,data/raw\pump\id_00\normal\00000790.wav
data/processed\00_normal_00000791.npy,00,normal,0,data/raw\pump\id_00\normal\00000791.wav
data/processed\00_normal_00000792.npy,00,normal,0,data/raw\pump\id_00\normal\00000792.wav
data/processed\00_normal_00000793.npy,00,normal,0,data/raw\pump\id_00\normal\00000793.wav
data/processed\00_normal_00000794.npy,00,normal,0,data/raw\pump\id_00\normal\00000794.wav
data/processed\00_normal_00000795.npy,00,normal,0,data/raw\pump\id_00\normal\00000795.wav
data/processed\00_normal_00000796.npy,00,normal,0,data/raw\pump\id_00\normal\00000796.wav
data/processed\00_normal_00000797.npy,00,normal,0,data/raw\pump\id_00\normal\00000797.wav
data/processed\00_normal_00000798.npy,00,normal,0,data/raw\pump\id_00\normal\00000798.wav
data/processed\00_normal_00000799.npy,00,normal,0,data/raw\pump\id_00\normal\00000799.wav
data/processed\00_normal_00000800.npy,00,normal,0,data/raw\pump\id_00\normal\00000800.wav
data/processed\00_normal_00000801.npy,00,normal,0,data/raw\pump\id_00\normal\00000801.wav
data/processed\00_normal_00000802.npy,00,normal,0,data/raw\pump\id_00\normal\00000802.wav
data/processed\00_normal_00000803.npy,00,normal,0,data/raw\pump\id_00\normal\00000803.wav
data/processed\00_normal_00000804.npy,00,normal,0,data/raw\pump\id_00\normal\00000804.wav
data/processed\00_normal_00000805.npy,00,normal,0,data/raw\pump\id_00\normal\00000805.wav
data/processed\00_normal_00000806.npy,00,normal,0,data/raw\pump\id_00\normal\00000806.wav
data/processed\00_normal_00000807.npy,00,normal,0,data/raw\pump\id_00\normal\00000807.wav
data/processed\00_normal_00000808.npy,00,normal,0,data/raw\pump\id_00\normal\00000808.wav
data/processed\00_normal_00000809.npy,00,normal,0,data/raw\pump\id_00\normal\00000809.wav
data/processed\00_normal_00000810.npy,00,normal,0,data/raw\pump\id_00\normal\00000810.wav
data/processed\00_normal_00000811.npy,00,normal,0,data/raw\pump\id_00\normal\00000811.wav
data/processed\00_normal_00000812.npy,00,normal,0,data/raw\pump\id_00\normal\00000812.wav
data/processed\00_normal_00000813.npy,00,normal,0,data/raw\pump\id_00\normal\00000813.wav
data/processed\00_normal_00000814.npy,00,normal,0,data/raw\pump\id_00\normal\00000814.wav
data/processed\00_normal_00000815.npy,00,normal,0,data/raw\pump\id_00\normal\00000815.wav
data/processed\00_normal_00000816.npy,00,normal,0,data/raw\pump\id_00\normal\00000816.wav
data/processed\00_normal_00000817.npy,00,normal,0,data/raw\pump\id_00\normal\00000817.wav
data/processed\00_normal_00000818.npy,00,normal,0,data/raw\pump\id_00\normal\00000818.wav
data/processed\00_normal_00000819.npy,00,normal,0,data/raw\pump\id_00\normal\00000819.wav
data/processed\00_normal_00000820.npy,00,normal,0,data/raw\pump\id_00\normal\00000820.wav
data/processed\00_normal_00000821.npy,00,normal,0,data/raw\pump\id_00\normal\00000821.wav
data/processed\00_normal_00000822.npy,00,normal,0,data/raw\pump\id_00\normal\00000822.wav
data/processed\00_normal_00000823.npy,00,normal,0,data/raw\pump\id_00\normal\00000823.wav
data/processed\00_normal_00000824.npy,00,normal,0,data/raw\pump\id_00\normal\00000824.wav
data/processed\00_normal_00000825.npy,00,normal,0,data/raw\pump\id_00\normal\00000825.wav
data/processed\00_normal_00000826.npy,00,normal,0,data/raw\pump\id_00\normal\00000826.wav
data/processed\00_normal_00000827.npy,00,normal,0,data/raw\pump\id_00\normal\00000827.wav
data/processed\00_normal_00000828.npy,00,normal,0,data/raw\pump\id_00\normal\00000828.wav
data/processed\00_normal_00000829.npy,00,normal,0,data/raw\pump\id_00\normal\00000829.wav
data/processed\00_normal_00000830.npy,00,normal,0,data/raw\pump\id_00\normal\00000830.wav
data/processed\00_normal_00000831.npy,00,normal,0,data/raw\pump\id_00\normal\00000831.wav
data/processed\00_normal_00000832.npy,00,normal,0,data/raw\pump\id_00\normal\00000832.wav
data/processed\00_normal_00000833.npy,00,normal,0,data/raw\pump\id_00\normal\00000833.wav
data/processed\00_normal_00000834.npy,00,normal,0,data/raw\pump\id_00\normal\00000834.wav
data/processed\00_normal_00000835.npy,00,normal,0,data/raw\pump\id_00\normal\00000835.wav
data/processed\00_normal_00000836.npy,00,normal,0,data/raw\pump\id_00\normal\00000836.wav
data/processed\00_normal_00000837.npy,00,normal,0,data/raw\pump\id_00\normal\00000837.wav
data/processed\00_normal_00000838.npy,00,normal,0,data/raw\pump\id_00\normal\00000838.wav
data/processed\00_normal_00000839.npy,00,normal,0,data/raw\pump\id_00\normal\00000839.wav
data/processed\00_normal_00000840.npy,00,normal,0,data/raw\pump\id_00\normal\00000840.wav
data/processed\00_normal_00000841.npy,00,normal,0,data/raw\pump\id_00\normal\00000841.wav
data/processed\00_normal_00000842.npy,00,normal,0,data/raw\pump\id_00\normal\00000842.wav
data/processed\00_normal_00000843.npy,00,normal,0,data/raw\pump\id_00\normal\00000843.wav
data/processed\00_normal_00000844.npy,00,normal,0,data/raw\pump\id_00\normal\00000844.wav
data/processed\00_normal_00000845.npy,00,normal,0,data/raw\pump\id_00\normal\00000845.wav
data/processed\00_normal_00000846.npy,00,normal,0,data/raw\pump\id_00\normal\00000846.wav
data/processed\00_normal_00000847.npy,00,normal,0,data/raw\pump\id_00\normal\00000847.wav
data/processed\00_normal_00000848.npy,00,normal,0,data/raw\pump\id_00\normal\00000848.wav
data/processed\00_normal_00000849.npy,00,normal,0,data/raw\pump\id_00\normal\00000849.wav
data/processed\00_normal_00000850.npy,00,normal,0,data/raw\pump\id_00\normal\00000850.wav
data/processed\00_normal_00000851.npy,00,normal,0,data/raw\pump\id_00\normal\00000851.wav
data/processed\00_normal_00000852.npy,00,normal,0,data/raw\pump\id_00\normal\00000852.wav
data/processed\00_normal_00000853.npy,00,normal,0,data/raw\pump\id_00\normal\00000853.wav
data/processed\00_normal_00000854.npy,00,normal,0,data/raw\pump\id_00\normal\00000854.wav
data/processed\00_normal_00000855.npy,00,normal,0,data/raw\pump\id_00\normal\00000855.wav
data/processed\00_normal_00000856.npy,00,normal,0,data/raw\pump\id_00\normal\00000856.wav
data/processed\00_normal_00000857.npy,00,normal,0,data/raw\pump\id_00\normal\00000857.wav
data/processed\00_normal_00000858.npy,00,normal,0,data/raw\pump\id_00\normal\00000858.wav
data/processed\00_normal_00000859.npy,00,normal,0,data/raw\pump\id_00\normal\00000859.wav
data/processed\00_normal_00000860.npy,00,normal,0,data/raw\pump\id_00\normal\00000860.wav
data/processed\00_normal_00000861.npy,00,normal,0,data/raw\pump\id_00\normal\00000861.wav
data/processed\00_normal_00000862.npy,00,normal,0,data/raw\pump\id_00\normal\00000862.wav
data/processed\00_normal_00000863.npy,00,normal,0,data/raw\pump\id_00\normal\00000863.wav
data/processed\00_normal_00000864.npy,00,normal,0,data/raw\pump\id_00\normal\00000864.wav
data/processed\00_normal_00000865.npy,00,normal,0,data/raw\pump\id_00\normal\00000865.wav
data/processed\00_normal_00000866.npy,00,normal,0,data/raw\pump\id_00\normal\00000866.wav
data/processed\00_normal_00000867.npy,00,normal,0,data/raw\pump\id_00\normal\00000867.wav
data/processed\00_normal_00000868.npy,00,normal,0,data/raw\pump\id_00\normal\00000868.wav
data/processed\00_normal_00000869.npy,00,normal,0,data/raw\pump\id_00\normal\00000869.wav
data/processed\00_normal_00000870.npy,00,normal,0,data/raw\pump\id_00\normal\00000870.wav
data/processed\00_normal_00000871.npy,00,normal,0,data/raw\pump\id_00\normal\00000871.wav
data/processed\00_normal_00000872.npy,00,normal,0,data/raw\pump\id_00\normal\00000872.wav
data/processed\00_normal_00000873.npy,00,normal,0,data/raw\pump\id_00\normal\00000873.wav
data/processed\00_normal_00000874.npy,00,normal,0,data/raw\pump\id_00\normal\00000874.wav
data/processed\00_normal_00000875.npy,00,normal,0,data/raw\pump\id_00\normal\00000875.wav
data/processed\00_normal_00000876.npy,00,normal,0,data/raw\pump\id_00\normal\00000876.wav
data/processed\00_normal_00000877.npy,00,normal,0,data/raw\pump\id_00\normal\00000877.wav
data/processed\00_normal_00000878.npy,00,normal,0,data/raw\pump\id_00\normal\00000878.wav
data/processed\00_normal_00000879.npy,00,normal,0,data/raw\pump\id_00\normal\00000879.wav
data/processed\00_normal_00000880.npy,00,normal,0,data/raw\pump\id_00\normal\00000880.wav
data/processed\00_normal_00000881.npy,00,normal,0,data/raw\pump\id_00\normal\00000881.wav
data/processed\00_normal_00000882.npy,00,normal,0,data/raw\pump\id_00\normal\00000882.wav
data/processed\00_normal_00000883.npy,00,normal,0,data/raw\pump\id_00\normal\00000883.wav
data/processed\00_normal_00000884.npy,00,normal,0,data/raw\pump\id_00\normal\00000884.wav
data/processed\00_normal_00000885.npy,00,normal,0,data/raw\pump\id_00\normal\00000885.wav
data/processed\00_normal_00000886.npy,00,normal,0,data/raw\pump\id_00\normal\00000886.wav
data/processed\00_normal_00000887.npy,00,normal,0,data/raw\pump\id_00\normal\00000887.wav
data/processed\00_normal_00000888.npy,00,normal,0,data/raw\pump\id_00\normal\00000888.wav
data/processed\00_normal_00000889.npy,00,normal,0,data/raw\pump\id_00\normal\00000889.wav
data/processed\00_normal_00000890.npy,00,normal,0,data/raw\pump\id_00\normal\00000890.wav
data/processed\00_normal_00000891.npy,00,normal,0,data/raw\pump\id_00\normal\00000891.wav
data/processed\00_normal_00000892.npy,00,normal,0,data/raw\pump\id_00\normal\00000892.wav
data/processed\00_normal_00000893.npy,00,normal,0,data/raw\pump\id_00\normal\00000893.wav
data/processed\00_normal_00000894.npy,00,normal,0,data/raw\pump\id_00\normal\00000894.wav
data/processed\00_normal_00000895.npy,00,normal,0,data/raw\pump\id_00\normal\00000895.wav
data/processed\00_normal_00000896.npy,00,normal,0,data/raw\pump\id_00\normal\00000896.wav
data/processed\00_normal_00000897.npy,00,normal,0,data/raw\pump\id_00\normal\00000897.wav
data/processed\00_normal_00000898.npy,00,normal,0,data/raw\pump\id_00\normal\00000898.wav
data/processed\00_normal_00000899.npy,00,normal,0,data/raw\pump\id_00\normal\00000899.wav
data/processed\00_normal_00000900.npy,00,normal,0,data/raw\pump\id_00\normal\00000900.wav
data/processed\00_normal_00000901.npy,00,normal,0,data/raw\pump\id_00\normal\00000901.wav
data/processed\00_normal_00000902.npy,00,normal,0,data/raw\pump\id_00\normal\00000902.wav
data/processed\00_normal_00000903.npy,00,normal,0,data/raw\pump\id_00\normal\00000903.wav
data/processed\00_normal_00000904.npy,00,normal,0,data/raw\pump\id_00\normal\00000904.wav
data/processed\00_normal_00000905.npy,00,normal,0,data/raw\pump\id_00\normal\00000905.wav
data/processed\00_normal_00000906.npy,00,normal,0,data/raw\pump\id_00\normal\00000906.wav
data/processed\00_normal_00000907.npy,00,normal,0,data/raw\pump\id_00\normal\00000907.wav
data/processed\00_normal_00000908.npy,00,normal,0,data/raw\pump\id_00\normal\00000908.wav
data/processed\00_normal_00000909.npy,00,normal,0,data/raw\pump\id_00\normal\00000909.wav
data/processed\00_normal_00000910.npy,00,normal,0,data/raw\pump\id_00\normal\00000910.wav
data/processed\00_normal_00000911.npy,00,normal,0,data/raw\pump\id_00\normal\00000911.wav
data/processed\00_normal_00000912.npy,00,normal,0,data/raw\pump\id_00\normal\00000912.wav
data/processed\00_normal_00000913.npy,00,normal,0,data/raw\pump\id_00\normal\00000913.wav
data/processed\00_normal_00000914.npy,00,normal,0,data/raw\pump\id_00\normal\00000914.wav
data/processed\00_normal_00000915.npy,00,normal,0,data/raw\pump\id_00\normal\00000915.wav
data/processed\00_normal_00000916.npy,00,normal,0,data/raw\pump\id_00\normal\00000916.wav
data/processed\00_normal_00000917.npy,00,normal,0,data/raw\pump\id_00\normal\00000917.wav
data/processed\00_normal_00000918.npy,00,normal,0,data/raw\pump\id_00\normal\00000918.wav
data/processed\00_normal_00000919.npy,00,normal,0,data/raw\pump\id_00\normal\00000919.wav
data/processed\00_normal_00000920.npy,00,normal,0,data/raw\pump\id_00\normal\00000920.wav
data/processed\00_normal_00000921.npy,00,normal,0,data/raw\pump\id_00\normal\00000921.wav
data/processed\00_normal_00000922.npy,00,normal,0,data/raw\pump\id_00\normal\00000922.wav
data/processed\00_normal_00000923.npy,00,normal,0,data/raw\pump\id_00\normal\00000923.wav
data/processed\00_normal_00000924.npy,00,normal,0,data/raw\pump\id_00\normal\00000924.wav
data/processed\00_normal_00000925.npy,00,normal,0,data/raw\pump\id_00\normal\00000925.wav
data/processed\00_normal_00000926.npy,00,normal,0,data/raw\pump\id_00\normal\00000926.wav
data/processed\00_normal_00000927.npy,00,normal,0,data/raw\pump\id_00\normal\00000927.wav
data/processed\00_normal_00000928.npy,00,normal,0,data/raw\pump\id_00\normal\00000928.wav
data/processed\00_normal_00000929.npy,00,normal,0,data/raw\pump\id_00\normal\00000929.wav
data/processed\00_normal_00000930.npy,00,normal,0,data/raw\pump\id_00\normal\00000930.wav
data/processed\00_normal_00000931.npy,00,normal,0,data/raw\pump\id_00\normal\00000931.wav
data/processed\00_normal_00000932.npy,00,normal,0,data/raw\pump\id_00\normal\00000932.wav
data/processed\00_normal_00000933.npy,00,normal,0,data/raw\pump\id_00\normal\00000933.wav
data/processed\00_normal_00000934.npy,00,normal,0,data/raw\pump\id_00\normal\00000934.wav
data/processed\00_normal_00000935.npy,00,normal,0,data/raw\pump\id_00\normal\00000935.wav
data/processed\00_normal_00000936.npy,00,normal,0,data/raw\pump\id_00\normal\00000936.wav
data/processed\00_normal_00000937.npy,00,normal,0,data/raw\pump\id_00\normal\00000937.wav
data/processed\00_normal_00000938.npy,00,normal,0,data/raw\pump\id_00\normal\00000938.wav
data/processed\00_normal_00000939.npy,00,normal,0,data/raw\pump\id_00\normal\00000939.wav
data/processed\00_normal_00000940.npy,00,normal,0,data/raw\pump\id_00\normal\00000940.wav
data/processed\00_normal_00000941.npy,00,normal,0,data/raw\pump\id_00\normal\00000941.wav
data/processed\00_normal_00000942.npy,00,normal,0,data/raw\pump\id_00\normal\00000942.wav
data/processed\00_normal_00000943.npy,00,normal,0,data/raw\pump\id_00\normal\00000943.wav
data/processed\00_normal_00000944.npy,00,normal,0,data/raw\pump\id_00\normal\00000944.wav
data/processed\00_normal_00000945.npy,00,normal,0,data/raw\pump\id_00\normal\00000945.wav
data/processed\00_normal_00000946.npy,00,normal,0,data/raw\pump\id_00\normal\00000946.wav
data/processed\00_normal_00000947.npy,00,normal,0,data/raw\pump\id_00\normal\00000947.wav
data/processed\00_normal_00000948.npy,00,normal,0,data/raw\pump\id_00\normal\00000948.wav
data/processed\00_normal_00000949.npy,00,normal,0,data/raw\pump\id_00\normal\00000949.wav
data/processed\00_normal_00000950.npy,00,normal,0,data/raw\pump\id_00\normal\00000950.wav
data/processed\00_normal_00000951.npy,00,normal,0,data/raw\pump\id_00\normal\00000951.wav
data/processed\00_normal_00000952.npy,00,normal,0,data/raw\pump\id_00\normal\00000952.wav
data/processed\00_normal_00000953.npy,00,normal,0,data/raw\pump\id_00\normal\00000953.wav
data/processed\00_normal_00000954.npy,00,normal,0,data/raw\pump\id_00\normal\00000954.wav
data/processed\00_normal_00000955.npy,00,normal,0,data/raw\pump\id_00\normal\00000955.wav
data/processed\00_normal_00000956.npy,00,normal,0,data/raw\pump\id_00\normal\00000956.wav
data/processed\00_normal_00000957.npy,00,normal,0,data/raw\pump\id_00\normal\00000957.wav
data/processed\00_normal_00000958.npy,00,normal,0,data/raw\pump\id_00\normal\00000958.wav
data/processed\00_normal_00000959.npy,00,normal,0,data/raw\pump\id_00\normal\00000959.wav
data/processed\00_normal_00000960.npy,00,normal,0,data/raw\pump\id_00\normal\00000960.wav
data/processed\00_normal_00000961.npy,00,normal,0,data/raw\pump\id_00\normal\00000961.wav
data/processed\00_normal_00000962.npy,00,normal,0,data/raw\pump\id_00\normal\00000962.wav
data/processed\00_normal_00000963.npy,00,normal,0,data/raw\pump\id_00\normal\00000963.wav
data/processed\00_normal_00000964.npy,00,normal,0,data/raw\pump\id_00\normal\00000964.wav
data/processed\00_normal_00000965.npy,00,normal,0,data/raw\pump\id_00\normal\00000965.wav
data/processed\00_normal_00000966.npy,00,normal,0,data/raw\pump\id_00\normal\00000966.wav
data/processed\00_normal_00000967.npy,00,normal,0,data/raw\pump\id_00\normal\00000967.wav
data/processed\00_normal_00000968.npy,00,normal,0,data/raw\pump\id_00\normal\00000968.wav
data/processed\00_normal_00000969.npy,00,normal,0,data/raw\pump\id_00\normal\00000969.wav
data/processed\00_normal_00000970.npy,00,normal,0,data/raw\pump\id_00\normal\00000970.wav
data/processed\00_normal_00000971.npy,00,normal,0,data/raw\pump\id_00\normal\00000971.wav
data/processed\00_normal_00000972.npy,00,normal,0,data/raw\pump\id_00\normal\00000972.wav
data/processed\00_normal_00000973.npy,00,normal,0,data/raw\pump\id_00\normal\00000973.wav
data/processed\00_normal_00000974.npy,00,normal,0,data/raw\pump\id_00\normal\00000974.wav
data/processed\00_normal_00000975.npy,00,normal,0,data/raw\pump\id_00\normal\00000975.wav
data/processed\00_normal_00000976.npy,00,normal,0,data/raw\pump\id_00\normal\00000976.wav
data/processed\00_normal_00000977.npy,00,normal,0,data/raw\pump\id_00\normal\00000977.wav
data/processed\00_normal_00000978.npy,00,normal,0,data/raw\pump\id_00\normal\00000978.wav
data/processed\00_normal_00000979.npy,00,normal,0,data/raw\pump\id_00\normal\00000979.wav
data/processed\00_normal_00000980.npy,00,normal,0,data/raw\pump\id_00\normal\00000980.wav
data/processed\00_normal_00000981.npy,00,normal,0,data/raw\pump\id_00\normal\00000981.wav
data/processed\00_normal_00000982.npy,00,normal,0,data/raw\pump\id_00\normal\00000982.wav
data/processed\00_normal_00000983.npy,00,normal,0,data/raw\pump\id_00\normal\00000983.wav
data/processed\00_normal_00000984.npy,00,normal,0,data/raw\pump\id_00\normal\00000984.wav
data/processed\00_normal_00000985.npy,00,normal,0,data/raw\pump\id_00\normal\00000985.wav
data/processed\00_normal_00000986.npy,00,normal,0,data/raw\pump\id_00\normal\00000986.wav
data/processed\00_normal_00000987.npy,00,normal,0,data/raw\pump\id_00\normal\00000987.wav
data/processed\00_normal_00000988.npy,00,normal,0,data/raw\pump\id_00\normal\00000988.wav
data/processed\00_normal_00000989.npy,00,normal,0,data/raw\pump\id_00\normal\00000989.wav
data/processed\00_normal_00000990.npy,00,normal,0,data/raw\pump\id_00\normal\00000990.wav
data/processed\00_normal_00000991.npy,00,normal,0,data/raw\pump\id_00\normal\00000991.wav
data/processed\00_normal_00000992.npy,00,normal,0,data/raw\pump\id_00\normal\00000992.wav
data/processed\00_normal_00000993.npy,00,normal,0,data/raw\pump\id_00\normal\00000993.wav
data/processed\00_normal_00000994.npy,00,normal,0,data/raw\pump\id_00\normal\00000994.wav
data/processed\00_normal_00000995.npy,00,normal,0,data/raw\pump\id_00\normal\00000995.wav
data/processed\00_normal_00000996.npy,00,normal,0,data/raw\pump\id_00\normal\00000996.wav
data/processed\00_normal_00000997.npy,00,normal,0,data/raw\pump\id_00\normal\00000997.wav
data/processed\00_normal_00000998.npy,00,normal,0,data/raw\pump\id_00\normal\00000998.wav
data/processed\00_normal_00000999.npy,00,normal,0,data/raw\pump\id_00\normal\00000999.wav
data/processed\00_normal_00001000.npy,00,normal,0,data/raw\pump\id_00\normal\00001000.wav
data/processed\00_normal_00001001.npy,00,normal,0,data/raw\pump\id_00\normal\00001001.wav
data/processed\00_normal_00001002.npy,00,normal,0,data/raw\pump\id_00\normal\00001002.wav
data/processed\00_normal_00001003.npy,00,normal,0,data/raw\pump\id_00\normal\00001003.wav
data/processed\00_normal_00001004.npy,00,normal,0,data/raw\pump\id_00\normal\00001004.wav
data/processed\00_normal_00001005.npy,00,normal,0,data/raw\pump\id_00\normal\00001005.wav
data/processed\02_abnormal_00000000.npy,02,abnormal,1,data/raw\pump\id_02\abnormal\00000000.wav
data/processed\02_abnormal_00000001.npy,02,abnormal,1,data/raw\pump\id_02\abnormal\00000001.wav
data/processed\02_abnormal_00000002.npy,02,abnormal,1,data/raw\pump\id_02\abnormal\00000002.wav
data/processed\02_abnormal_00000003.npy,02,abnormal,1,data/raw\pump\id_02\abnormal\00000003.wav
data/processed\02_abnormal_00000004.npy,02,abnormal,1,data/raw\pump\id_02\abnormal\00000004.wav
data/processed\02_abnormal_00000005.npy,02,abnormal,1,data/raw\pump\id_02\abnormal\00000005.wav
data/processed\02_abnormal_00000006.npy,02,abnormal,1,data/raw\pump\id_02\abnormal\00000006.wav
data/processed\02_abnormal_00000007.npy,02,abnormal,1,data/raw\pump\id_02\abnormal\00000007.wav
data/processed\02_abnormal_00000008.npy,02,abnormal,1,data/raw\pump\id_02\abnormal\00000008.wav
data/processed\02_abnormal_00000009.npy,02,abnormal,1,data/raw\pump\id_02\abnormal\00000009.wav
data/processed\02_abnormal_00000010.npy,02,abnormal,1,data/raw\pump\id_02\abnormal\00000010.wav
data/processed\02_abnormal_00000011.npy,02,abnormal,1,data/raw\pump\id_02\abnormal\00000011.wav
data/processed\02_abnormal_00000012.npy,02,abnormal,1,data/raw\pump\id_02\abnormal\00000012.wav
data/processed\02_abnormal_00000013.npy,02,abnormal,1,data/raw\pump\id_02\abnormal\00000013.wav
data/processed\02_abnormal_00000014.npy,02,abnormal,1,data/raw\pump\id_02\abnormal\00000014.wav
data/processed\02_abnormal_00000015.npy,02,abnormal,1,data/raw\pump\id_02\abnormal\00000015.wav
data/processed\02_abnormal_00000016.npy,02,abnormal,1,data/raw\pump\id_02\abnormal\00000016.wav
data/processed\02_abnormal_00000017.npy,02,abnormal,1,data/raw\pump\id_02\abnormal\00000017.wav
data/processed\02_abnormal_00000018.npy,02,abnormal,1,data/raw\pump\id_02\abnormal\00000018.wav
data/processed\02_abnormal_00000019.npy,02,abnormal,1,data/raw\pump\id_02\abnormal\00000019.wav
data/processed\02_abnormal_00000020.npy,02,abnormal,1,data/raw\pump\id_02\abnormal\00000020.wav
data/processed\02_abnormal_00000021.npy,02,abnormal,1,data/raw\pump\id_02\abnormal\00000021.wav
data/processed\02_abnormal_00000022.npy,02,abnormal,1,data/raw\pump\id_02\abnormal\00000022.wav
data/processed\02_abnormal_00000023.npy,02,abnormal,1,data/raw\pump\id_02\abnormal\00000023.wav
data/processed\02_abnormal_00000024.npy,02,abnormal,1,data/raw\pump\id_02\abnormal\00000024.wav
data/processed\02_abnormal_00000025.npy,02,abnormal,1,data/raw\pump\id_02\abnormal\00000025.wav
data/processed\02_abnormal_00000026.npy,02,abnormal,1,data/raw\pump\id_02\abnormal\00000026.wav
data/processed\02_abnormal_00000027.npy,02,abnormal,1,data/raw\pump\id_02\abnormal\00000027.wav
data/processed\02_abnormal_00000028.npy,02,abnormal,1,data/raw\pump\id_02\abnormal\00000028.wav
data/processed\02_abnormal_00000029.npy,02,abnormal,1,data/raw\pump\id_02\abnormal\00000029.wav
data/processed\02_abnormal_00000030.npy,02,abnormal,1,data/raw\pump\id_02\abnormal\00000030.wav
data/processed\02_abnormal_00000031.npy,02,abnormal,1,data/raw\pump\id_02\abnormal\00000031.wav
data/processed\02_abnormal_00000032.npy,02,abnormal,1,data/raw\pump\id_02\abnormal\00000032.wav
data/processed\02_abnormal_00000033.npy,02,abnormal,1,data/raw\pump\id_02\abnormal\00000033.wav
data/processed\02_abnormal_00000034.npy,02,abnormal,1,data/raw\pump\id_02\abnormal\00000034.wav
data/processed\02_abnormal_00000035.npy,02,abnormal,1,data/raw\pump\id_02\abnormal\00000035.wav
data/processed\02_abnormal_00000036.npy,02,abnormal,1,data/raw\pump\id_02\abnormal\00000036.wav
data/processed\02_abnormal_00000037.npy,02,abnormal,1,data/raw\pump\id_02\abnormal\00000037.wav
data/processed\02_abnormal_00000038.npy,02,abnormal,1,data/raw\pump\id_02\abnormal\00000038.wav
data/processed\02_abnormal_00000039.npy,02,abnormal,1,data/raw\pump\id_02\abnormal\00000039.wav
data/processed\02_abnormal_00000040.npy,02,abnormal,1,data/raw\pump\id_02\abnormal\00000040.wav
data/processed\02_abnormal_00000041.npy,02,abnormal,1,data/raw\pump\id_02\abnormal\00000041.wav
data/processed\02_abnormal_00000042.npy,02,abnormal,1,data/raw\pump\id_02\abnormal\00000042.wav
data/processed\02_abnormal_00000043.npy,02,abnormal,1,data/raw\pump\id_02\abnormal\00000043.wav
data/processed\02_abnormal_00000044.npy,02,abnormal,1,data/raw\pump\id_02\abnormal\00000044.wav
data/processed\02_abnormal_00000045.npy,02,abnormal,1,data/raw\pump\id_02\abnormal\00000045.wav
data/processed\02_abnormal_00000046.npy,02,abnormal,1,data/raw\pump\id_02\abnormal\00000046.wav
data/processed\02_abnormal_00000047.npy,02,abnormal,1,data/raw\pump\id_02\abnormal\00000047.wav
data/processed\02_abnormal_00000048.npy,02,abnormal,1,data/raw\pump\id_02\abnormal\00000048.wav
data/processed\02_abnormal_00000049.npy,02,abnormal,1,data/raw\pump\id_02\abnormal\00000049.wav
data/processed\02_abnormal_00000050.npy,02,abnormal,1,data/raw\pump\id_02\abnormal\00000050.wav
data/processed\02_abnormal_00000051.npy,02,abnormal,1,data/raw\pump\id_02\abnormal\00000051.wav
data/processed\02_abnormal_00000052.npy,02,abnormal,1,data/raw\pump\id_02\abnormal\00000052.wav
data/processed\02_abnormal_00000053.npy,02,abnormal,1,data/raw\pump\id_02\abnormal\00000053.wav
data/processed\02_abnormal_00000054.npy,02,abnormal,1,data/raw\pump\id_02\abnormal\00000054.wav
data/processed\02_abnormal_00000055.npy,02,abnormal,1,data/raw\pump\id_02\abnormal\00000055.wav
data/processed\02_abnormal_00000056.npy,02,abnormal,1,data/raw\pump\id_02\abnormal\00000056.wav
data/processed\02_abnormal_00000057.npy,02,abnormal,1,data/raw\pump\id_02\abnormal\00000057.wav
data/processed\02_abnormal_00000058.npy,02,abnormal,1,data/raw\pump\id_02\abnormal\00000058.wav
data/processed\02_abnormal_00000059.npy,02,abnormal,1,data/raw\pump\id_02\abnormal\00000059.wav
data/processed\02_abnormal_00000060.npy,02,abnormal,1,data/raw\pump\id_02\abnormal\00000060.wav
data/processed\02_abnormal_00000061.npy,02,abnormal,1,data/raw\pump\id_02\abnormal\00000061.wav
data/processed\02_abnormal_00000062.npy,02,abnormal,1,data/raw\pump\id_02\abnormal\00000062.wav
data/processed\02_abnormal_00000063.npy,02,abnormal,1,data/raw\pump\id_02\abnormal\00000063.wav
data/processed\02_abnormal_00000064.npy,02,abnormal,1,data/raw\pump\id_02\abnormal\00000064.wav
data/processed\02_abnormal_00000065.npy,02,abnormal,1,data/raw\pump\id_02\abnormal\00000065.wav
data/processed\02_abnormal_00000066.npy,02,abnormal,1,data/raw\pump\id_02\abnormal\00000066.wav
data/processed\02_abnormal_00000067.npy,02,abnormal,1,data/raw\pump\id_02\abnormal\00000067.wav
data/processed\02_abnormal_00000068.npy,02,abnormal,1,data/raw\pump\id_02\abnormal\00000068.wav
data/processed\02_abnormal_00000069.npy,02,abnormal,1,data/raw\pump\id_02\abnormal\00000069.wav
data/processed\02_abnormal_00000070.npy,02,abnormal,1,data/raw\pump\id_02\abnormal\00000070.wav
data/processed\02_abnormal_00000071.npy,02,abnormal,1,data/raw\pump\id_02\abnormal\00000071.wav
data/processed\02_abnormal_00000072.npy,02,abnormal,1,data/raw\pump\id_02\abnormal\00000072.wav
data/processed\02_abnormal_00000073.npy,02,abnormal,1,data/raw\pump\id_02\abnormal\00000073.wav
data/processed\02_abnormal_00000074.npy,02,abnormal,1,data/raw\pump\id_02\abnormal\00000074.wav
data/processed\02_abnormal_00000075.npy,02,abnormal,1,data/raw\pump\id_02\abnormal\00000075.wav
data/processed\02_abnormal_00000076.npy,02,abnormal,1,data/raw\pump\id_02\abnormal\00000076.wav
data/processed\02_abnormal_00000077.npy,02,abnormal,1,data/raw\pump\id_02\abnormal\00000077.wav
data/processed\02_abnormal_00000078.npy,02,abnormal,1,data/raw\pump\id_02\abnormal\00000078.wav
data/processed\02_abnormal_00000079.npy,02,abnormal,1,data/raw\pump\id_02\abnormal\00000079.wav
data/processed\02_abnormal_00000080.npy,02,abnormal,1,data/raw\pump\id_02\abnormal\00000080.wav
data/processed\02_abnormal_00000081.npy,02,abnormal,1,data/raw\pump\id_02\abnormal\00000081.wav
data/processed\02_abnormal_00000082.npy,02,abnormal,1,data/raw\pump\id_02\abnormal\00000082.wav
data/processed\02_abnormal_00000083.npy,02,abnormal,1,data/raw\pump\id_02\abnormal\00000083.wav
data/processed\02_abnormal_00000084.npy,02,abnormal,1,data/raw\pump\id_02\abnormal\00000084.wav
data/processed\02_abnormal_00000085.npy,02,abnormal,1,data/raw\pump\id_02\abnormal\00000085.wav
data/processed\02_abnormal_00000086.npy,02,abnormal,1,data/raw\pump\id_02\abnormal\00000086.wav
data/processed\02_abnormal_00000087.npy,02,abnormal,1,data/raw\pump\id_02\abnormal\00000087.wav
data/processed\02_abnormal_00000088.npy,02,abnormal,1,data/raw\pump\id_02\abnormal\00000088.wav
data/processed\02_abnormal_00000089.npy,02,abnormal,1,data/raw\pump\id_02\abnormal\00000089.wav
data/processed\02_abnormal_00000090.npy,02,abnormal,1,data/raw\pump\id_02\abnormal\00000090.wav
data/processed\02_abnormal_00000091.npy,02,abnormal,1,data/raw\pump\id_02\abnormal\00000091.wav
data/processed\02_abnormal_00000092.npy,02,abnormal,1,data/raw\pump\id_02\abnormal\00000092.wav
data/processed\02_abnormal_00000093.npy,02,abnormal,1,data/raw\pump\id_02\abnormal\00000093.wav
data/processed\02_abnormal_00000094.npy,02,abnormal,1,data/raw\pump\id_02\abnormal\00000094.wav
data/processed\02_abnormal_00000095.npy,02,abnormal,1,data/raw\pump\id_02\abnormal\00000095.wav
data/processed\02_abnormal_00000096.npy,02,abnormal,1,data/raw\pump\id_02\abnormal\00000096.wav
data/processed\02_abnormal_00000097.npy,02,abnormal,1,data/raw\pump\id_02\abnormal\00000097.wav
data/processed\02_abnormal_00000098.npy,02,abnormal,1,data/raw\pump\id_02\abnormal\00000098.wav
data/processed\02_abnormal_00000099.npy,02,abnormal,1,data/raw\pump\id_02\abnormal\00000099.wav
data/processed\02_abnormal_00000100.npy,02,abnormal,1,data/raw\pump\id_02\abnormal\00000100.wav
data/processed\02_abnormal_00000101.npy,02,abnormal,1,data/raw\pump\id_02\abnormal\00000101.wav
data/processed\02_abnormal_00000102.npy,02,abnormal,1,data/raw\pump\id_02\abnormal\00000102.wav
data/processed\02_abnormal_00000103.npy,02,abnormal,1,data/raw\pump\id_02\abnormal\00000103.wav
data/processed\02_abnormal_00000104.npy,02,abnormal,1,data/raw\pump\id_02\abnormal\00000104.wav
data/processed\02_abnormal_00000105.npy,02,abnormal,1,data/raw\pump\id_02\abnormal\00000105.wav
data/processed\02_abnormal_00000106.npy,02,abnormal,1,data/raw\pump\id_02\abnormal\00000106.wav
data/processed\02_abnormal_00000107.npy,02,abnormal,1,data/raw\pump\id_02\abnormal\00000107.wav
data/processed\02_abnormal_00000108.npy,02,abnormal,1,data/raw\pump\id_02\abnormal\00000108.wav
data/processed\02_abnormal_00000109.npy,02,abnormal,1,data/raw\pump\id_02\abnormal\00000109.wav
data/processed\02_abnormal_00000110.npy,02,abnormal,1,data/raw\pump\id_02\abnormal\00000110.wav
data/processed\02_normal_00000000.npy,02,normal,0,data/raw\pump\id_02\normal\00000000.wav
data/processed\02_normal_00000001.npy,02,normal,0,data/raw\pump\id_02\normal\00000001.wav
data/processed\02_normal_00000002.npy,02,normal,0,data/raw\pump\id_02\normal\00000002.wav
data/processed\02_normal_00000003.npy,02,normal,0,data/raw\pump\id_02\normal\00000003.wav
data/processed\02_normal_00000004.npy,02,normal,0,data/raw\pump\id_02\normal\00000004.wav
data/processed\02_normal_00000005.npy,02,normal,0,data/raw\pump\id_02\normal\00000005.wav
data/processed\02_normal_00000006.npy,02,normal,0,data/raw\pump\id_02\normal\00000006.wav
data/processed\02_normal_00000007.npy,02,normal,0,data/raw\pump\id_02\normal\00000007.wav
data/processed\02_normal_00000008.npy,02,normal,0,data/raw\pump\id_02\normal\00000008.wav
data/processed\02_normal_00000009.npy,02,normal,0,data/raw\pump\id_02\normal\00000009.wav
data/processed\02_normal_00000010.npy,02,normal,0,data/raw\pump\id_02\normal\00000010.wav
data/processed\02_normal_00000011.npy,02,normal,0,data/raw\pump\id_02\normal\00000011.wav
data/processed\02_normal_00000012.npy,02,normal,0,data/raw\pump\id_02\normal\00000012.wav
data/processed\02_normal_00000013.npy,02,normal,0,data/raw\pump\id_02\normal\00000013.wav
data/processed\02_normal_00000014.npy,02,normal,0,data/raw\pump\id_02\normal\00000014.wav
data/processed\02_normal_00000015.npy,02,normal,0,data/raw\pump\id_02\normal\00000015.wav
data/processed\02_normal_00000016.npy,02,normal,0,data/raw\pump\id_02\normal\00000016.wav
data/processed\02_normal_00000017.npy,02,normal,0,data/raw\pump\id_02\normal\00000017.wav
data/processed\02_normal_00000018.npy,02,normal,0,data/raw\pump\id_02\normal\00000018.wav
data/processed\02_normal_00000019.npy,02,normal,0,data/raw\pump\id_02\normal\00000019.wav
data/processed\02_normal_00000020.npy,02,normal,0,data/raw\pump\id_02\normal\00000020.wav
data/processed\02_normal_00000021.npy,02,normal,0,data/raw\pump\id_02\normal\00000021.wav
data/processed\02_normal_00000022.npy,02,normal,0,data/raw\pump\id_02\normal\00000022.wav
data/processed\02_normal_00000023.npy,02,normal,0,data/raw\pump\id_02\normal\00000023.wav
data/processed\02_normal_00000024.npy,02,normal,0,data/raw\pump\id_02\normal\00000024.wav
data/processed\02_normal_00000025.npy,02,normal,0,data/raw\pump\id_02\normal\00000025.wav
data/processed\02_normal_00000026.npy,02,normal,0,data/raw\pump\id_02\normal\00000026.wav
data/processed\02_normal_00000027.npy,02,normal,0,data/raw\pump\id_02\normal\00000027.wav
data/processed\02_normal_00000028.npy,02,normal,0,data/raw\pump\id_02\normal\00000028.wav
data/processed\02_normal_00000029.npy,02,normal,0,data/raw\pump\id_02\normal\00000029.wav
data/processed\02_normal_00000030.npy,02,normal,0,data/raw\pump\id_02\normal\00000030.wav
data/processed\02_normal_00000031.npy,02,normal,0,data/raw\pump\id_02\normal\00000031.wav
data/processed\02_normal_00000032.npy,02,normal,0,data/raw\pump\id_02\normal\00000032.wav
data/processed\02_normal_00000033.npy,02,normal,0,data/raw\pump\id_02\normal\00000033.wav
data/processed\02_normal_00000034.npy,02,normal,0,data/raw\pump\id_02\normal\00000034.wav
data/processed\02_normal_00000035.npy,02,normal,0,data/raw\pump\id_02\normal\00000035.wav
data/processed\02_normal_00000036.npy,02,normal,0,data/raw\pump\id_02\normal\00000036.wav
data/processed\02_normal_00000037.npy,02,normal,0,data/raw\pump\id_02\normal\00000037.wav
data/processed\02_normal_00000038.npy,02,normal,0,data/raw\pump\id_02\normal\00000038.wav
data/processed\02_normal_00000039.npy,02,normal,0,data/raw\pump\id_02\normal\00000039.wav
data/processed\02_normal_00000040.npy,02,normal,0,data/raw\pump\id_02\normal\00000040.wav
data/processed\02_normal_00000041.npy,02,normal,0,data/raw\pump\id_02\normal\00000041.wav
data/processed\02_normal_00000042.npy,02,normal,0,data/raw\pump\id_02\normal\00000042.wav
data/processed\02_normal_00000043.npy,02,normal,0,data/raw\pump\id_02\normal\00000043.wav
data/processed\02_normal_00000044.npy,02,normal,0,data/raw\pump\id_02\normal\00000044.wav
data/processed\02_normal_00000045.npy,02,normal,0,data/raw\pump\id_02\normal\00000045.wav
data/processed\02_normal_00000046.npy,02,normal,0,data/raw\pump\id_02\normal\00000046.wav
data/processed\02_normal_00000047.npy,02,normal,0,data/raw\pump\id_02\normal\00000047.wav
data/processed\02_normal_00000048.npy,02,normal,0,data/raw\pump\id_02\normal\00000048.wav
data/processed\02_normal_00000049.npy,02,normal,0,data/raw\pump\id_02\normal\00000049.wav
data/processed\02_normal_00000050.npy,02,normal,0,data/raw\pump\id_02\normal\00000050.wav
data/processed\02_normal_00000051.npy,02,normal,0,data/raw\pump\id_02\normal\00000051.wav
data/processed\02_normal_00000052.npy,02,normal,0,data/raw\pump\id_02\normal\00000052.wav
data/processed\02_normal_00000053.npy,02,normal,0,data/raw\pump\id_02\normal\00000053.wav
data/processed\02_normal_00000054.npy,02,normal,0,data/raw\pump\id_02\normal\00000054.wav
data/processed\02_normal_00000055.npy,02,normal,0,data/raw\pump\id_02\normal\00000055.wav
data/processed\02_normal_00000056.npy,02,normal,0,data/raw\pump\id_02\normal\00000056.wav
data/processed\02_normal_00000057.npy,02,normal,0,data/raw\pump\id_02\normal\00000057.wav
data/processed\02_normal_00000058.npy,02,normal,0,data/raw\pump\id_02\normal\00000058.wav
data/processed\02_normal_00000059.npy,02,normal,0,data/raw\pump\id_02\normal\00000059.wav
data/processed\02_normal_00000060.npy,02,normal,0,data/raw\pump\id_02\normal\00000060.wav
data/processed\02_normal_00000061.npy,02,normal,0,data/raw\pump\id_02\normal\00000061.wav
data/processed\02_normal_00000062.npy,02,normal,0,data/raw\pump\id_02\normal\00000062.wav
data/processed\02_normal_00000063.npy,02,normal,0,data/raw\pump\id_02\normal\00000063.wav
data/processed\02_normal_00000064.npy,02,normal,0,data/raw\pump\id_02\normal\00000064.wav
data/processed\02_normal_00000065.npy,02,normal,0,data/raw\pump\id_02\normal\00000065.wav
data/processed\02_normal_00000066.npy,02,normal,0,data/raw\pump\id_02\normal\00000066.wav
data/processed\02_normal_00000067.npy,02,normal,0,data/raw\pump\id_02\normal\00000067.wav
data/processed\02_normal_00000068.npy,02,normal,0,data/raw\pump\id_02\normal\00000068.wav
data/processed\02_normal_00000069.npy,02,normal,0,data/raw\pump\id_02\normal\00000069.wav
data/processed\02_normal_00000070.npy,02,normal,0,data/raw\pump\id_02\normal\00000070.wav
data/processed\02_normal_00000071.npy,02,normal,0,data/raw\pump\id_02\normal\00000071.wav
data/processed\02_normal_00000072.npy,02,normal,0,data/raw\pump\id_02\normal\00000072.wav
data/processed\02_normal_00000073.npy,02,normal,0,data/raw\pump\id_02\normal\00000073.wav
data/processed\02_normal_00000074.npy,02,normal,0,data/raw\pump\id_02\normal\00000074.wav
data/processed\02_normal_00000075.npy,02,normal,0,data/raw\pump\id_02\normal\00000075.wav
data/processed\02_normal_00000076.npy,02,normal,0,data/raw\pump\id_02\normal\00000076.wav
data/processed\02_normal_00000077.npy,02,normal,0,data/raw\pump\id_02\normal\00000077.wav
data/processed\02_normal_00000078.npy,02,normal,0,data/raw\pump\id_02\normal\00000078.wav
data/processed\02_normal_00000079.npy,02,normal,0,data/raw\pump\id_02\normal\00000079.wav
data/processed\02_normal_00000080.npy,02,normal,0,data/raw\pump\id_02\normal\00000080.wav
data/processed\02_normal_00000081.npy,02,normal,0,data/raw\pump\id_02\normal\00000081.wav
data/processed\02_normal_00000082.npy,02,normal,0,data/raw\pump\id_02\normal\00000082.wav
data/processed\02_normal_00000083.npy,02,normal,0,data/raw\pump\id_02\normal\00000083.wav
data/processed\02_normal_00000084.npy,02,normal,0,data/raw\pump\id_02\normal\00000084.wav
data/processed\02_normal_00000085.npy,02,normal,0,data/raw\pump\id_02\normal\00000085.wav
data/processed\02_normal_00000086.npy,02,normal,0,data/raw\pump\id_02\normal\00000086.wav
data/processed\02_normal_00000087.npy,02,normal,0,data/raw\pump\id_02\normal\00000087.wav
data/processed\02_normal_00000088.npy,02,normal,0,data/raw\pump\id_02\normal\00000088.wav
data/processed\02_normal_00000089.npy,02,normal,0,data/raw\pump\id_02\normal\00000089.wav
data/processed\02_normal_00000090.npy,02,normal,0,data/raw\pump\id_02\normal\00000090.wav
data/processed\02_normal_00000091.npy,02,normal,0,data/raw\pump\id_02\normal\00000091.wav
data/processed\02_normal_00000092.npy,02,normal,0,data/raw\pump\id_02\normal\00000092.wav
data/processed\02_normal_00000093.npy,02,normal,0,data/raw\pump\id_02\normal\00000093.wav
data/processed\02_normal_00000094.npy,02,normal,0,data/raw\pump\id_02\normal\00000094.wav
data/processed\02_normal_00000095.npy,02,normal,0,data/raw\pump\id_02\normal\00000095.wav
data/processed\02_normal_00000096.npy,02,normal,0,data/raw\pump\id_02\normal\00000096.wav
data/processed\02_normal_00000097.npy,02,normal,0,data/raw\pump\id_02\normal\00000097.wav
data/processed\02_normal_00000098.npy,02,normal,0,data/raw\pump\id_02\normal\00000098.wav
data/processed\02_normal_00000099.npy,02,normal,0,data/raw\pump\id_02\normal\00000099.wav
data/processed\02_normal_00000100.npy,02,normal,0,data/raw\pump\id_02\normal\00000100.wav
data/processed\02_normal_00000101.npy,02,normal,0,data/raw\pump\id_02\normal\00000101.wav
data/processed\02_normal_00000102.npy,02,normal,0,data/raw\pump\id_02\normal\00000102.wav
data/processed\02_normal_00000103.npy,02,normal,0,data/raw\pump\id_02\normal\00000103.wav
data/processed\02_normal_00000104.npy,02,normal,0,data/raw\pump\id_02\normal\00000104.wav
data/processed\02_normal_00000105.npy,02,normal,0,data/raw\pump\id_02\normal\00000105.wav
data/processed\02_normal_00000106.npy,02,normal,0,data/raw\pump\id_02\normal\00000106.wav
data/processed\02_normal_00000107.npy,02,normal,0,data/raw\pump\id_02\normal\00000107.wav
data/processed\02_normal_00000108.npy,02,normal,0,data/raw\pump\id_02\normal\00000108.wav
data/processed\02_normal_00000109.npy,02,normal,0,data/raw\pump\id_02\normal\00000109.wav
data/processed\02_normal_00000110.npy,02,normal,0,data/raw\pump\id_02\normal\00000110.wav
data/processed\02_normal_00000111.npy,02,normal,0,data/raw\pump\id_02\normal\00000111.wav
data/processed\02_normal_00000112.npy,02,normal,0,data/raw\pump\id_02\normal\00000112.wav
data/processed\02_normal_00000113.npy,02,normal,0,data/raw\pump\id_02\normal\00000113.wav
data/processed\02_normal_00000114.npy,02,normal,0,data/raw\pump\id_02\normal\00000114.wav
data/processed\02_normal_00000115.npy,02,normal,0,data/raw\pump\id_02\normal\00000115.wav
data/processed\02_normal_00000116.npy,02,normal,0,data/raw\pump\id_02\normal\00000116.wav
data/processed\02_normal_00000117.npy,02,normal,0,data/raw\pump\id_02\normal\00000117.wav
data/processed\02_normal_00000118.npy,02,normal,0,data/raw\pump\id_02\normal\00000118.wav
data/processed\02_normal_00000119.npy,02,normal,0,data/raw\pump\id_02\normal\00000119.wav
data/processed\02_normal_00000120.npy,02,normal,0,data/raw\pump\id_02\normal\00000120.wav
data/processed\02_normal_00000121.npy,02,normal,0,data/raw\pump\id_02\normal\00000121.wav
data/processed\02_normal_00000122.npy,02,normal,0,data/raw\pump\id_02\normal\00000122.wav
data/processed\02_normal_00000123.npy,02,normal,0,data/raw\pump\id_02\normal\00000123.wav
data/processed\02_normal_00000124.npy,02,normal,0,data/raw\pump\id_02\normal\00000124.wav
data/processed\02_normal_00000125.npy,02,normal,0,data/raw\pump\id_02\normal\00000125.wav
data/processed\02_normal_00000126.npy,02,normal,0,data/raw\pump\id_02\normal\00000126.wav
data/processed\02_normal_00000127.npy,02,normal,0,data/raw\pump\id_02\normal\00000127.wav
data/processed\02_normal_00000128.npy,02,normal,0,data/raw\pump\id_02\normal\00000128.wav
data/processed\02_normal_00000129.npy,02,normal,0,data/raw\pump\id_02\normal\00000129.wav
data/processed\02_normal_00000130.npy,02,normal,0,data/raw\pump\id_02\normal\00000130.wav
data/processed\02_normal_00000131.npy,02,normal,0,data/raw\pump\id_02\normal\00000131.wav
data/processed\02_normal_00000132.npy,02,normal,0,data/raw\pump\id_02\normal\00000132.wav
data/processed\02_normal_00000133.npy,02,normal,0,data/raw\pump\id_02\normal\00000133.wav
data/processed\02_normal_00000134.npy,02,normal,0,data/raw\pump\id_02\normal\00000134.wav
data/processed\02_normal_00000135.npy,02,normal,0,data/raw\pump\id_02\normal\00000135.wav
data/processed\02_normal_00000136.npy,02,normal,0,data/raw\pump\id_02\normal\00000136.wav
data/processed\02_normal_00000137.npy,02,normal,0,data/raw\pump\id_02\normal\00000137.wav
data/processed\02_normal_00000138.npy,02,normal,0,data/raw\pump\id_02\normal\00000138.wav
data/processed\02_normal_00000139.npy,02,normal,0,data/raw\pump\id_02\normal\00000139.wav
data/processed\02_normal_00000140.npy,02,normal,0,data/raw\pump\id_02\normal\00000140.wav
data/processed\02_normal_00000141.npy,02,normal,0,data/raw\pump\id_02\normal\00000141.wav
data/processed\02_normal_00000142.npy,02,normal,0,data/raw\pump\id_02\normal\00000142.wav
data/processed\02_normal_00000143.npy,02,normal,0,data/raw\pump\id_02\normal\00000143.wav
data/processed\02_normal_00000144.npy,02,normal,0,data/raw\pump\id_02\normal\00000144.wav
data/processed\02_normal_00000145.npy,02,normal,0,data/raw\pump\id_02\normal\00000145.wav
data/processed\02_normal_00000146.npy,02,normal,0,data/raw\pump\id_02\normal\00000146.wav
data/processed\02_normal_00000147.npy,02,normal,0,data/raw\pump\id_02\normal\00000147.wav
data/processed\02_normal_00000148.npy,02,normal,0,data/raw\pump\id_02\normal\00000148.wav
data/processed\02_normal_00000149.npy,02,normal,0,data/raw\pump\id_02\normal\00000149.wav
data/processed\02_normal_00000150.npy,02,normal,0,data/raw\pump\id_02\normal\00000150.wav
data/processed\02_normal_00000151.npy,02,normal,0,data/raw\pump\id_02\normal\00000151.wav
data/processed\02_normal_00000152.npy,02,normal,0,data/raw\pump\id_02\normal\00000152.wav
data/processed\02_normal_00000153.npy,02,normal,0,data/raw\pump\id_02\normal\00000153.wav
data/processed\02_normal_00000154.npy,02,normal,0,data/raw\pump\id_02\normal\00000154.wav
data/processed\02_normal_00000155.npy,02,normal,0,data/raw\pump\id_02\normal\00000155.wav
data/processed\02_normal_00000156.npy,02,normal,0,data/raw\pump\id_02\normal\00000156.wav
data/processed\02_normal_00000157.npy,02,normal,0,data/raw\pump\id_02\normal\00000157.wav
data/processed\02_normal_00000158.npy,02,normal,0,data/raw\pump\id_02\normal\00000158.wav
data/processed\02_normal_00000159.npy,02,normal,0,data/raw\pump\id_02\normal\00000159.wav
data/processed\02_normal_00000160.npy,02,normal,0,data/raw\pump\id_02\normal\00000160.wav
data/processed\02_normal_00000161.npy,02,normal,0,data/raw\pump\id_02\normal\00000161.wav
data/processed\02_normal_00000162.npy,02,normal,0,data/raw\pump\id_02\normal\00000162.wav
data/processed\02_normal_00000163.npy,02,normal,0,data/raw\pump\id_02\normal\00000163.wav
data/processed\02_normal_00000164.npy,02,normal,0,data/raw\pump\id_02\normal\00000164.wav
data/processed\02_normal_00000165.npy,02,normal,0,data/raw\pump\id_02\normal\00000165.wav
data/processed\02_normal_00000166.npy,02,normal,0,data/raw\pump\id_02\normal\00000166.wav
data/processed\02_normal_00000167.npy,02,normal,0,data/raw\pump\id_02\normal\00000167.wav
data/processed\02_normal_00000168.npy,02,normal,0,data/raw\pump\id_02\normal\00000168.wav
data/processed\02_normal_00000169.npy,02,normal,0,data/raw\pump\id_02\normal\00000169.wav
data/processed\02_normal_00000170.npy,02,normal,0,data/raw\pump\id_02\normal\00000170.wav
data/processed\02_normal_00000171.npy,02,normal,0,data/raw\pump\id_02\normal\00000171.wav
data/processed\02_normal_00000172.npy,02,normal,0,data/raw\pump\id_02\normal\00000172.wav
data/processed\02_normal_00000173.npy,02,normal,0,data/raw\pump\id_02\normal\00000173.wav
data/processed\02_normal_00000174.npy,02,normal,0,data/raw\pump\id_02\normal\00000174.wav
data/processed\02_normal_00000175.npy,02,normal,0,data/raw\pump\id_02\normal\00000175.wav
data/processed\02_normal_00000176.npy,02,normal,0,data/raw\pump\id_02\normal\00000176.wav
data/processed\02_normal_00000177.npy,02,normal,0,data/raw\pump\id_02\normal\00000177.wav
data/processed\02_normal_00000178.npy,02,normal,0,data/raw\pump\id_02\normal\00000178.wav
data/processed\02_normal_00000179.npy,02,normal,0,data/raw\pump\id_02\normal\00000179.wav
data/processed\02_normal_00000180.npy,02,normal,0,data/raw\pump\id_02\normal\00000180.wav
data/processed\02_normal_00000181.npy,02,normal,0,data/raw\pump\id_02\normal\00000181.wav
data/processed\02_normal_00000182.npy,02,normal,0,data/raw\pump\id_02\normal\00000182.wav
data/processed\02_normal_00000183.npy,02,normal,0,data/raw\pump\id_02\normal\00000183.wav
data/processed\02_normal_00000184.npy,02,normal,0,data/raw\pump\id_02\normal\00000184.wav
data/processed\02_normal_00000185.npy,02,normal,0,data/raw\pump\id_02\normal\00000185.wav
data/processed\02_normal_00000186.npy,02,normal,0,data/raw\pump\id_02\normal\00000186.wav
data/processed\02_normal_00000187.npy,02,normal,0,data/raw\pump\id_02\normal\00000187.wav
data/processed\02_normal_00000188.npy,02,normal,0,data/raw\pump\id_02\normal\00000188.wav
data/processed\02_normal_00000189.npy,02,normal,0,data/raw\pump\id_02\normal\00000189.wav
data/processed\02_normal_00000190.npy,02,normal,0,data/raw\pump\id_02\normal\00000190.wav
data/processed\02_normal_00000191.npy,02,normal,0,data/raw\pump\id_02\normal\00000191.wav
data/processed\02_normal_00000192.npy,02,normal,0,data/raw\pump\id_02\normal\00000192.wav
data/processed\02_normal_00000193.npy,02,normal,0,data/raw\pump\id_02\normal\00000193.wav
data/processed\02_normal_00000194.npy,02,normal,0,data/raw\pump\id_02\normal\00000194.wav
data/processed\02_normal_00000195.npy,02,normal,0,data/raw\pump\id_02\normal\00000195.wav
data/processed\02_normal_00000196.npy,02,normal,0,data/raw\pump\id_02\normal\00000196.wav
data/processed\02_normal_00000197.npy,02,normal,0,data/raw\pump\id_02\normal\00000197.wav
data/processed\02_normal_00000198.npy,02,normal,0,data/raw\pump\id_02\normal\00000198.wav
data/processed\02_normal_00000199.npy,02,normal,0,data/raw\pump\id_02\normal\00000199.wav
data/processed\02_normal_00000200.npy,02,normal,0,data/raw\pump\id_02\normal\00000200.wav
data/processed\02_normal_00000201.npy,02,normal,0,data/raw\pump\id_02\normal\00000201.wav
data/processed\02_normal_00000202.npy,02,normal,0,data/raw\pump\id_02\normal\00000202.wav
data/processed\02_normal_00000203.npy,02,normal,0,data/raw\pump\id_02\normal\00000203.wav
data/processed\02_normal_00000204.npy,02,normal,0,data/raw\pump\id_02\normal\00000204.wav
data/processed\02_normal_00000205.npy,02,normal,0,data/raw\pump\id_02\normal\00000205.wav
data/processed\02_normal_00000206.npy,02,normal,0,data/raw\pump\id_02\normal\00000206.wav
data/processed\02_normal_00000207.npy,02,normal,0,data/raw\pump\id_02\normal\00000207.wav
data/processed\02_normal_00000208.npy,02,normal,0,data/raw\pump\id_02\normal\00000208.wav
data/processed\02_normal_00000209.npy,02,normal,0,data/raw\pump\id_02\normal\00000209.wav
data/processed\02_normal_00000210.npy,02,normal,0,data/raw\pump\id_02\normal\00000210.wav
data/processed\02_normal_00000211.npy,02,normal,0,data/raw\pump\id_02\normal\00000211.wav
data/processed\02_normal_00000212.npy,02,normal,0,data/raw\pump\id_02\normal\00000212.wav
data/processed\02_normal_00000213.npy,02,normal,0,data/raw\pump\id_02\normal\00000213.wav
data/processed\02_normal_00000214.npy,02,normal,0,data/raw\pump\id_02\normal\00000214.wav
data/processed\02_normal_00000215.npy,02,normal,0,data/raw\pump\id_02\normal\00000215.wav
data/processed\02_normal_00000216.npy,02,normal,0,data/raw\pump\id_02\normal\00000216.wav
data/processed\02_normal_00000217.npy,02,normal,0,data/raw\pump\id_02\normal\00000217.wav
data/processed\02_normal_00000218.npy,02,normal,0,data/raw\pump\id_02\normal\00000218.wav
data/processed\02_normal_00000219.npy,02,normal,0,data/raw\pump\id_02\normal\00000219.wav
data/processed\02_normal_00000220.npy,02,normal,0,data/raw\pump\id_02\normal\00000220.wav
data/processed\02_normal_00000221.npy,02,normal,0,data/raw\pump\id_02\normal\00000221.wav
data/processed\02_normal_00000222.npy,02,normal,0,data/raw\pump\id_02\normal\00000222.wav
data/processed\02_normal_00000223.npy,02,normal,0,data/raw\pump\id_02\normal\00000223.wav
data/processed\02_normal_00000224.npy,02,normal,0,data/raw\pump\id_02\normal\00000224.wav
data/processed\02_normal_00000225.npy,02,normal,0,data/raw\pump\id_02\normal\00000225.wav
data/processed\02_normal_00000226.npy,02,normal,0,data/raw\pump\id_02\normal\00000226.wav
data/processed\02_normal_00000227.npy,02,normal,0,data/raw\pump\id_02\normal\00000227.wav
data/processed\02_normal_00000228.npy,02,normal,0,data/raw\pump\id_02\normal\00000228.wav
data/processed\02_normal_00000229.npy,02,normal,0,data/raw\pump\id_02\normal\00000229.wav
data/processed\02_normal_00000230.npy,02,normal,0,data/raw\pump\id_02\normal\00000230.wav
data/processed\02_normal_00000231.npy,02,normal,0,data/raw\pump\id_02\normal\00000231.wav
data/processed\02_normal_00000232.npy,02,normal,0,data/raw\pump\id_02\normal\00000232.wav
data/processed\02_normal_00000233.npy,02,normal,0,data/raw\pump\id_02\normal\00000233.wav
data/processed\02_normal_00000234.npy,02,normal,0,data/raw\pump\id_02\normal\00000234.wav
data/processed\02_normal_00000235.npy,02,normal,0,data/raw\pump\id_02\normal\00000235.wav
data/processed\02_normal_00000236.npy,02,normal,0,data/raw\pump\id_02\normal\00000236.wav
data/processed\02_normal_00000237.npy,02,normal,0,data/raw\pump\id_02\normal\00000237.wav
data/processed\02_normal_00000238.npy,02,normal,0,data/raw\pump\id_02\normal\00000238.wav
data/processed\02_normal_00000239.npy,02,normal,0,data/raw\pump\id_02\normal\00000239.wav
data/processed\02_normal_00000240.npy,02,normal,0,data/raw\pump\id_02\normal\00000240.wav
data/processed\02_normal_00000241.npy,02,normal,0,data/raw\pump\id_02\normal\00000241.wav
data/processed\02_normal_00000242.npy,02,normal,0,data/raw\pump\id_02\normal\00000242.wav
data/processed\02_normal_00000243.npy,02,normal,0,data/raw\pump\id_02\normal\00000243.wav
data/processed\02_normal_00000244.npy,02,normal,0,data/raw\pump\id_02\normal\00000244.wav
data/processed\02_normal_00000245.npy,02,normal,0,data/raw\pump\id_02\normal\00000245.wav
data/processed\02_normal_00000246.npy,02,normal,0,data/raw\pump\id_02\normal\00000246.wav
data/processed\02_normal_00000247.npy,02,normal,0,data/raw\pump\id_02\normal\00000247.wav
data/processed\02_normal_00000248.npy,02,normal,0,data/raw\pump\id_02\normal\00000248.wav
data/processed\02_normal_00000249.npy,02,normal,0,data/raw\pump\id_02\normal\00000249.wav
data/processed\02_normal_00000250.npy,02,normal,0,data/raw\pump\id_02\normal\00000250.wav
data/processed\02_normal_00000251.npy,02,normal,0,data/raw\pump\id_02\normal\00000251.wav
data/processed\02_normal_00000252.npy,02,normal,0,data/raw\pump\id_02\normal\00000252.wav
data/processed\02_normal_00000253.npy,02,normal,0,data/raw\pump\id_02\normal\00000253.wav
data/processed\02_normal_00000254.npy,02,normal,0,data/raw\pump\id_02\normal\00000254.wav
data/processed\02_normal_00000255.npy,02,normal,0,data/raw\pump\id_02\normal\00000255.wav
data/processed\02_normal_00000256.npy,02,normal,0,data/raw\pump\id_02\normal\00000256.wav
data/processed\02_normal_00000257.npy,02,normal,0,data/raw\pump\id_02\normal\00000257.wav
data/processed\02_normal_00000258.npy,02,normal,0,data/raw\pump\id_02\normal\00000258.wav
data/processed\02_normal_00000259.npy,02,normal,0,data/raw\pump\id_02\normal\00000259.wav
data/processed\02_normal_00000260.npy,02,normal,0,data/raw\pump\id_02\normal\00000260.wav
data/processed\02_normal_00000261.npy,02,normal,0,data/raw\pump\id_02\normal\00000261.wav
data/processed\02_normal_00000262.npy,02,normal,0,data/raw\pump\id_02\normal\00000262.wav
data/processed\02_normal_00000263.npy,02,normal,0,data/raw\pump\id_02\normal\00000263.wav
data/processed\02_normal_00000264.npy,02,normal,0,data/raw\pump\id_02\normal\00000264.wav
data/processed\02_normal_00000265.npy,02,normal,0,data/raw\pump\id_02\normal\00000265.wav
data/processed\02_normal_00000266.npy,02,normal,0,data/raw\pump\id_02\normal\00000266.wav
data/processed\02_normal_00000267.npy,02,normal,0,data/raw\pump\id_02\normal\00000267.wav
data/processed\02_normal_00000268.npy,02,normal,0,data/raw\pump\id_02\normal\00000268.wav
data/processed\02_normal_00000269.npy,02,normal,0,data/raw\pump\id_02\normal\00000269.wav
data/processed\02_normal_00000270.npy,02,normal,0,data/raw\pump\id_02\normal\00000270.wav
data/processed\02_normal_00000271.npy,02,normal,0,data/raw\pump\id_02\normal\00000271.wav
data/processed\02_normal_00000272.npy,02,normal,0,data/raw\pump\id_02\normal\00000272.wav
data/processed\02_normal_00000273.npy,02,normal,0,data/raw\pump\id_02\normal\00000273.wav
data/processed\02_normal_00000274.npy,02,normal,0,data/raw\pump\id_02\normal\00000274.wav
data/processed\02_normal_00000275.npy,02,normal,0,data/raw\pump\id_02\normal\00000275.wav
data/processed\02_normal_00000276.npy,02,normal,0,data/raw\pump\id_02\normal\00000276.wav
data/processed\02_normal_00000277.npy,02,normal,0,data/raw\pump\id_02\normal\00000277.wav
data/processed\02_normal_00000278.npy,02,normal,0,data/raw\pump\id_02\normal\00000278.wav
data/processed\02_normal_00000279.npy,02,normal,0,data/raw\pump\id_02\normal\00000279.wav
data/processed\02_normal_00000280.npy,02,normal,0,data/raw\pump\id_02\normal\00000280.wav
data/processed\02_normal_00000281.npy,02,normal,0,data/raw\pump\id_02\normal\00000281.wav
data/processed\02_normal_00000282.npy,02,normal,0,data/raw\pump\id_02\normal\00000282.wav
data/processed\02_normal_00000283.npy,02,normal,0,data/raw\pump\id_02\normal\00000283.wav
data/processed\02_normal_00000284.npy,02,normal,0,data/raw\pump\id_02\normal\00000284.wav
data/processed\02_normal_00000285.npy,02,normal,0,data/raw\pump\id_02\normal\00000285.wav
data/processed\02_normal_00000286.npy,02,normal,0,data/raw\pump\id_02\normal\00000286.wav
data/processed\02_normal_00000287.npy,02,normal,0,data/raw\pump\id_02\normal\00000287.wav
data/processed\02_normal_00000288.npy,02,normal,0,data/raw\pump\id_02\normal\00000288.wav
data/processed\02_normal_00000289.npy,02,normal,0,data/raw\pump\id_02\normal\00000289.wav
data/processed\02_normal_00000290.npy,02,normal,0,data/raw\pump\id_02\normal\00000290.wav
data/processed\02_normal_00000291.npy,02,normal,0,data/raw\pump\id_02\normal\00000291.wav
data/processed\02_normal_00000292.npy,02,normal,0,data/raw\pump\id_02\normal\00000292.wav
data/processed\02_normal_00000293.npy,02,normal,0,data/raw\pump\id_02\normal\00000293.wav
data/processed\02_normal_00000294.npy,02,normal,0,data/raw\pump\id_02\normal\00000294.wav
data/processed\02_normal_00000295.npy,02,normal,0,data/raw\pump\id_02\normal\00000295.wav
data/processed\02_normal_00000296.npy,02,normal,0,data/raw\pump\id_02\normal\00000296.wav
data/processed\02_normal_00000297.npy,02,normal,0,data/raw\pump\id_02\normal\00000297.wav
data/processed\02_normal_00000298.npy,02,normal,0,data/raw\pump\id_02\normal\00000298.wav
data/processed\02_normal_00000299.npy,02,normal,0,data/raw\pump\id_02\normal\00000299.wav
data/processed\02_normal_00000300.npy,02,normal,0,data/raw\pump\id_02\normal\00000300.wav
data/processed\02_normal_00000301.npy,02,normal,0,data/raw\pump\id_02\normal\00000301.wav
data/processed\02_normal_00000302.npy,02,normal,0,data/raw\pump\id_02\normal\00000302.wav
data/processed\02_normal_00000303.npy,02,normal,0,data/raw\pump\id_02\normal\00000303.wav
data/processed\02_normal_00000304.npy,02,normal,0,data/raw\pump\id_02\normal\00000304.wav
data/processed\02_normal_00000305.npy,02,normal,0,data/raw\pump\id_02\normal\00000305.wav
data/processed\02_normal_00000306.npy,02,normal,0,data/raw\pump\id_02\normal\00000306.wav
data/processed\02_normal_00000307.npy,02,normal,0,data/raw\pump\id_02\normal\00000307.wav
data/processed\02_normal_00000308.npy,02,normal,0,data/raw\pump\id_02\normal\00000308.wav
data/processed\02_normal_00000309.npy,02,normal,0,data/raw\pump\id_02\normal\00000309.wav
data/processed\02_normal_00000310.npy,02,normal,0,data/raw\pump\id_02\normal\00000310.wav
data/processed\02_normal_00000311.npy,02,normal,0,data/raw\pump\id_02\normal\00000311.wav
data/processed\02_normal_00000312.npy,02,normal,0,data/raw\pump\id_02\normal\00000312.wav
data/processed\02_normal_00000313.npy,02,normal,0,data/raw\pump\id_02\normal\00000313.wav
data/processed\02_normal_00000314.npy,02,normal,0,data/raw\pump\id_02\normal\00000314.wav
data/processed\02_normal_00000315.npy,02,normal,0,data/raw\pump\id_02\normal\00000315.wav
data/processed\02_normal_00000316.npy,02,normal,0,data/raw\pump\id_02\normal\00000316.wav
data/processed\02_normal_00000317.npy,02,normal,0,data/raw\pump\id_02\normal\00000317.wav
data/processed\02_normal_00000318.npy,02,normal,0,data/raw\pump\id_02\normal\00000318.wav
data/processed\02_normal_00000319.npy,02,normal,0,data/raw\pump\id_02\normal\00000319.wav
data/processed\02_normal_00000320.npy,02,normal,0,data/raw\pump\id_02\normal\00000320.wav
data/processed\02_normal_00000321.npy,02,normal,0,data/raw\pump\id_02\normal\00000321.wav
data/processed\02_normal_00000322.npy,02,normal,0,data/raw\pump\id_02\normal\00000322.wav
data/processed\02_normal_00000323.npy,02,normal,0,data/raw\pump\id_02\normal\00000323.wav
data/processed\02_normal_00000324.npy,02,normal,0,data/raw\pump\id_02\normal\00000324.wav
data/processed\02_normal_00000325.npy,02,normal,0,data/raw\pump\id_02\normal\00000325.wav
data/processed\02_normal_00000326.npy,02,normal,0,data/raw\pump\id_02\normal\00000326.wav
data/processed\02_normal_00000327.npy,02,normal,0,data/raw\pump\id_02\normal\00000327.wav
data/processed\02_normal_00000328.npy,02,normal,0,data/raw\pump\id_02\normal\00000328.wav
data/processed\02_normal_00000329.npy,02,normal,0,data/raw\pump\id_02\normal\00000329.wav
data/processed\02_normal_00000330.npy,02,normal,0,data/raw\pump\id_02\normal\00000330.wav
data/processed\02_normal_00000331.npy,02,normal,0,data/raw\pump\id_02\normal\00000331.wav
data/processed\02_normal_00000332.npy,02,normal,0,data/raw\pump\id_02\normal\00000332.wav
data/processed\02_normal_00000333.npy,02,normal,0,data/raw\pump\id_02\normal\00000333.wav
data/processed\02_normal_00000334.npy,02,normal,0,data/raw\pump\id_02\normal\00000334.wav
data/processed\02_normal_00000335.npy,02,normal,0,data/raw\pump\id_02\normal\00000335.wav
data/processed\02_normal_00000336.npy,02,normal,0,data/raw\pump\id_02\normal\00000336.wav
data/processed\02_normal_00000337.npy,02,normal,0,data/raw\pump\id_02\normal\00000337.wav
data/processed\02_normal_00000338.npy,02,normal,0,data/raw\pump\id_02\normal\00000338.wav
data/processed\02_normal_00000339.npy,02,normal,0,data/raw\pump\id_02\normal\00000339.wav
data/processed\02_normal_00000340.npy,02,normal,0,data/raw\pump\id_02\normal\00000340.wav
data/processed\02_normal_00000341.npy,02,normal,0,data/raw\pump\id_02\normal\00000341.wav
data/processed\02_normal_00000342.npy,02,normal,0,data/raw\pump\id_02\normal\00000342.wav
data/processed\02_normal_00000343.npy,02,normal,0,data/raw\pump\id_02\normal\00000343.wav
data/processed\02_normal_00000344.npy,02,normal,0,data/raw\pump\id_02\normal\00000344.wav
data/processed\02_normal_00000345.npy,02,normal,0,data/raw\pump\id_02\normal\00000345.wav
data/processed\02_normal_00000346.npy,02,normal,0,data/raw\pump\id_02\normal\00000346.wav
data/processed\02_normal_00000347.npy,02,normal,0,data/raw\pump\id_02\normal\00000347.wav
data/processed\02_normal_00000348.npy,02,normal,0,data/raw\pump\id_02\normal\00000348.wav
data/processed\02_normal_00000349.npy,02,normal,0,data/raw\pump\id_02\normal\00000349.wav
data/processed\02_normal_00000350.npy,02,normal,0,data/raw\pump\id_02\normal\00000350.wav
data/processed\02_normal_00000351.npy,02,normal,0,data/raw\pump\id_02\normal\00000351.wav
data/processed\02_normal_00000352.npy,02,normal,0,data/raw\pump\id_02\normal\00000352.wav
data/processed\02_normal_00000353.npy,02,normal,0,data/raw\pump\id_02\normal\00000353.wav
data/processed\02_normal_00000354.npy,02,normal,0,data/raw\pump\id_02\normal\00000354.wav
data/processed\02_normal_00000355.npy,02,normal,0,data/raw\pump\id_02\normal\00000355.wav
data/processed\02_normal_00000356.npy,02,normal,0,data/raw\pump\id_02\normal\00000356.wav
data/processed\02_normal_00000357.npy,02,normal,0,data/raw\pump\id_02\normal\00000357.wav
data/processed\02_normal_00000358.npy,02,normal,0,data/raw\pump\id_02\normal\00000358.wav
data/processed\02_normal_00000359.npy,02,normal,0,data/raw\pump\id_02\normal\00000359.wav
data/processed\02_normal_00000360.npy,02,normal,0,data/raw\pump\id_02\normal\00000360.wav
data/processed\02_normal_00000361.npy,02,normal,0,data/raw\pump\id_02\normal\00000361.wav
data/processed\02_normal_00000362.npy,02,normal,0,data/raw\pump\id_02\normal\00000362.wav
data/processed\02_normal_00000363.npy,02,normal,0,data/raw\pump\id_02\normal\00000363.wav
data/processed\02_normal_00000364.npy,02,normal,0,data/raw\pump\id_02\normal\00000364.wav
data/processed\02_normal_00000365.npy,02,normal,0,data/raw\pump\id_02\normal\00000365.wav
data/processed\02_normal_00000366.npy,02,normal,0,data/raw\pump\id_02\normal\00000366.wav
data/processed\02_normal_00000367.npy,02,normal,0,data/raw\pump\id_02\normal\00000367.wav
data/processed\02_normal_00000368.npy,02,normal,0,data/raw\pump\id_02\normal\00000368.wav
data/processed\02_normal_00000369.npy,02,normal,0,data/raw\pump\id_02\normal\00000369.wav
data/processed\02_normal_00000370.npy,02,normal,0,data/raw\pump\id_02\normal\00000370.wav
data/processed\02_normal_00000371.npy,02,normal,0,data/raw\pump\id_02\normal\00000371.wav
data/processed\02_normal_00000372.npy,02,normal,0,data/raw\pump\id_02\normal\00000372.wav
data/processed\02_normal_00000373.npy,02,normal,0,data/raw\pump\id_02\normal\00000373.wav
data/processed\02_normal_00000374.npy,02,normal,0,data/raw\pump\id_02\normal\00000374.wav
data/processed\02_normal_00000375.npy,02,normal,0,data/raw\pump\id_02\normal\00000375.wav
data/processed\02_normal_00000376.npy,02,normal,0,data/raw\pump\id_02\normal\00000376.wav
data/processed\02_normal_00000377.npy,02,normal,0,data/raw\pump\id_02\normal\00000377.wav
data/processed\02_normal_00000378.npy,02,normal,0,data/raw\pump\id_02\normal\00000378.wav
data/processed\02_normal_00000379.npy,02,normal,0,data/raw\pump\id_02\normal\00000379.wav
data/processed\02_normal_00000380.npy,02,normal,0,data/raw\pump\id_02\normal\00000380.wav
data/processed\02_normal_00000381.npy,02,normal,0,data/raw\pump\id_02\normal\00000381.wav
data/processed\02_normal_00000382.npy,02,normal,0,data/raw\pump\id_02\normal\00000382.wav
data/processed\02_normal_00000383.npy,02,normal,0,data/raw\pump\id_02\normal\00000383.wav
data/processed\02_normal_00000384.npy,02,normal,0,data/raw\pump\id_02\normal\00000384.wav
data/processed\02_normal_00000385.npy,02,normal,0,data/raw\pump\id_02\normal\00000385.wav
data/processed\02_normal_00000386.npy,02,normal,0,data/raw\pump\id_02\normal\00000386.wav
data/processed\02_normal_00000387.npy,02,normal,0,data/raw\pump\id_02\normal\00000387.wav
data/processed\02_normal_00000388.npy,02,normal,0,data/raw\pump\id_02\normal\00000388.wav
data/processed\02_normal_00000389.npy,02,normal,0,data/raw\pump\id_02\normal\00000389.wav
data/processed\02_normal_00000390.npy,02,normal,0,data/raw\pump\id_02\normal\00000390.wav
data/processed\02_normal_00000391.npy,02,normal,0,data/raw\pump\id_02\normal\00000391.wav
data/processed\02_normal_00000392.npy,02,normal,0,data/raw\pump\id_02\normal\00000392.wav
data/processed\02_normal_00000393.npy,02,normal,0,data/raw\pump\id_02\normal\00000393.wav
data/processed\02_normal_00000394.npy,02,normal,0,data/raw\pump\id_02\normal\00000394.wav
data/processed\02_normal_00000395.npy,02,normal,0,data/raw\pump\id_02\normal\00000395.wav
data/processed\02_normal_00000396.npy,02,normal,0,data/raw\pump\id_02\normal\00000396.wav
data/processed\02_normal_00000397.npy,02,normal,0,data/raw\pump\id_02\normal\00000397.wav
data/processed\02_normal_00000398.npy,02,normal,0,data/raw\pump\id_02\normal\00000398.wav
data/processed\02_normal_00000399.npy,02,normal,0,data/raw\pump\id_02\normal\00000399.wav
data/processed\02_normal_00000400.npy,02,normal,0,data/raw\pump\id_02\normal\00000400.wav
data/processed\02_normal_00000401.npy,02,normal,0,data/raw\pump\id_02\normal\00000401.wav
data/processed\02_normal_00000402.npy,02,normal,0,data/raw\pump\id_02\normal\00000402.wav
data/processed\02_normal_00000403.npy,02,normal,0,data/raw\pump\id_02\normal\00000403.wav
data/processed\02_normal_00000404.npy,02,normal,0,data/raw\pump\id_02\normal\00000404.wav
data/processed\02_normal_00000405.npy,02,normal,0,data/raw\pump\id_02\normal\00000405.wav
data/processed\02_normal_00000406.npy,02,normal,0,data/raw\pump\id_02\normal\00000406.wav
data/processed\02_normal_00000407.npy,02,normal,0,data/raw\pump\id_02\normal\00000407.wav
data/processed\02_normal_00000408.npy,02,normal,0,data/raw\pump\id_02\normal\00000408.wav
data/processed\02_normal_00000409.npy,02,normal,0,data/raw\pump\id_02\normal\00000409.wav
data/processed\02_normal_00000410.npy,02,normal,0,data/raw\pump\id_02\normal\00000410.wav
data/processed\02_normal_00000411.npy,02,normal,0,data/raw\pump\id_02\normal\00000411.wav
data/processed\02_normal_00000412.npy,02,normal,0,data/raw\pump\id_02\normal\00000412.wav
data/processed\02_normal_00000413.npy,02,normal,0,data/raw\pump\id_02\normal\00000413.wav
data/processed\02_normal_00000414.npy,02,normal,0,data/raw\pump\id_02\normal\00000414.wav
data/processed\02_normal_00000415.npy,02,normal,0,data/raw\pump\id_02\normal\00000415.wav
data/processed\02_normal_00000416.npy,02,normal,0,data/raw\pump\id_02\normal\00000416.wav
data/processed\02_normal_00000417.npy,02,normal,0,data/raw\pump\id_02\normal\00000417.wav
data/processed\02_normal_00000418.npy,02,normal,0,data/raw\pump\id_02\normal\00000418.wav
data/processed\02_normal_00000419.npy,02,normal,0,data/raw\pump\id_02\normal\00000419.wav
data/processed\02_normal_00000420.npy,02,normal,0,data/raw\pump\id_02\normal\00000420.wav
data/processed\02_normal_00000421.npy,02,normal,0,data/raw\pump\id_02\normal\00000421.wav
data/processed\02_normal_00000422.npy,02,normal,0,data/raw\pump\id_02\normal\00000422.wav
data/processed\02_normal_00000423.npy,02,normal,0,data/raw\pump\id_02\normal\00000423.wav
data/processed\02_normal_00000424.npy,02,normal,0,data/raw\pump\id_02\normal\00000424.wav
data/processed\02_normal_00000425.npy,02,normal,0,data/raw\pump\id_02\normal\00000425.wav
data/processed\02_normal_00000426.npy,02,normal,0,data/raw\pump\id_02\normal\00000426.wav
data/processed\02_normal_00000427.npy,02,normal,0,data/raw\pump\id_02\normal\00000427.wav
data/processed\02_normal_00000428.npy,02,normal,0,data/raw\pump\id_02\normal\00000428.wav
data/processed\02_normal_00000429.npy,02,normal,0,data/raw\pump\id_02\normal\00000429.wav
data/processed\02_normal_00000430.npy,02,normal,0,data/raw\pump\id_02\normal\00000430.wav
data/processed\02_normal_00000431.npy,02,normal,0,data/raw\pump\id_02\normal\00000431.wav
data/processed\02_normal_00000432.npy,02,normal,0,data/raw\pump\id_02\normal\00000432.wav
data/processed\02_normal_00000433.npy,02,normal,0,data/raw\pump\id_02\normal\00000433.wav
data/processed\02_normal_00000434.npy,02,normal,0,data/raw\pump\id_02\normal\00000434.wav
data/processed\02_normal_00000435.npy,02,normal,0,data/raw\pump\id_02\normal\00000435.wav
data/processed\02_normal_00000436.npy,02,normal,0,data/raw\pump\id_02\normal\00000436.wav
data/processed\02_normal_00000437.npy,02,normal,0,data/raw\pump\id_02\normal\00000437.wav
data/processed\02_normal_00000438.npy,02,normal,0,data/raw\pump\id_02\normal\00000438.wav
data/processed\02_normal_00000439.npy,02,normal,0,data/raw\pump\id_02\normal\00000439.wav
data/processed\02_normal_00000440.npy,02,normal,0,data/raw\pump\id_02\normal\00000440.wav
data/processed\02_normal_00000441.npy,02,normal,0,data/raw\pump\id_02\normal\00000441.wav
data/processed\02_normal_00000442.npy,02,normal,0,data/raw\pump\id_02\normal\00000442.wav
data/processed\02_normal_00000443.npy,02,normal,0,data/raw\pump\id_02\normal\00000443.wav
data/processed\02_normal_00000444.npy,02,normal,0,data/raw\pump\id_02\normal\00000444.wav
data/processed\02_normal_00000445.npy,02,normal,0,data/raw\pump\id_02\normal\00000445.wav
data/processed\02_normal_00000446.npy,02,normal,0,data/raw\pump\id_02\normal\00000446.wav
data/processed\02_normal_00000447.npy,02,normal,0,data/raw\pump\id_02\normal\00000447.wav
data/processed\02_normal_00000448.npy,02,normal,0,data/raw\pump\id_02\normal\00000448.wav
data/processed\02_normal_00000449.npy,02,normal,0,data/raw\pump\id_02\normal\00000449.wav
data/processed\02_normal_00000450.npy,02,normal,0,data/raw\pump\id_02\normal\00000450.wav
data/processed\02_normal_00000451.npy,02,normal,0,data/raw\pump\id_02\normal\00000451.wav
data/processed\02_normal_00000452.npy,02,normal,0,data/raw\pump\id_02\normal\00000452.wav
data/processed\02_normal_00000453.npy,02,normal,0,data/raw\pump\id_02\normal\00000453.wav
data/processed\02_normal_00000454.npy,02,normal,0,data/raw\pump\id_02\normal\00000454.wav
data/processed\02_normal_00000455.npy,02,normal,0,data/raw\pump\id_02\normal\00000455.wav
data/processed\02_normal_00000456.npy,02,normal,0,data/raw\pump\id_02\normal\00000456.wav
data/processed\02_normal_00000457.npy,02,normal,0,data/raw\pump\id_02\normal\00000457.wav
data/processed\02_normal_00000458.npy,02,normal,0,data/raw\pump\id_02\normal\00000458.wav
data/processed\02_normal_00000459.npy,02,normal,0,data/raw\pump\id_02\normal\00000459.wav
data/processed\02_normal_00000460.npy,02,normal,0,data/raw\pump\id_02\normal\00000460.wav
data/processed\02_normal_00000461.npy,02,normal,0,data/raw\pump\id_02\normal\00000461.wav
data/processed\02_normal_00000462.npy,02,normal,0,data/raw\pump\id_02\normal\00000462.wav
data/processed\02_normal_00000463.npy,02,normal,0,data/raw\pump\id_02\normal\00000463.wav
data/processed\02_normal_00000464.npy,02,normal,0,data/raw\pump\id_02\normal\00000464.wav
data/processed\02_normal_00000465.npy,02,normal,0,data/raw\pump\id_02\normal\00000465.wav
data/processed\02_normal_00000466.npy,02,normal,0,data/raw\pump\id_02\normal\00000466.wav
data/processed\02_normal_00000467.npy,02,normal,0,data/raw\pump\id_02\normal\00000467.wav
data/processed\02_normal_00000468.npy,02,normal,0,data/raw\pump\id_02\normal\00000468.wav
data/processed\02_normal_00000469.npy,02,normal,0,data/raw\pump\id_02\normal\00000469.wav
data/processed\02_normal_00000470.npy,02,normal,0,data/raw\pump\id_02\normal\00000470.wav
data/processed\02_normal_00000471.npy,02,normal,0,data/raw\pump\id_02\normal\00000471.wav
data/processed\02_normal_00000472.npy,02,normal,0,data/raw\pump\id_02\normal\00000472.wav
data/processed\02_normal_00000473.npy,02,normal,0,data/raw\pump\id_02\normal\00000473.wav
data/processed\02_normal_00000474.npy,02,normal,0,data/raw\pump\id_02\normal\00000474.wav
data/processed\02_normal_00000475.npy,02,normal,0,data/raw\pump\id_02\normal\00000475.wav
data/processed\02_normal_00000476.npy,02,normal,0,data/raw\pump\id_02\normal\00000476.wav
data/processed\02_normal_00000477.npy,02,normal,0,data/raw\pump\id_02\normal\00000477.wav
data/processed\02_normal_00000478.npy,02,normal,0,data/raw\pump\id_02\normal\00000478.wav
data/processed\02_normal_00000479.npy,02,normal,0,data/raw\pump\id_02\normal\00000479.wav
data/processed\02_normal_00000480.npy,02,normal,0,data/raw\pump\id_02\normal\00000480.wav
data/processed\02_normal_00000481.npy,02,normal,0,data/raw\pump\id_02\normal\00000481.wav
data/processed\02_normal_00000482.npy,02,normal,0,data/raw\pump\id_02\normal\00000482.wav
data/processed\02_normal_00000483.npy,02,normal,0,data/raw\pump\id_02\normal\00000483.wav
data/processed\02_normal_00000484.npy,02,normal,0,data/raw\pump\id_02\normal\00000484.wav
data/processed\02_normal_00000485.npy,02,normal,0,data/raw\pump\id_02\normal\00000485.wav
data/processed\02_normal_00000486.npy,02,normal,0,data/raw\pump\id_02\normal\00000486.wav
data/processed\02_normal_00000487.npy,02,normal,0,data/raw\pump\id_02\normal\00000487.wav
data/processed\02_normal_00000488.npy,02,normal,0,data/raw\pump\id_02\normal\00000488.wav
data/processed\02_normal_00000489.npy,02,normal,0,data/raw\pump\id_02\normal\00000489.wav
data/processed\02_normal_00000490.npy,02,normal,0,data/raw\pump\id_02\normal\00000490.wav
data/processed\02_normal_00000491.npy,02,normal,0,data/raw\pump\id_02\normal\00000491.wav
data/processed\02_normal_00000492.npy,02,normal,0,data/raw\pump\id_02\normal\00000492.wav
data/processed\02_normal_00000493.npy,02,normal,0,data/raw\pump\id_02\normal\00000493.wav
data/processed\02_normal_00000494.npy,02,normal,0,data/raw\pump\id_02\normal\00000494.wav
data/processed\02_normal_00000495.npy,02,normal,0,data/raw\pump\id_02\normal\00000495.wav
data/processed\02_normal_00000496.npy,02,normal,0,data/raw\pump\id_02\normal\00000496.wav
data/processed\02_normal_00000497.npy,02,normal,0,data/raw\pump\id_02\normal\00000497.wav
data/processed\02_normal_00000498.npy,02,normal,0,data/raw\pump\id_02\normal\00000498.wav
data/processed\02_normal_00000499.npy,02,normal,0,data/raw\pump\id_02\normal\00000499.wav
data/processed\02_normal_00000500.npy,02,normal,0,data/raw\pump\id_02\normal\00000500.wav
data/processed\02_normal_00000501.npy,02,normal,0,data/raw\pump\id_02\normal\00000501.wav
data/processed\02_normal_00000502.npy,02,normal,0,data/raw\pump\id_02\normal\00000502.wav
data/processed\02_normal_00000503.npy,02,normal,0,data/raw\pump\id_02\normal\00000503.wav
data/processed\02_normal_00000504.npy,02,normal,0,data/raw\pump\id_02\normal\00000504.wav
data/processed\02_normal_00000505.npy,02,normal,0,data/raw\pump\id_02\normal\00000505.wav
data/processed\02_normal_00000506.npy,02,normal,0,data/raw\pump\id_02\normal\00000506.wav
data/processed\02_normal_00000507.npy,02,normal,0,data/raw\pump\id_02\normal\00000507.wav
data/processed\02_normal_00000508.npy,02,normal,0,data/raw\pump\id_02\normal\00000508.wav
data/processed\02_normal_00000509.npy,02,normal,0,data/raw\pump\id_02\normal\00000509.wav
data/processed\02_normal_00000510.npy,02,normal,0,data/raw\pump\id_02\normal\00000510.wav
data/processed\02_normal_00000511.npy,02,normal,0,data/raw\pump\id_02\normal\00000511.wav
data/processed\02_normal_00000512.npy,02,normal,0,data/raw\pump\id_02\normal\00000512.wav
data/processed\02_normal_00000513.npy,02,normal,0,data/raw\pump\id_02\normal\00000513.wav
data/processed\02_normal_00000514.npy,02,normal,0,data/raw\pump\id_02\normal\00000514.wav
data/processed\02_normal_00000515.npy,02,normal,0,data/raw\pump\id_02\normal\00000515.wav
data/processed\02_normal_00000516.npy,02,normal,0,data/raw\pump\id_02\normal\00000516.wav
data/processed\02_normal_00000517.npy,02,normal,0,data/raw\pump\id_02\normal\00000517.wav
data/processed\02_normal_00000518.npy,02,normal,0,data/raw\pump\id_02\normal\00000518.wav
data/processed\02_normal_00000519.npy,02,normal,0,data/raw\pump\id_02\normal\00000519.wav
data/processed\02_normal_00000520.npy,02,normal,0,data/raw\pump\id_02\normal\00000520.wav
data/processed\02_normal_00000521.npy,02,normal,0,data/raw\pump\id_02\normal\00000521.wav
data/processed\02_normal_00000522.npy,02,normal,0,data/raw\pump\id_02\normal\00000522.wav
data/processed\02_normal_00000523.npy,02,normal,0,data/raw\pump\id_02\normal\00000523.wav
data/processed\02_normal_00000524.npy,02,normal,0,data/raw\pump\id_02\normal\00000524.wav
data/processed\02_normal_00000525.npy,02,normal,0,data/raw\pump\id_02\normal\00000525.wav
data/processed\02_normal_00000526.npy,02,normal,0,data/raw\pump\id_02\normal\00000526.wav
data/processed\02_normal_00000527.npy,02,normal,0,data/raw\pump\id_02\normal\00000527.wav
data/processed\02_normal_00000528.npy,02,normal,0,data/raw\pump\id_02\normal\00000528.wav
data/processed\02_normal_00000529.npy,02,normal,0,data/raw\pump\id_02\normal\00000529.wav
data/processed\02_normal_00000530.npy,02,normal,0,data/raw\pump\id_02\normal\00000530.wav
data/processed\02_normal_00000531.npy,02,normal,0,data/raw\pump\id_02\normal\00000531.wav
data/processed\02_normal_00000532.npy,02,normal,0,data/raw\pump\id_02\normal\00000532.wav
data/processed\02_normal_00000533.npy,02,normal,0,data/raw\pump\id_02\normal\00000533.wav
data/processed\02_normal_00000534.npy,02,normal,0,data/raw\pump\id_02\normal\00000534.wav
data/processed\02_normal_00000535.npy,02,normal,0,data/raw\pump\id_02\normal\00000535.wav
data/processed\02_normal_00000536.npy,02,normal,0,data/raw\pump\id_02\normal\00000536.wav
data/processed\02_normal_00000537.npy,02,normal,0,data/raw\pump\id_02\normal\00000537.wav
data/processed\02_normal_00000538.npy,02,normal,0,data/raw\pump\id_02\normal\00000538.wav
data/processed\02_normal_00000539.npy,02,normal,0,data/raw\pump\id_02\normal\00000539.wav
data/processed\02_normal_00000540.npy,02,normal,0,data/raw\pump\id_02\normal\00000540.wav
data/processed\02_normal_00000541.npy,02,normal,0,data/raw\pump\id_02\normal\00000541.wav
data/processed\02_normal_00000542.npy,02,normal,0,data/raw\pump\id_02\normal\00000542.wav
data/processed\02_normal_00000543.npy,02,normal,0,data/raw\pump\id_02\normal\00000543.wav
data/processed\02_normal_00000544.npy,02,normal,0,data/raw\pump\id_02\normal\00000544.wav
data/processed\02_normal_00000545.npy,02,normal,0,data/raw\pump\id_02\normal\00000545.wav
data/processed\02_normal_00000546.npy,02,normal,0,data/raw\pump\id_02\normal\00000546.wav
data/processed\02_normal_00000547.npy,02,normal,0,data/raw\pump\id_02\normal\00000547.wav
data/processed\02_normal_00000548.npy,02,normal,0,data/raw\pump\id_02\normal\00000548.wav
data/processed\02_normal_00000549.npy,02,normal,0,data/raw\pump\id_02\normal\00000549.wav
data/processed\02_normal_00000550.npy,02,normal,0,data/raw\pump\id_02\normal\00000550.wav
data/processed\02_normal_00000551.npy,02,normal,0,data/raw\pump\id_02\normal\00000551.wav
data/processed\02_normal_00000552.npy,02,normal,0,data/raw\pump\id_02\normal\00000552.wav
data/processed\02_normal_00000553.npy,02,normal,0,data/raw\pump\id_02\normal\00000553.wav
data/processed\02_normal_00000554.npy,02,normal,0,data/raw\pump\id_02\normal\00000554.wav
data/processed\02_normal_00000555.npy,02,normal,0,data/raw\pump\id_02\normal\00000555.wav
data/processed\02_normal_00000556.npy,02,normal,0,data/raw\pump\id_02\normal\00000556.wav
data/processed\02_normal_00000557.npy,02,normal,0,data/raw\pump\id_02\normal\00000557.wav
data/processed\02_normal_00000558.npy,02,normal,0,data/raw\pump\id_02\normal\00000558.wav
data/processed\02_normal_00000559.npy,02,normal,0,data/raw\pump\id_02\normal\00000559.wav
data/processed\02_normal_00000560.npy,02,normal,0,data/raw\pump\id_02\normal\00000560.wav
data/processed\02_normal_00000561.npy,02,normal,0,data/raw\pump\id_02\normal\00000561.wav
data/processed\02_normal_00000562.npy,02,normal,0,data/raw\pump\id_02\normal\00000562.wav
data/processed\02_normal_00000563.npy,02,normal,0,data/raw\pump\id_02\normal\00000563.wav
data/processed\02_normal_00000564.npy,02,normal,0,data/raw\pump\id_02\normal\00000564.wav
data/processed\02_normal_00000565.npy,02,normal,0,data/raw\pump\id_02\normal\00000565.wav
data/processed\02_normal_00000566.npy,02,normal,0,data/raw\pump\id_02\normal\00000566.wav
data/processed\02_normal_00000567.npy,02,normal,0,data/raw\pump\id_02\normal\00000567.wav
data/processed\02_normal_00000568.npy,02,normal,0,data/raw\pump\id_02\normal\00000568.wav
data/processed\02_normal_00000569.npy,02,normal,0,data/raw\pump\id_02\normal\00000569.wav
data/processed\02_normal_00000570.npy,02,normal,0,data/raw\pump\id_02\normal\00000570.wav
data/processed\02_normal_00000571.npy,02,normal,0,data/raw\pump\id_02\normal\00000571.wav
data/processed\02_normal_00000572.npy,02,normal,0,data/raw\pump\id_02\normal\00000572.wav
data/processed\02_normal_00000573.npy,02,normal,0,data/raw\pump\id_02\normal\00000573.wav
data/processed\02_normal_00000574.npy,02,normal,0,data/raw\pump\id_02\normal\00000574.wav
data/processed\02_normal_00000575.npy,02,normal,0,data/raw\pump\id_02\normal\00000575.wav
data/processed\02_normal_00000576.npy,02,normal,0,data/raw\pump\id_02\normal\00000576.wav
data/processed\02_normal_00000577.npy,02,normal,0,data/raw\pump\id_02\normal\00000577.wav
data/processed\02_normal_00000578.npy,02,normal,0,data/raw\pump\id_02\normal\00000578.wav
data/processed\02_normal_00000579.npy,02,normal,0,data/raw\pump\id_02\normal\00000579.wav
data/processed\02_normal_00000580.npy,02,normal,0,data/raw\pump\id_02\normal\00000580.wav
data/processed\02_normal_00000581.npy,02,normal,0,data/raw\pump\id_02\normal\00000581.wav
data/processed\02_normal_00000582.npy,02,normal,0,data/raw\pump\id_02\normal\00000582.wav
data/processed\02_normal_00000583.npy,02,normal,0,data/raw\pump\id_02\normal\00000583.wav
data/processed\02_normal_00000584.npy,02,normal,0,data/raw\pump\id_02\normal\00000584.wav
data/processed\02_normal_00000585.npy,02,normal,0,data/raw\pump\id_02\normal\00000585.wav
data/processed\02_normal_00000586.npy,02,normal,0,data/raw\pump\id_02\normal\00000586.wav
data/processed\02_normal_00000587.npy,02,normal,0,data/raw\pump\id_02\normal\00000587.wav
data/processed\02_normal_00000588.npy,02,normal,0,data/raw\pump\id_02\normal\00000588.wav
data/processed\02_normal_00000589.npy,02,normal,0,data/raw\pump\id_02\normal\00000589.wav
data/processed\02_normal_00000590.npy,02,normal,0,data/raw\pump\id_02\normal\00000590.wav
data/processed\02_normal_00000591.npy,02,normal,0,data/raw\pump\id_02\normal\00000591.wav
data/processed\02_normal_00000592.npy,02,normal,0,data/raw\pump\id_02\normal\00000592.wav
data/processed\02_normal_00000593.npy,02,normal,0,data/raw\pump\id_02\normal\00000593.wav
data/processed\02_normal_00000594.npy,02,normal,0,data/raw\pump\id_02\normal\00000594.wav
data/processed\02_normal_00000595.npy,02,normal,0,data/raw\pump\id_02\normal\00000595.wav
data/processed\02_normal_00000596.npy,02,normal,0,data/raw\pump\id_02\normal\00000596.wav
data/processed\02_normal_00000597.npy,02,normal,0,data/raw\pump\id_02\normal\00000597.wav
data/processed\02_normal_00000598.npy,02,normal,0,data/raw\pump\id_02\normal\00000598.wav
data/processed\02_normal_00000599.npy,02,normal,0,data/raw\pump\id_02\normal\00000599.wav
data/processed\02_normal_00000600.npy,02,normal,0,data/raw\pump\id_02\normal\00000600.wav
data/processed\02_normal_00000601.npy,02,normal,0,data/raw\pump\id_02\normal\00000601.wav
data/processed\02_normal_00000602.npy,02,normal,0,data/raw\pump\id_02\normal\00000602.wav
data/processed\02_normal_00000603.npy,02,normal,0,data/raw\pump\id_02\normal\00000603.wav
data/processed\02_normal_00000604.npy,02,normal,0,data/raw\pump\id_02\normal\00000604.wav
data/processed\02_normal_00000605.npy,02,normal,0,data/raw\pump\id_02\normal\00000605.wav
data/processed\02_normal_00000606.npy,02,normal,0,data/raw\pump\id_02\normal\00000606.wav
data/processed\02_normal_00000607.npy,02,normal,0,data/raw\pump\id_02\normal\00000607.wav
data/processed\02_normal_00000608.npy,02,normal,0,data/raw\pump\id_02\normal\00000608.wav
data/processed\02_normal_00000609.npy,02,normal,0,data/raw\pump\id_02\normal\00000609.wav
data/processed\02_normal_00000610.npy,02,normal,0,data/raw\pump\id_02\normal\00000610.wav
data/processed\02_normal_00000611.npy,02,normal,0,data/raw\pump\id_02\normal\00000611.wav
data/processed\02_normal_00000612.npy,02,normal,0,data/raw\pump\id_02\normal\00000612.wav
data/processed\02_normal_00000613.npy,02,normal,0,data/raw\pump\id_02\normal\00000613.wav
data/processed\02_normal_00000614.npy,02,normal,0,data/raw\pump\id_02\normal\00000614.wav
data/processed\02_normal_00000615.npy,02,normal,0,data/raw\pump\id_02\normal\00000615.wav
data/processed\02_normal_00000616.npy,02,normal,0,data/raw\pump\id_02\normal\00000616.wav
data/processed\02_normal_00000617.npy,02,normal,0,data/raw\pump\id_02\normal\00000617.wav
data/processed\02_normal_00000618.npy,02,normal,0,data/raw\pump\id_02\normal\00000618.wav
data/processed\02_normal_00000619.npy,02,normal,0,data/raw\pump\id_02\normal\00000619.wav
data/processed\02_normal_00000620.npy,02,normal,0,data/raw\pump\id_02\normal\00000620.wav
data/processed\02_normal_00000621.npy,02,normal,0,data/raw\pump\id_02\normal\00000621.wav
data/processed\02_normal_00000622.npy,02,normal,0,data/raw\pump\id_02\normal\00000622.wav
data/processed\02_normal_00000623.npy,02,normal,0,data/raw\pump\id_02\normal\00000623.wav
data/processed\02_normal_00000624.npy,02,normal,0,data/raw\pump\id_02\normal\00000624.wav
data/processed\02_normal_00000625.npy,02,normal,0,data/raw\pump\id_02\normal\00000625.wav
data/processed\02_normal_00000626.npy,02,normal,0,data/raw\pump\id_02\normal\00000626.wav
data/processed\02_normal_00000627.npy,02,normal,0,data/raw\pump\id_02\normal\00000627.wav
data/processed\02_normal_00000628.npy,02,normal,0,data/raw\pump\id_02\normal\00000628.wav
data/processed\02_normal_00000629.npy,02,normal,0,data/raw\pump\id_02\normal\00000629.wav
data/processed\02_normal_00000630.npy,02,normal,0,data/raw\pump\id_02\normal\00000630.wav
data/processed\02_normal_00000631.npy,02,normal,0,data/raw\pump\id_02\normal\00000631.wav
data/processed\02_normal_00000632.npy,02,normal,0,data/raw\pump\id_02\normal\00000632.wav
data/processed\02_normal_00000633.npy,02,normal,0,data/raw\pump\id_02\normal\00000633.wav
data/processed\02_normal_00000634.npy,02,normal,0,data/raw\pump\id_02\normal\00000634.wav
data/processed\02_normal_00000635.npy,02,normal,0,data/raw\pump\id_02\normal\00000635.wav
data/processed\02_normal_00000636.npy,02,normal,0,data/raw\pump\id_02\normal\00000636.wav
data/processed\02_normal_00000637.npy,02,normal,0,data/raw\pump\id_02\normal\00000637.wav
data/processed\02_normal_00000638.npy,02,normal,0,data/raw\pump\id_02\normal\00000638.wav
data/processed\02_normal_00000639.npy,02,normal,0,data/raw\pump\id_02\normal\00000639.wav
data/processed\02_normal_00000640.npy,02,normal,0,data/raw\pump\id_02\normal\00000640.wav
data/processed\02_normal_00000641.npy,02,normal,0,data/raw\pump\id_02\normal\00000641.wav
data/processed\02_normal_00000642.npy,02,normal,0,data/raw\pump\id_02\normal\00000642.wav
data/processed\02_normal_00000643.npy,02,normal,0,data/raw\pump\id_02\normal\00000643.wav
data/processed\02_normal_00000644.npy,02,normal,0,data/raw\pump\id_02\normal\00000644.wav
data/processed\02_normal_00000645.npy,02,normal,0,data/raw\pump\id_02\normal\00000645.wav
data/processed\02_normal_00000646.npy,02,normal,0,data/raw\pump\id_02\normal\00000646.wav
data/processed\02_normal_00000647.npy,02,normal,0,data/raw\pump\id_02\normal\00000647.wav
data/processed\02_normal_00000648.npy,02,normal,0,data/raw\pump\id_02\normal\00000648.wav
data/processed\02_normal_00000649.npy,02,normal,0,data/raw\pump\id_02\normal\00000649.wav
data/processed\02_normal_00000650.npy,02,normal,0,data/raw\pump\id_02\normal\00000650.wav
data/processed\02_normal_00000651.npy,02,normal,0,data/raw\pump\id_02\normal\00000651.wav
data/processed\02_normal_00000652.npy,02,normal,0,data/raw\pump\id_02\normal\00000652.wav
data/processed\02_normal_00000653.npy,02,normal,0,data/raw\pump\id_02\normal\00000653.wav
data/processed\02_normal_00000654.npy,02,normal,0,data/raw\pump\id_02\normal\00000654.wav
data/processed\02_normal_00000655.npy,02,normal,0,data/raw\pump\id_02\normal\00000655.wav
data/processed\02_normal_00000656.npy,02,normal,0,data/raw\pump\id_02\normal\00000656.wav
data/processed\02_normal_00000657.npy,02,normal,0,data/raw\pump\id_02\normal\00000657.wav
data/processed\02_normal_00000658.npy,02,normal,0,data/raw\pump\id_02\normal\00000658.wav
data/processed\02_normal_00000659.npy,02,normal,0,data/raw\pump\id_02\normal\00000659.wav
data/processed\02_normal_00000660.npy,02,normal,0,data/raw\pump\id_02\normal\00000660.wav
data/processed\02_normal_00000661.npy,02,normal,0,data/raw\pump\id_02\normal\00000661.wav
data/processed\02_normal_00000662.npy,02,normal,0,data/raw\pump\id_02\normal\00000662.wav
data/processed\02_normal_00000663.npy,02,normal,0,data/raw\pump\id_02\normal\00000663.wav
data/processed\02_normal_00000664.npy,02,normal,0,data/raw\pump\id_02\normal\00000664.wav
data/processed\02_normal_00000665.npy,02,normal,0,data/raw\pump\id_02\normal\00000665.wav
data/processed\02_normal_00000666.npy,02,normal,0,data/raw\pump\id_02\normal\00000666.wav
data/processed\02_normal_00000667.npy,02,normal,0,data/raw\pump\id_02\normal\00000667.wav
data/processed\02_normal_00000668.npy,02,normal,0,data/raw\pump\id_02\normal\00000668.wav
data/processed\02_normal_00000669.npy,02,normal,0,data/raw\pump\id_02\normal\00000669.wav
data/processed\02_normal_00000670.npy,02,normal,0,data/raw\pump\id_02\normal\00000670.wav
data/processed\02_normal_00000671.npy,02,normal,0,data/raw\pump\id_02\normal\00000671.wav
data/processed\02_normal_00000672.npy,02,normal,0,data/raw\pump\id_02\normal\00000672.wav
data/processed\02_normal_00000673.npy,02,normal,0,data/raw\pump\id_02\normal\00000673.wav
data/processed\02_normal_00000674.npy,02,normal,0,data/raw\pump\id_02\normal\00000674.wav
data/processed\02_normal_00000675.npy,02,normal,0,data/raw\pump\id_02\normal\00000675.wav
data/processed\02_normal_00000676.npy,02,normal,0,data/raw\pump\id_02\normal\00000676.wav
data/processed\02_normal_00000677.npy,02,normal,0,data/raw\pump\id_02\normal\00000677.wav
data/processed\02_normal_00000678.npy,02,normal,0,data/raw\pump\id_02\normal\00000678.wav
data/processed\02_normal_00000679.npy,02,normal,0,data/raw\pump\id_02\normal\00000679.wav
data/processed\02_normal_00000680.npy,02,normal,0,data/raw\pump\id_02\normal\00000680.wav
data/processed\02_normal_00000681.npy,02,normal,0,data/raw\pump\id_02\normal\00000681.wav
data/processed\02_normal_00000682.npy,02,normal,0,data/raw\pump\id_02\normal\00000682.wav
data/processed\02_normal_00000683.npy,02,normal,0,data/raw\pump\id_02\normal\00000683.wav
data/processed\02_normal_00000684.npy,02,normal,0,data/raw\pump\id_02\normal\00000684.wav
data/processed\02_normal_00000685.npy,02,normal,0,data/raw\pump\id_02\normal\00000685.wav
data/processed\02_normal_00000686.npy,02,normal,0,data/raw\pump\id_02\normal\00000686.wav
data/processed\02_normal_00000687.npy,02,normal,0,data/raw\pump\id_02\normal\00000687.wav
data/processed\02_normal_00000688.npy,02,normal,0,data/raw\pump\id_02\normal\00000688.wav
data/processed\02_normal_00000689.npy,02,normal,0,data/raw\pump\id_02\normal\00000689.wav
data/processed\02_normal_00000690.npy,02,normal,0,data/raw\pump\id_02\normal\00000690.wav
data/processed\02_normal_00000691.npy,02,normal,0,data/raw\pump\id_02\normal\00000691.wav
data/processed\02_normal_00000692.npy,02,normal,0,data/raw\pump\id_02\normal\00000692.wav
data/processed\02_normal_00000693.npy,02,normal,0,data/raw\pump\id_02\normal\00000693.wav
data/processed\02_normal_00000694.npy,02,normal,0,data/raw\pump\id_02\normal\00000694.wav
data/processed\02_normal_00000695.npy,02,normal,0,data/raw\pump\id_02\normal\00000695.wav
data/processed\02_normal_00000696.npy,02,normal,0,data/raw\pump\id_02\normal\00000696.wav
data/processed\02_normal_00000697.npy,02,normal,0,data/raw\pump\id_02\normal\00000697.wav
data/processed\02_normal_00000698.npy,02,normal,0,data/raw\pump\id_02\normal\00000698.wav
data/processed\02_normal_00000699.npy,02,normal,0,data/raw\pump\id_02\normal\00000699.wav
data/processed\02_normal_00000700.npy,02,normal,0,data/raw\pump\id_02\normal\00000700.wav
data/processed\02_normal_00000701.npy,02,normal,0,data/raw\pump\id_02\normal\00000701.wav
data/processed\02_normal_00000702.npy,02,normal,0,data/raw\pump\id_02\normal\00000702.wav
data/processed\02_normal_00000703.npy,02,normal,0,data/raw\pump\id_02\normal\00000703.wav
data/processed\02_normal_00000704.npy,02,normal,0,data/raw\pump\id_02\normal\00000704.wav
data/processed\02_normal_00000705.npy,02,normal,0,data/raw\pump\id_02\normal\00000705.wav
data/processed\02_normal_00000706.npy,02,normal,0,data/raw\pump\id_02\normal\00000706.wav
data/processed\02_normal_00000707.npy,02,normal,0,data/raw\pump\id_02\normal\00000707.wav
data/processed\02_normal_00000708.npy,02,normal,0,data/raw\pump\id_02\normal\00000708.wav
data/processed\02_normal_00000709.npy,02,normal,0,data/raw\pump\id_02\normal\00000709.wav
data/processed\02_normal_00000710.npy,02,normal,0,data/raw\pump\id_02\normal\00000710.wav
data/processed\02_normal_00000711.npy,02,normal,0,data/raw\pump\id_02\normal\00000711.wav
data/processed\02_normal_00000712.npy,02,normal,0,data/raw\pump\id_02\normal\00000712.wav
data/processed\02_normal_00000713.npy,02,normal,0,data/raw\pump\id_02\normal\00000713.wav
data/processed\02_normal_00000714.npy,02,normal,0,data/raw\pump\id_02\normal\00000714.wav
data/processed\02_normal_00000715.npy,02,normal,0,data/raw\pump\id_02\normal\00000715.wav
data/processed\02_normal_00000716.npy,02,normal,0,data/raw\pump\id_02\normal\00000716.wav
data/processed\02_normal_00000717.npy,02,normal,0,data/raw\pump\id_02\normal\00000717.wav
data/processed\02_normal_00000718.npy,02,normal,0,data/raw\pump\id_02\normal\00000718.wav
data/processed\02_normal_00000719.npy,02,normal,0,data/raw\pump\id_02\normal\00000719.wav
data/processed\02_normal_00000720.npy,02,normal,0,data/raw\pump\id_02\normal\00000720.wav
data/processed\02_normal_00000721.npy,02,normal,0,data/raw\pump\id_02\normal\00000721.wav
data/processed\02_normal_00000722.npy,02,normal,0,data/raw\pump\id_02\normal\00000722.wav
data/processed\02_normal_00000723.npy,02,normal,0,data/raw\pump\id_02\normal\00000723.wav
data/processed\02_normal_00000724.npy,02,normal,0,data/raw\pump\id_02\normal\00000724.wav
data/processed\02_normal_00000725.npy,02,normal,0,data/raw\pump\id_02\normal\00000725.wav
data/processed\02_normal_00000726.npy,02,normal,0,data/raw\pump\id_02\normal\00000726.wav
data/processed\02_normal_00000727.npy,02,normal,0,data/raw\pump\id_02\normal\00000727.wav
data/processed\02_normal_00000728.npy,02,normal,0,data/raw\pump\id_02\normal\00000728.wav
data/processed\02_normal_00000729.npy,02,normal,0,data/raw\pump\id_02\normal\00000729.wav
data/processed\02_normal_00000730.npy,02,normal,0,data/raw\pump\id_02\normal\00000730.wav
data/processed\02_normal_00000731.npy,02,normal,0,data/raw\pump\id_02\normal\00000731.wav
data/processed\02_normal_00000732.npy,02,normal,0,data/raw\pump\id_02\normal\00000732.wav
data/processed\02_normal_00000733.npy,02,normal,0,data/raw\pump\id_02\normal\00000733.wav
data/processed\02_normal_00000734.npy,02,normal,0,data/raw\pump\id_02\normal\00000734.wav
data/processed\02_normal_00000735.npy,02,normal,0,data/raw\pump\id_02\normal\00000735.wav
data/processed\02_normal_00000736.npy,02,normal,0,data/raw\pump\id_02\normal\00000736.wav
data/processed\02_normal_00000737.npy,02,normal,0,data/raw\pump\id_02\normal\00000737.wav
data/processed\02_normal_00000738.npy,02,normal,0,data/raw\pump\id_02\normal\00000738.wav
data/processed\02_normal_00000739.npy,02,normal,0,data/raw\pump\id_02\normal\00000739.wav
data/processed\02_normal_00000740.npy,02,normal,0,data/raw\pump\id_02\normal\00000740.wav
data/processed\02_normal_00000741.npy,02,normal,0,data/raw\pump\id_02\normal\00000741.wav
data/processed\02_normal_00000742.npy,02,normal,0,data/raw\pump\id_02\normal\00000742.wav
data/processed\02_normal_00000743.npy,02,normal,0,data/raw\pump\id_02\normal\00000743.wav
data/processed\02_normal_00000744.npy,02,normal,0,data/raw\pump\id_02\normal\00000744.wav
data/processed\02_normal_00000745.npy,02,normal,0,data/raw\pump\id_02\normal\00000745.wav
data/processed\02_normal_00000746.npy,02,normal,0,data/raw\pump\id_02\normal\00000746.wav
data/processed\02_normal_00000747.npy,02,normal,0,data/raw\pump\id_02\normal\00000747.wav
data/processed\02_normal_00000748.npy,02,normal,0,data/raw\pump\id_02\normal\00000748.wav
data/processed\02_normal_00000749.npy,02,normal,0,data/raw\pump\id_02\normal\00000749.wav
data/processed\02_normal_00000750.npy,02,normal,0,data/raw\pump\id_02\normal\00000750.wav
data/processed\02_normal_00000751.npy,02,normal,0,data/raw\pump\id_02\normal\00000751.wav
data/processed\02_normal_00000752.npy,02,normal,0,data/raw\pump\id_02\normal\00000752.wav
data/processed\02_normal_00000753.npy,02,normal,0,data/raw\pump\id_02\normal\00000753.wav
data/processed\02_normal_00000754.npy,02,normal,0,data/raw\pump\id_02\normal\00000754.wav
data/processed\02_normal_00000755.npy,02,normal,0,data/raw\pump\id_02\normal\00000755.wav
data/processed\02_normal_00000756.npy,02,normal,0,data/raw\pump\id_02\normal\00000756.wav
data/processed\02_normal_00000757.npy,02,normal,0,data/raw\pump\id_02\normal\00000757.wav
data/processed\02_normal_00000758.npy,02,normal,0,data/raw\pump\id_02\normal\00000758.wav
data/processed\02_normal_00000759.npy,02,normal,0,data/raw\pump\id_02\normal\00000759.wav
data/processed\02_normal_00000760.npy,02,normal,0,data/raw\pump\id_02\normal\00000760.wav
data/processed\02_normal_00000761.npy,02,normal,0,data/raw\pump\id_02\normal\00000761.wav
data/processed\02_normal_00000762.npy,02,normal,0,data/raw\pump\id_02\normal\00000762.wav
data/processed\02_normal_00000763.npy,02,normal,0,data/raw\pump\id_02\normal\00000763.wav
data/processed\02_normal_00000764.npy,02,normal,0,data/raw\pump\id_02\normal\00000764.wav
data/processed\02_normal_00000765.npy,02,normal,0,data/raw\pump\id_02\normal\00000765.wav
data/processed\02_normal_00000766.npy,02,normal,0,data/raw\pump\id_02\normal\00000766.wav
data/processed\02_normal_00000767.npy,02,normal,0,data/raw\pump\id_02\normal\00000767.wav
data/processed\02_normal_00000768.npy,02,normal,0,data/raw\pump\id_02\normal\00000768.wav
data/processed\02_normal_00000769.npy,02,normal,0,data/raw\pump\id_02\normal\00000769.wav
data/processed\02_normal_00000770.npy,02,normal,0,data/raw\pump\id_02\normal\00000770.wav
data/processed\02_normal_00000771.npy,02,normal,0,data/raw\pump\id_02\normal\00000771.wav
data/processed\02_normal_00000772.npy,02,normal,0,data/raw\pump\id_02\normal\00000772.wav
data/processed\02_normal_00000773.npy,02,normal,0,data/raw\pump\id_02\normal\00000773.wav
data/processed\02_normal_00000774.npy,02,normal,0,data/raw\pump\id_02\normal\00000774.wav
data/processed\02_normal_00000775.npy,02,normal,0,data/raw\pump\id_02\normal\00000775.wav
data/processed\02_normal_00000776.npy,02,normal,0,data/raw\pump\id_02\normal\00000776.wav
data/processed\02_normal_00000777.npy,02,normal,0,data/raw\pump\id_02\normal\00000777.wav
data/processed\02_normal_00000778.npy,02,normal,0,data/raw\pump\id_02\normal\00000778.wav
data/processed\02_normal_00000779.npy,02,normal,0,data/raw\pump\id_02\normal\00000779.wav
data/processed\02_normal_00000780.npy,02,normal,0,data/raw\pump\id_02\normal\00000780.wav
data/processed\02_normal_00000781.npy,02,normal,0,data/raw\pump\id_02\normal\00000781.wav
data/processed\02_normal_00000782.npy,02,normal,0,data/raw\pump\id_02\normal\00000782.wav
data/processed\02_normal_00000783.npy,02,normal,0,data/raw\pump\id_02\normal\00000783.wav
data/processed\02_normal_00000784.npy,02,normal,0,data/raw\pump\id_02\normal\00000784.wav
data/processed\02_normal_00000785.npy,02,normal,0,data/raw\pump\id_02\normal\00000785.wav
data/processed\02_normal_00000786.npy,02,normal,0,data/raw\pump\id_02\normal\00000786.wav
data/processed\02_normal_00000787.npy,02,normal,0,data/raw\pump\id_02\normal\00000787.wav
data/processed\02_normal_00000788.npy,02,normal,0,data/raw\pump\id_02\normal\00000788.wav
data/processed\02_normal_00000789.npy,02,normal,0,data/raw\pump\id_02\normal\00000789.wav
data/processed\02_normal_00000790.npy,02,normal,0,data/raw\pump\id_02\normal\00000790.wav
data/processed\02_normal_00000791.npy,02,normal,0,data/raw\pump\id_02\normal\00000791.wav
data/processed\02_normal_00000792.npy,02,normal,0,data/raw\pump\id_02\normal\00000792.wav
data/processed\02_normal_00000793.npy,02,normal,0,data/raw\pump\id_02\normal\00000793.wav
data/processed\02_normal_00000794.npy,02,normal,0,data/raw\pump\id_02\normal\00000794.wav
data/processed\02_normal_00000795.npy,02,normal,0,data/raw\pump\id_02\normal\00000795.wav
data/processed\02_normal_00000796.npy,02,normal,0,data/raw\pump\id_02\normal\00000796.wav
data/processed\02_normal_00000797.npy,02,normal,0,data/raw\pump\id_02\normal\00000797.wav
data/processed\02_normal_00000798.npy,02,normal,0,data/raw\pump\id_02\normal\00000798.wav
data/processed\02_normal_00000799.npy,02,normal,0,data/raw\pump\id_02\normal\00000799.wav
data/processed\02_normal_00000800.npy,02,normal,0,data/raw\pump\id_02\normal\00000800.wav
data/processed\02_normal_00000801.npy,02,normal,0,data/raw\pump\id_02\normal\00000801.wav
data/processed\02_normal_00000802.npy,02,normal,0,data/raw\pump\id_02\normal\00000802.wav
data/processed\02_normal_00000803.npy,02,normal,0,data/raw\pump\id_02\normal\00000803.wav
data/processed\02_normal_00000804.npy,02,normal,0,data/raw\pump\id_02\normal\00000804.wav
data/processed\02_normal_00000805.npy,02,normal,0,data/raw\pump\id_02\normal\00000805.wav
data/processed\02_normal_00000806.npy,02,normal,0,data/raw\pump\id_02\normal\00000806.wav
data/processed\02_normal_00000807.npy,02,normal,0,data/raw\pump\id_02\normal\00000807.wav
data/processed\02_normal_00000808.npy,02,normal,0,data/raw\pump\id_02\normal\00000808.wav
data/processed\02_normal_00000809.npy,02,normal,0,data/raw\pump\id_02\normal\00000809.wav
data/processed\02_normal_00000810.npy,02,normal,0,data/raw\pump\id_02\normal\00000810.wav
data/processed\02_normal_00000811.npy,02,normal,0,data/raw\pump\id_02\normal\00000811.wav
data/processed\02_normal_00000812.npy,02,normal,0,data/raw\pump\id_02\normal\00000812.wav
data/processed\02_normal_00000813.npy,02,normal,0,data/raw\pump\id_02\normal\00000813.wav
data/processed\02_normal_00000814.npy,02,normal,0,data/raw\pump\id_02\normal\00000814.wav
data/processed\02_normal_00000815.npy,02,normal,0,data/raw\pump\id_02\normal\00000815.wav
data/processed\02_normal_00000816.npy,02,normal,0,data/raw\pump\id_02\normal\00000816.wav
data/processed\02_normal_00000817.npy,02,normal,0,data/raw\pump\id_02\normal\00000817.wav
data/processed\02_normal_00000818.npy,02,normal,0,data/raw\pump\id_02\normal\00000818.wav
data/processed\02_normal_00000819.npy,02,normal,0,data/raw\pump\id_02\normal\00000819.wav
data/processed\02_normal_00000820.npy,02,normal,0,data/raw\pump\id_02\normal\00000820.wav
data/processed\02_normal_00000821.npy,02,normal,0,data/raw\pump\id_02\normal\00000821.wav
data/processed\02_normal_00000822.npy,02,normal,0,data/raw\pump\id_02\normal\00000822.wav
data/processed\02_normal_00000823.npy,02,normal,0,data/raw\pump\id_02\normal\00000823.wav
data/processed\02_normal_00000824.npy,02,normal,0,data/raw\pump\id_02\normal\00000824.wav
data/processed\02_normal_00000825.npy,02,normal,0,data/raw\pump\id_02\normal\00000825.wav
data/processed\02_normal_00000826.npy,02,normal,0,data/raw\pump\id_02\normal\00000826.wav
data/processed\02_normal_00000827.npy,02,normal,0,data/raw\pump\id_02\normal\00000827.wav
data/processed\02_normal_00000828.npy,02,normal,0,data/raw\pump\id_02\normal\00000828.wav
data/processed\02_normal_00000829.npy,02,normal,0,data/raw\pump\id_02\normal\00000829.wav
data/processed\02_normal_00000830.npy,02,normal,0,data/raw\pump\id_02\normal\00000830.wav
data/processed\02_normal_00000831.npy,02,normal,0,data/raw\pump\id_02\normal\00000831.wav
data/processed\02_normal_00000832.npy,02,normal,0,data/raw\pump\id_02\normal\00000832.wav
data/processed\02_normal_00000833.npy,02,normal,0,data/raw\pump\id_02\normal\00000833.wav
data/processed\02_normal_00000834.npy,02,normal,0,data/raw\pump\id_02\normal\00000834.wav
data/processed\02_normal_00000835.npy,02,normal,0,data/raw\pump\id_02\normal\00000835.wav
data/processed\02_normal_00000836.npy,02,normal,0,data/raw\pump\id_02\normal\00000836.wav
data/processed\02_normal_00000837.npy,02,normal,0,data/raw\pump\id_02\normal\00000837.wav
data/processed\02_normal_00000838.npy,02,normal,0,data/raw\pump\id_02\normal\00000838.wav
data/processed\02_normal_00000839.npy,02,normal,0,data/raw\pump\id_02\normal\00000839.wav
data/processed\02_normal_00000840.npy,02,normal,0,data/raw\pump\id_02\normal\00000840.wav
data/processed\02_normal_00000841.npy,02,normal,0,data/raw\pump\id_02\normal\00000841.wav
data/processed\02_normal_00000842.npy,02,normal,0,data/raw\pump\id_02\normal\00000842.wav
data/processed\02_normal_00000843.npy,02,normal,0,data/raw\pump\id_02\normal\00000843.wav
data/processed\02_normal_00000844.npy,02,normal,0,data/raw\pump\id_02\normal\00000844.wav
data/processed\02_normal_00000845.npy,02,normal,0,data/raw\pump\id_02\normal\00000845.wav
data/processed\02_normal_00000846.npy,02,normal,0,data/raw\pump\id_02\normal\00000846.wav
data/processed\02_normal_00000847.npy,02,normal,0,data/raw\pump\id_02\normal\00000847.wav
data/processed\02_normal_00000848.npy,02,normal,0,data/raw\pump\id_02\normal\00000848.wav
data/processed\02_normal_00000849.npy,02,normal,0,data/raw\pump\id_02\normal\00000849.wav
data/processed\02_normal_00000850.npy,02,normal,0,data/raw\pump\id_02\normal\00000850.wav
data/processed\02_normal_00000851.npy,02,normal,0,data/raw\pump\id_02\normal\00000851.wav
data/processed\02_normal_00000852.npy,02,normal,0,data/raw\pump\id_02\normal\00000852.wav
data/processed\02_normal_00000853.npy,02,normal,0,data/raw\pump\id_02\normal\00000853.wav
data/processed\02_normal_00000854.npy,02,normal,0,data/raw\pump\id_02\normal\00000854.wav
data/processed\02_normal_00000855.npy,02,normal,0,data/raw\pump\id_02\normal\00000855.wav
data/processed\02_normal_00000856.npy,02,normal,0,data/raw\pump\id_02\normal\00000856.wav
data/processed\02_normal_00000857.npy,02,normal,0,data/raw\pump\id_02\normal\00000857.wav
data/processed\02_normal_00000858.npy,02,normal,0,data/raw\pump\id_02\normal\00000858.wav
data/processed\02_normal_00000859.npy,02,normal,0,data/raw\pump\id_02\normal\00000859.wav
data/processed\02_normal_00000860.npy,02,normal,0,data/raw\pump\id_02\normal\00000860.wav
data/processed\02_normal_00000861.npy,02,normal,0,data/raw\pump\id_02\normal\00000861.wav
data/processed\02_normal_00000862.npy,02,normal,0,data/raw\pump\id_02\normal\00000862.wav
data/processed\02_normal_00000863.npy,02,normal,0,data/raw\pump\id_02\normal\00000863.wav
data/processed\02_normal_00000864.npy,02,normal,0,data/raw\pump\id_02\normal\00000864.wav
data/processed\02_normal_00000865.npy,02,normal,0,data/raw\pump\id_02\normal\00000865.wav
data/processed\02_normal_00000866.npy,02,normal,0,data/raw\pump\id_02\normal\00000866.wav
data/processed\02_normal_00000867.npy,02,normal,0,data/raw\pump\id_02\normal\00000867.wav
data/processed\02_normal_00000868.npy,02,normal,0,data/raw\pump\id_02\normal\00000868.wav
data/processed\02_normal_00000869.npy,02,normal,0,data/raw\pump\id_02\normal\00000869.wav
data/processed\02_normal_00000870.npy,02,normal,0,data/raw\pump\id_02\normal\00000870.wav
data/processed\02_normal_00000871.npy,02,normal,0,data/raw\pump\id_02\normal\00000871.wav
data/processed\02_normal_00000872.npy,02,normal,0,data/raw\pump\id_02\normal\00000872.wav
data/processed\02_normal_00000873.npy,02,normal,0,data/raw\pump\id_02\normal\00000873.wav
data/processed\02_normal_00000874.npy,02,normal,0,data/raw\pump\id_02\normal\00000874.wav
data/processed\02_normal_00000875.npy,02,normal,0,data/raw\pump\id_02\normal\00000875.wav
data/processed\02_normal_00000876.npy,02,normal,0,data/raw\pump\id_02\normal\00000876.wav
data/processed\02_normal_00000877.npy,02,normal,0,data/raw\pump\id_02\normal\00000877.wav
data/processed\02_normal_00000878.npy,02,normal,0,data/raw\pump\id_02\normal\00000878.wav
data/processed\02_normal_00000879.npy,02,normal,0,data/raw\pump\id_02\normal\00000879.wav
data/processed\02_normal_00000880.npy,02,normal,0,data/raw\pump\id_02\normal\00000880.wav
data/processed\02_normal_00000881.npy,02,normal,0,data/raw\pump\id_02\normal\00000881.wav
data/processed\02_normal_00000882.npy,02,normal,0,data/raw\pump\id_02\normal\00000882.wav
data/processed\02_normal_00000883.npy,02,normal,0,data/raw\pump\id_02\normal\00000883.wav
data/processed\02_normal_00000884.npy,02,normal,0,data/raw\pump\id_02\normal\00000884.wav
data/processed\02_normal_00000885.npy,02,normal,0,data/raw\pump\id_02\normal\00000885.wav
data/processed\02_normal_00000886.npy,02,normal,0,data/raw\pump\id_02\normal\00000886.wav
data/processed\02_normal_00000887.npy,02,normal,0,data/raw\pump\id_02\normal\00000887.wav
data/processed\02_normal_00000888.npy,02,normal,0,data/raw\pump\id_02\normal\00000888.wav
data/processed\02_normal_00000889.npy,02,normal,0,data/raw\pump\id_02\normal\00000889.wav
data/processed\02_normal_00000890.npy,02,normal,0,data/raw\pump\id_02\normal\00000890.wav
data/processed\02_normal_00000891.npy,02,normal,0,data/raw\pump\id_02\normal\00000891.wav
data/processed\02_normal_00000892.npy,02,normal,0,data/raw\pump\id_02\normal\00000892.wav
data/processed\02_normal_00000893.npy,02,normal,0,data/raw\pump\id_02\normal\00000893.wav
data/processed\02_normal_00000894.npy,02,normal,0,data/raw\pump\id_02\normal\00000894.wav
data/processed\02_normal_00000895.npy,02,normal,0,data/raw\pump\id_02\normal\00000895.wav
data/processed\02_normal_00000896.npy,02,normal,0,data/raw\pump\id_02\normal\00000896.wav
data/processed\02_normal_00000897.npy,02,normal,0,data/raw\pump\id_02\normal\00000897.wav
data/processed\02_normal_00000898.npy,02,normal,0,data/raw\pump\id_02\normal\00000898.wav
data/processed\02_normal_00000899.npy,02,normal,0,data/raw\pump\id_02\normal\00000899.wav
data/processed\02_normal_00000900.npy,02,normal,0,data/raw\pump\id_02\normal\00000900.wav
data/processed\02_normal_00000901.npy,02,normal,0,data/raw\pump\id_02\normal\00000901.wav
data/processed\02_normal_00000902.npy,02,normal,0,data/raw\pump\id_02\normal\00000902.wav
data/processed\02_normal_00000903.npy,02,normal,0,data/raw\pump\id_02\normal\00000903.wav
data/processed\02_normal_00000904.npy,02,normal,0,data/raw\pump\id_02\normal\00000904.wav
data/processed\02_normal_00000905.npy,02,normal,0,data/raw\pump\id_02\normal\00000905.wav
data/processed\02_normal_00000906.npy,02,normal,0,data/raw\pump\id_02\normal\00000906.wav
data/processed\02_normal_00000907.npy,02,normal,0,data/raw\pump\id_02\normal\00000907.wav
data/processed\02_normal_00000908.npy,02,normal,0,data/raw\pump\id_02\normal\00000908.wav
data/processed\02_normal_00000909.npy,02,normal,0,data/raw\pump\id_02\normal\00000909.wav
data/processed\02_normal_00000910.npy,02,normal,0,data/raw\pump\id_02\normal\00000910.wav
data/processed\02_normal_00000911.npy,02,normal,0,data/raw\pump\id_02\normal\00000911.wav
data/processed\02_normal_00000912.npy,02,normal,0,data/raw\pump\id_02\normal\00000912.wav
data/processed\02_normal_00000913.npy,02,normal,0,data/raw\pump\id_02\normal\00000913.wav
data/processed\02_normal_00000914.npy,02,normal,0,data/raw\pump\id_02\normal\00000914.wav
data/processed\02_normal_00000915.npy,02,normal,0,data/raw\pump\id_02\normal\00000915.wav
data/processed\02_normal_00000916.npy,02,normal,0,data/raw\pump\id_02\normal\00000916.wav
data/processed\02_normal_00000917.npy,02,normal,0,data/raw\pump\id_02\normal\00000917.wav
data/processed\02_normal_00000918.npy,02,normal,0,data/raw\pump\id_02\normal\00000918.wav
data/processed\02_normal_00000919.npy,02,normal,0,data/raw\pump\id_02\normal\00000919.wav
data/processed\02_normal_00000920.npy,02,normal,0,data/raw\pump\id_02\normal\00000920.wav
data/processed\02_normal_00000921.npy,02,normal,0,data/raw\pump\id_02\normal\00000921.wav
data/processed\02_normal_00000922.npy,02,normal,0,data/raw\pump\id_02\normal\00000922.wav
data/processed\02_normal_00000923.npy,02,normal,0,data/raw\pump\id_02\normal\00000923.wav
data/processed\02_normal_00000924.npy,02,normal,0,data/raw\pump\id_02\normal\00000924.wav
data/processed\02_normal_00000925.npy,02,normal,0,data/raw\pump\id_02\normal\00000925.wav
data/processed\02_normal_00000926.npy,02,normal,0,data/raw\pump\id_02\normal\00000926.wav
data/processed\02_normal_00000927.npy,02,normal,0,data/raw\pump\id_02\normal\00000927.wav
data/processed\02_normal_00000928.npy,02,normal,0,data/raw\pump\id_02\normal\00000928.wav
data/processed\02_normal_00000929.npy,02,normal,0,data/raw\pump\id_02\normal\00000929.wav
data/processed\02_normal_00000930.npy,02,normal,0,data/raw\pump\id_02\normal\00000930.wav
data/processed\02_normal_00000931.npy,02,normal,0,data/raw\pump\id_02\normal\00000931.wav
data/processed\02_normal_00000932.npy,02,normal,0,data/raw\pump\id_02\normal\00000932.wav
data/processed\02_normal_00000933.npy,02,normal,0,data/raw\pump\id_02\normal\00000933.wav
data/processed\02_normal_00000934.npy,02,normal,0,data/raw\pump\id_02\normal\00000934.wav
data/processed\02_normal_00000935.npy,02,normal,0,data/raw\pump\id_02\normal\00000935.wav
data/processed\02_normal_00000936.npy,02,normal,0,data/raw\pump\id_02\normal\00000936.wav
data/processed\02_normal_00000937.npy,02,normal,0,data/raw\pump\id_02\normal\00000937.wav
data/processed\02_normal_00000938.npy,02,normal,0,data/raw\pump\id_02\normal\00000938.wav
data/processed\02_normal_00000939.npy,02,normal,0,data/raw\pump\id_02\normal\00000939.wav
data/processed\02_normal_00000940.npy,02,normal,0,data/raw\pump\id_02\normal\00000940.wav
data/processed\02_normal_00000941.npy,02,normal,0,data/raw\pump\id_02\normal\00000941.wav
data/processed\02_normal_00000942.npy,02,normal,0,data/raw\pump\id_02\normal\00000942.wav
data/processed\02_normal_00000943.npy,02,normal,0,data/raw\pump\id_02\normal\00000943.wav
data/processed\02_normal_00000944.npy,02,normal,0,data/raw\pump\id_02\normal\00000944.wav
data/processed\02_normal_00000945.npy,02,normal,0,data/raw\pump\id_02\normal\00000945.wav
data/processed\02_normal_00000946.npy,02,normal,0,data/raw\pump\id_02\normal\00000946.wav
data/processed\02_normal_00000947.npy,02,normal,0,data/raw\pump\id_02\normal\00000947.wav
data/processed\02_normal_00000948.npy,02,normal,0,data/raw\pump\id_02\normal\00000948.wav
data/processed\02_normal_00000949.npy,02,normal,0,data/raw\pump\id_02\normal\00000949.wav
data/processed\02_normal_00000950.npy,02,normal,0,data/raw\pump\id_02\normal\00000950.wav
data/processed\02_normal_00000951.npy,02,normal,0,data/raw\pump\id_02\normal\00000951.wav
data/processed\02_normal_00000952.npy,02,normal,0,data/raw\pump\id_02\normal\00000952.wav
data/processed\02_normal_00000953.npy,02,normal,0,data/raw\pump\id_02\normal\00000953.wav
data/processed\02_normal_00000954.npy,02,normal,0,data/raw\pump\id_02\normal\00000954.wav
data/processed\02_normal_00000955.npy,02,normal,0,data/raw\pump\id_02\normal\00000955.wav
data/processed\02_normal_00000956.npy,02,normal,0,data/raw\pump\id_02\normal\00000956.wav
data/processed\02_normal_00000957.npy,02,normal,0,data/raw\pump\id_02\normal\00000957.wav
data/processed\02_normal_00000958.npy,02,normal,0,data/raw\pump\id_02\normal\00000958.wav
data/processed\02_normal_00000959.npy,02,normal,0,data/raw\pump\id_02\normal\00000959.wav
data/processed\02_normal_00000960.npy,02,normal,0,data/raw\pump\id_02\normal\00000960.wav
data/processed\02_normal_00000961.npy,02,normal,0,data/raw\pump\id_02\normal\00000961.wav
data/processed\02_normal_00000962.npy,02,normal,0,data/raw\pump\id_02\normal\00000962.wav
data/processed\02_normal_00000963.npy,02,normal,0,data/raw\pump\id_02\normal\00000963.wav
data/processed\02_normal_00000964.npy,02,normal,0,data/raw\pump\id_02\normal\00000964.wav
data/processed\02_normal_00000965.npy,02,normal,0,data/raw\pump\id_02\normal\00000965.wav
data/processed\02_normal_00000966.npy,02,normal,0,data/raw\pump\id_02\normal\00000966.wav
data/processed\02_normal_00000967.npy,02,normal,0,data/raw\pump\id_02\normal\00000967.wav
data/processed\02_normal_00000968.npy,02,normal,0,data/raw\pump\id_02\normal\00000968.wav
data/processed\02_normal_00000969.npy,02,normal,0,data/raw\pump\id_02\normal\00000969.wav
data/processed\02_normal_00000970.npy,02,normal,0,data/raw\pump\id_02\normal\00000970.wav
data/processed\02_normal_00000971.npy,02,normal,0,data/raw\pump\id_02\normal\00000971.wav
data/processed\02_normal_00000972.npy,02,normal,0,data/raw\pump\id_02\normal\00000972.wav
data/processed\02_normal_00000973.npy,02,normal,0,data/raw\pump\id_02\normal\00000973.wav
data/processed\02_normal_00000974.npy,02,normal,0,data/raw\pump\id_02\normal\00000974.wav
data/processed\02_normal_00000975.npy,02,normal,0,data/raw\pump\id_02\normal\00000975.wav
data/processed\02_normal_00000976.npy,02,normal,0,data/raw\pump\id_02\normal\00000976.wav
data/processed\02_normal_00000977.npy,02,normal,0,data/raw\pump\id_02\normal\00000977.wav
data/processed\02_normal_00000978.npy,02,normal,0,data/raw\pump\id_02\normal\00000978.wav
data/processed\02_normal_00000979.npy,02,normal,0,data/raw\pump\id_02\normal\00000979.wav
data/processed\02_normal_00000980.npy,02,normal,0,data/raw\pump\id_02\normal\00000980.wav
data/processed\02_normal_00000981.npy,02,normal,0,data/raw\pump\id_02\normal\00000981.wav
data/processed\02_normal_00000982.npy,02,normal,0,data/raw\pump\id_02\normal\00000982.wav
data/processed\02_normal_00000983.npy,02,normal,0,data/raw\pump\id_02\normal\00000983.wav
data/processed\02_normal_00000984.npy,02,normal,0,data/raw\pump\id_02\normal\00000984.wav
data/processed\02_normal_00000985.npy,02,normal,0,data/raw\pump\id_02\normal\00000985.wav
data/processed\02_normal_00000986.npy,02,normal,0,data/raw\pump\id_02\normal\00000986.wav
data/processed\02_normal_00000987.npy,02,normal,0,data/raw\pump\id_02\normal\00000987.wav
data/processed\02_normal_00000988.npy,02,normal,0,data/raw\pump\id_02\normal\00000988.wav
data/processed\02_normal_00000989.npy,02,normal,0,data/raw\pump\id_02\normal\00000989.wav
data/processed\02_normal_00000990.npy,02,normal,0,data/raw\pump\id_02\normal\00000990.wav
data/processed\02_normal_00000991.npy,02,normal,0,data/raw\pump\id_02\normal\00000991.wav
data/processed\02_normal_00000992.npy,02,normal,0,data/raw\pump\id_02\normal\00000992.wav
data/processed\02_normal_00000993.npy,02,normal,0,data/raw\pump\id_02\normal\00000993.wav
data/processed\02_normal_00000994.npy,02,normal,0,data/raw\pump\id_02\normal\00000994.wav
data/processed\02_normal_00000995.npy,02,normal,0,data/raw\pump\id_02\normal\00000995.wav
data/processed\02_normal_00000996.npy,02,normal,0,data/raw\pump\id_02\normal\00000996.wav
data/processed\02_normal_00000997.npy,02,normal,0,data/raw\pump\id_02\normal\00000997.wav
data/processed\02_normal_00000998.npy,02,normal,0,data/raw\pump\id_02\normal\00000998.wav
data/processed\02_normal_00000999.npy,02,normal,0,data/raw\pump\id_02\normal\00000999.wav
data/processed\02_normal_00001000.npy,02,normal,0,data/raw\pump\id_02\normal\00001000.wav
data/processed\02_normal_00001001.npy,02,normal,0,data/raw\pump\id_02\normal\00001001.wav
data/processed\02_normal_00001002.npy,02,normal,0,data/raw\pump\id_02\normal\00001002.wav
data/processed\02_normal_00001003.npy,02,normal,0,data/raw\pump\id_02\normal\00001003.wav
data/processed\02_normal_00001004.npy,02,normal,0,data/raw\pump\id_02\normal\00001004.wav
data/processed\04_abnormal_00000000.npy,04,abnormal,1,data/raw\pump\id_04\abnormal\00000000.wav
data/processed\04_abnormal_00000001.npy,04,abnormal,1,data/raw\pump\id_04\abnormal\00000001.wav
data/processed\04_abnormal_00000002.npy,04,abnormal,1,data/raw\pump\id_04\abnormal\00000002.wav
data/processed\04_abnormal_00000003.npy,04,abnormal,1,data/raw\pump\id_04\abnormal\00000003.wav
data/processed\04_abnormal_00000004.npy,04,abnormal,1,data/raw\pump\id_04\abnormal\00000004.wav
data/processed\04_abnormal_00000005.npy,04,abnormal,1,data/raw\pump\id_04\abnormal\00000005.wav
data/processed\04_abnormal_00000006.npy,04,abnormal,1,data/raw\pump\id_04\abnormal\00000006.wav
data/processed\04_abnormal_00000007.npy,04,abnormal,1,data/raw\pump\id_04\abnormal\00000007.wav
data/processed\04_abnormal_00000008.npy,04,abnormal,1,data/raw\pump\id_04\abnormal\00000008.wav
data/processed\04_abnormal_00000009.npy,04,abnormal,1,data/raw\pump\id_04\abnormal\00000009.wav
data/processed\04_abnormal_00000010.npy,04,abnormal,1,data/raw\pump\id_04\abnormal\00000010.wav
data/processed\04_abnormal_00000011.npy,04,abnormal,1,data/raw\pump\id_04\abnormal\00000011.wav
data/processed\04_abnormal_00000012.npy,04,abnormal,1,data/raw\pump\id_04\abnormal\00000012.wav
data/processed\04_abnormal_00000013.npy,04,abnormal,1,data/raw\pump\id_04\abnormal\00000013.wav
data/processed\04_abnormal_00000014.npy,04,abnormal,1,data/raw\pump\id_04\abnormal\00000014.wav
data/processed\04_abnormal_00000015.npy,04,abnormal,1,data/raw\pump\id_04\abnormal\00000015.wav
data/processed\04_abnormal_00000016.npy,04,abnormal,1,data/raw\pump\id_04\abnormal\00000016.wav
data/processed\04_abnormal_00000017.npy,04,abnormal,1,data/raw\pump\id_04\abnormal\00000017.wav
data/processed\04_abnormal_00000018.npy,04,abnormal,1,data/raw\pump\id_04\abnormal\00000018.wav
data/processed\04_abnormal_00000019.npy,04,abnormal,1,data/raw\pump\id_04\abnormal\00000019.wav
data/processed\04_abnormal_00000020.npy,04,abnormal,1,data/raw\pump\id_04\abnormal\00000020.wav
data/processed\04_abnormal_00000021.npy,04,abnormal,1,data/raw\pump\id_04\abnormal\00000021.wav
data/processed\04_abnormal_00000022.npy,04,abnormal,1,data/raw\pump\id_04\abnormal\00000022.wav
data/processed\04_abnormal_00000023.npy,04,abnormal,1,data/raw\pump\id_04\abnormal\00000023.wav
data/processed\04_abnormal_00000024.npy,04,abnormal,1,data/raw\pump\id_04\abnormal\00000024.wav
data/processed\04_abnormal_00000025.npy,04,abnormal,1,data/raw\pump\id_04\abnormal\00000025.wav
data/processed\04_abnormal_00000026.npy,04,abnormal,1,data/raw\pump\id_04\abnormal\00000026.wav
data/processed\04_abnormal_00000027.npy,04,abnormal,1,data/raw\pump\id_04\abnormal\00000027.wav
data/processed\04_abnormal_00000028.npy,04,abnormal,1,data/raw\pump\id_04\abnormal\00000028.wav
data/processed\04_abnormal_00000029.npy,04,abnormal,1,data/raw\pump\id_04\abnormal\00000029.wav
data/processed\04_abnormal_00000030.npy,04,abnormal,1,data/raw\pump\id_04\abnormal\00000030.wav
data/processed\04_abnormal_00000031.npy,04,abnormal,1,data/raw\pump\id_04\abnormal\00000031.wav
data/processed\04_abnormal_00000032.npy,04,abnormal,1,data/raw\pump\id_04\abnormal\00000032.wav
data/processed\04_abnormal_00000033.npy,04,abnormal,1,data/raw\pump\id_04\abnormal\00000033.wav
data/processed\04_abnormal_00000034.npy,04,abnormal,1,data/raw\pump\id_04\abnormal\00000034.wav
data/processed\04_abnormal_00000035.npy,04,abnormal,1,data/raw\pump\id_04\abnormal\00000035.wav
data/processed\04_abnormal_00000036.npy,04,abnormal,1,data/raw\pump\id_04\abnormal\00000036.wav
data/processed\04_abnormal_00000037.npy,04,abnormal,1,data/raw\pump\id_04\abnormal\00000037.wav
data/processed\04_abnormal_00000038.npy,04,abnormal,1,data/raw\pump\id_04\abnormal\00000038.wav
data/processed\04_abnormal_00000039.npy,04,abnormal,1,data/raw\pump\id_04\abnormal\00000039.wav
data/processed\04_abnormal_00000040.npy,04,abnormal,1,data/raw\pump\id_04\abnormal\00000040.wav
data/processed\04_abnormal_00000041.npy,04,abnormal,1,data/raw\pump\id_04\abnormal\00000041.wav
data/processed\04_abnormal_00000042.npy,04,abnormal,1,data/raw\pump\id_04\abnormal\00000042.wav
data/processed\04_abnormal_00000043.npy,04,abnormal,1,data/raw\pump\id_04\abnormal\00000043.wav
data/processed\04_abnormal_00000044.npy,04,abnormal,1,data/raw\pump\id_04\abnormal\00000044.wav
data/processed\04_abnormal_00000045.npy,04,abnormal,1,data/raw\pump\id_04\abnormal\00000045.wav
data/processed\04_abnormal_00000046.npy,04,abnormal,1,data/raw\pump\id_04\abnormal\00000046.wav
data/processed\04_abnormal_00000047.npy,04,abnormal,1,data/raw\pump\id_04\abnormal\00000047.wav
data/processed\04_abnormal_00000048.npy,04,abnormal,1,data/raw\pump\id_04\abnormal\00000048.wav
data/processed\04_abnormal_00000049.npy,04,abnormal,1,data/raw\pump\id_04\abnormal\00000049.wav
data/processed\04_abnormal_00000050.npy,04,abnormal,1,data/raw\pump\id_04\abnormal\00000050.wav
data/processed\04_abnormal_00000051.npy,04,abnormal,1,data/raw\pump\id_04\abnormal\00000051.wav
data/processed\04_abnormal_00000052.npy,04,abnormal,1,data/raw\pump\id_04\abnormal\00000052.wav
data/processed\04_abnormal_00000053.npy,04,abnormal,1,data/raw\pump\id_04\abnormal\00000053.wav
data/processed\04_abnormal_00000054.npy,04,abnormal,1,data/raw\pump\id_04\abnormal\00000054.wav
data/processed\04_abnormal_00000055.npy,04,abnormal,1,data/raw\pump\id_04\abnormal\00000055.wav
data/processed\04_abnormal_00000056.npy,04,abnormal,1,data/raw\pump\id_04\abnormal\00000056.wav
data/processed\04_abnormal_00000057.npy,04,abnormal,1,data/raw\pump\id_04\abnormal\00000057.wav
data/processed\04_abnormal_00000058.npy,04,abnormal,1,data/raw\pump\id_04\abnormal\00000058.wav
data/processed\04_abnormal_00000059.npy,04,abnormal,1,data/raw\pump\id_04\abnormal\00000059.wav
data/processed\04_abnormal_00000060.npy,04,abnormal,1,data/raw\pump\id_04\abnormal\00000060.wav
data/processed\04_abnormal_00000061.npy,04,abnormal,1,data/raw\pump\id_04\abnormal\00000061.wav
data/processed\04_abnormal_00000062.npy,04,abnormal,1,data/raw\pump\id_04\abnormal\00000062.wav
data/processed\04_abnormal_00000063.npy,04,abnormal,1,data/raw\pump\id_04\abnormal\00000063.wav
data/processed\04_abnormal_00000064.npy,04,abnormal,1,data/raw\pump\id_04\abnormal\00000064.wav
data/processed\04_abnormal_00000065.npy,04,abnormal,1,data/raw\pump\id_04\abnormal\00000065.wav
data/processed\04_abnormal_00000066.npy,04,abnormal,1,data/raw\pump\id_04\abnormal\00000066.wav
data/processed\04_abnormal_00000067.npy,04,abnormal,1,data/raw\pump\id_04\abnormal\00000067.wav
data/processed\04_abnormal_00000068.npy,04,abnormal,1,data/raw\pump\id_04\abnormal\00000068.wav
data/processed\04_abnormal_00000069.npy,04,abnormal,1,data/raw\pump\id_04\abnormal\00000069.wav
data/processed\04_abnormal_00000070.npy,04,abnormal,1,data/raw\pump\id_04\abnormal\00000070.wav
data/processed\04_abnormal_00000071.npy,04,abnormal,1,data/raw\pump\id_04\abnormal\00000071.wav
data/processed\04_abnormal_00000072.npy,04,abnormal,1,data/raw\pump\id_04\abnormal\00000072.wav
data/processed\04_abnormal_00000073.npy,04,abnormal,1,data/raw\pump\id_04\abnormal\00000073.wav
data/processed\04_abnormal_00000074.npy,04,abnormal,1,data/raw\pump\id_04\abnormal\00000074.wav
data/processed\04_abnormal_00000075.npy,04,abnormal,1,data/raw\pump\id_04\abnormal\00000075.wav
data/processed\04_abnormal_00000076.npy,04,abnormal,1,data/raw\pump\id_04\abnormal\00000076.wav
data/processed\04_abnormal_00000077.npy,04,abnormal,1,data/raw\pump\id_04\abnormal\00000077.wav
data/processed\04_abnormal_00000078.npy,04,abnormal,1,data/raw\pump\id_04\abnormal\00000078.wav
data/processed\04_abnormal_00000079.npy,04,abnormal,1,data/raw\pump\id_04\abnormal\00000079.wav
data/processed\04_abnormal_00000080.npy,04,abnormal,1,data/raw\pump\id_04\abnormal\00000080.wav
data/processed\04_abnormal_00000081.npy,04,abnormal,1,data/raw\pump\id_04\abnormal\00000081.wav
data/processed\04_abnormal_00000082.npy,04,abnormal,1,data/raw\pump\id_04\abnormal\00000082.wav
data/processed\04_abnormal_00000083.npy,04,abnormal,1,data/raw\pump\id_04\abnormal\00000083.wav
data/processed\04_abnormal_00000084.npy,04,abnormal,1,data/raw\pump\id_04\abnormal\00000084.wav
data/processed\04_abnormal_00000085.npy,04,abnormal,1,data/raw\pump\id_04\abnormal\00000085.wav
data/processed\04_abnormal_00000086.npy,04,abnormal,1,data/raw\pump\id_04\abnormal\00000086.wav
data/processed\04_abnormal_00000087.npy,04,abnormal,1,data/raw\pump\id_04\abnormal\00000087.wav
data/processed\04_abnormal_00000088.npy,04,abnormal,1,data/raw\pump\id_04\abnormal\00000088.wav
data/processed\04_abnormal_00000089.npy,04,abnormal,1,data/raw\pump\id_04\abnormal\00000089.wav
data/processed\04_abnormal_00000090.npy,04,abnormal,1,data/raw\pump\id_04\abnormal\00000090.wav
data/processed\04_abnormal_00000091.npy,04,abnormal,1,data/raw\pump\id_04\abnormal\00000091.wav
data/processed\04_abnormal_00000092.npy,04,abnormal,1,data/raw\pump\id_04\abnormal\00000092.wav
data/processed\04_abnormal_00000093.npy,04,abnormal,1,data/raw\pump\id_04\abnormal\00000093.wav
data/processed\04_abnormal_00000094.npy,04,abnormal,1,data/raw\pump\id_04\abnormal\00000094.wav
data/processed\04_abnormal_00000095.npy,04,abnormal,1,data/raw\pump\id_04\abnormal\00000095.wav
data/processed\04_abnormal_00000096.npy,04,abnormal,1,data/raw\pump\id_04\abnormal\00000096.wav
data/processed\04_abnormal_00000097.npy,04,abnormal,1,data/raw\pump\id_04\abnormal\00000097.wav
data/processed\04_abnormal_00000098.npy,04,abnormal,1,data/raw\pump\id_04\abnormal\00000098.wav
data/processed\04_abnormal_00000099.npy,04,abnormal,1,data/raw\pump\id_04\abnormal\00000099.wav
data/processed\04_normal_00000000.npy,04,normal,0,data/raw\pump\id_04\normal\00000000.wav
data/processed\04_normal_00000001.npy,04,normal,0,data/raw\pump\id_04\normal\00000001.wav
data/processed\04_normal_00000002.npy,04,normal,0,data/raw\pump\id_04\normal\00000002.wav
data/processed\04_normal_00000003.npy,04,normal,0,data/raw\pump\id_04\normal\00000003.wav
data/processed\04_normal_00000004.npy,04,normal,0,data/raw\pump\id_04\normal\00000004.wav
data/processed\04_normal_00000005.npy,04,normal,0,data/raw\pump\id_04\normal\00000005.wav
data/processed\04_normal_00000006.npy,04,normal,0,data/raw\pump\id_04\normal\00000006.wav
data/processed\04_normal_00000007.npy,04,normal,0,data/raw\pump\id_04\normal\00000007.wav
data/processed\04_normal_00000008.npy,04,normal,0,data/raw\pump\id_04\normal\00000008.wav
data/processed\04_normal_00000009.npy,04,normal,0,data/raw\pump\id_04\normal\00000009.wav
data/processed\04_normal_00000010.npy,04,normal,0,data/raw\pump\id_04\normal\00000010.wav
data/processed\04_normal_00000011.npy,04,normal,0,data/raw\pump\id_04\normal\00000011.wav
data/processed\04_normal_00000012.npy,04,normal,0,data/raw\pump\id_04\normal\00000012.wav
data/processed\04_normal_00000013.npy,04,normal,0,data/raw\pump\id_04\normal\00000013.wav
data/processed\04_normal_00000014.npy,04,normal,0,data/raw\pump\id_04\normal\00000014.wav
data/processed\04_normal_00000015.npy,04,normal,0,data/raw\pump\id_04\normal\00000015.wav
data/processed\04_normal_00000016.npy,04,normal,0,data/raw\pump\id_04\normal\00000016.wav
data/processed\04_normal_00000017.npy,04,normal,0,data/raw\pump\id_04\normal\00000017.wav
data/processed\04_normal_00000018.npy,04,normal,0,data/raw\pump\id_04\normal\00000018.wav
data/processed\04_normal_00000019.npy,04,normal,0,data/raw\pump\id_04\normal\00000019.wav
data/processed\04_normal_00000020.npy,04,normal,0,data/raw\pump\id_04\normal\00000020.wav
data/processed\04_normal_00000021.npy,04,normal,0,data/raw\pump\id_04\normal\00000021.wav
data/processed\04_normal_00000022.npy,04,normal,0,data/raw\pump\id_04\normal\00000022.wav
data/processed\04_normal_00000023.npy,04,normal,0,data/raw\pump\id_04\normal\00000023.wav
data/processed\04_normal_00000024.npy,04,normal,0,data/raw\pump\id_04\normal\00000024.wav
data/processed\04_normal_00000025.npy,04,normal,0,data/raw\pump\id_04\normal\00000025.wav
data/processed\04_normal_00000026.npy,04,normal,0,data/raw\pump\id_04\normal\00000026.wav
data/processed\04_normal_00000027.npy,04,normal,0,data/raw\pump\id_04\normal\00000027.wav
data/processed\04_normal_00000028.npy,04,normal,0,data/raw\pump\id_04\normal\00000028.wav
data/processed\04_normal_00000029.npy,04,normal,0,data/raw\pump\id_04\normal\00000029.wav
data/processed\04_normal_00000030.npy,04,normal,0,data/raw\pump\id_04\normal\00000030.wav
data/processed\04_normal_00000031.npy,04,normal,0,data/raw\pump\id_04\normal\00000031.wav
data/processed\04_normal_00000032.npy,04,normal,0,data/raw\pump\id_04\normal\00000032.wav
data/processed\04_normal_00000033.npy,04,normal,0,data/raw\pump\id_04\normal\00000033.wav
data/processed\04_normal_00000034.npy,04,normal,0,data/raw\pump\id_04\normal\00000034.wav
data/processed\04_normal_00000035.npy,04,normal,0,data/raw\pump\id_04\normal\00000035.wav
data/processed\04_normal_00000036.npy,04,normal,0,data/raw\pump\id_04\normal\00000036.wav
data/processed\04_normal_00000037.npy,04,normal,0,data/raw\pump\id_04\normal\00000037.wav
data/processed\04_normal_00000038.npy,04,normal,0,data/raw\pump\id_04\normal\00000038.wav
data/processed\04_normal_00000039.npy,04,normal,0,data/raw\pump\id_04\normal\00000039.wav
data/processed\04_normal_00000040.npy,04,normal,0,data/raw\pump\id_04\normal\00000040.wav
data/processed\04_normal_00000041.npy,04,normal,0,data/raw\pump\id_04\normal\00000041.wav
data/processed\04_normal_00000042.npy,04,normal,0,data/raw\pump\id_04\normal\00000042.wav
data/processed\04_normal_00000043.npy,04,normal,0,data/raw\pump\id_04\normal\00000043.wav
data/processed\04_normal_00000044.npy,04,normal,0,data/raw\pump\id_04\normal\00000044.wav
data/processed\04_normal_00000045.npy,04,normal,0,data/raw\pump\id_04\normal\00000045.wav
data/processed\04_normal_00000046.npy,04,normal,0,data/raw\pump\id_04\normal\00000046.wav
data/processed\04_normal_00000047.npy,04,normal,0,data/raw\pump\id_04\normal\00000047.wav
data/processed\04_normal_00000048.npy,04,normal,0,data/raw\pump\id_04\normal\00000048.wav
data/processed\04_normal_00000049.npy,04,normal,0,data/raw\pump\id_04\normal\00000049.wav
data/processed\04_normal_00000050.npy,04,normal,0,data/raw\pump\id_04\normal\00000050.wav
data/processed\04_normal_00000051.npy,04,normal,0,data/raw\pump\id_04\normal\00000051.wav
data/processed\04_normal_00000052.npy,04,normal,0,data/raw\pump\id_04\normal\00000052.wav
data/processed\04_normal_00000053.npy,04,normal,0,data/raw\pump\id_04\normal\00000053.wav
data/processed\04_normal_00000054.npy,04,normal,0,data/raw\pump\id_04\normal\00000054.wav
data/processed\04_normal_00000055.npy,04,normal,0,data/raw\pump\id_04\normal\00000055.wav
data/processed\04_normal_00000056.npy,04,normal,0,data/raw\pump\id_04\normal\00000056.wav
data/processed\04_normal_00000057.npy,04,normal,0,data/raw\pump\id_04\normal\00000057.wav
data/processed\04_normal_00000058.npy,04,normal,0,data/raw\pump\id_04\normal\00000058.wav
data/processed\04_normal_00000059.npy,04,normal,0,data/raw\pump\id_04\normal\00000059.wav
data/processed\04_normal_00000060.npy,04,normal,0,data/raw\pump\id_04\normal\00000060.wav
data/processed\04_normal_00000061.npy,04,normal,0,data/raw\pump\id_04\normal\00000061.wav
data/processed\04_normal_00000062.npy,04,normal,0,data/raw\pump\id_04\normal\00000062.wav
data/processed\04_normal_00000063.npy,04,normal,0,data/raw\pump\id_04\normal\00000063.wav
data/processed\04_normal_00000064.npy,04,normal,0,data/raw\pump\id_04\normal\00000064.wav
data/processed\04_normal_00000065.npy,04,normal,0,data/raw\pump\id_04\normal\00000065.wav
data/processed\04_normal_00000066.npy,04,normal,0,data/raw\pump\id_04\normal\00000066.wav
data/processed\04_normal_00000067.npy,04,normal,0,data/raw\pump\id_04\normal\00000067.wav
data/processed\04_normal_00000068.npy,04,normal,0,data/raw\pump\id_04\normal\00000068.wav
data/processed\04_normal_00000069.npy,04,normal,0,data/raw\pump\id_04\normal\00000069.wav
data/processed\04_normal_00000070.npy,04,normal,0,data/raw\pump\id_04\normal\00000070.wav
data/processed\04_normal_00000071.npy,04,normal,0,data/raw\pump\id_04\normal\00000071.wav
data/processed\04_normal_00000072.npy,04,normal,0,data/raw\pump\id_04\normal\00000072.wav
data/processed\04_normal_00000073.npy,04,normal,0,data/raw\pump\id_04\normal\00000073.wav
data/processed\04_normal_00000074.npy,04,normal,0,data/raw\pump\id_04\normal\00000074.wav
data/processed\04_normal_00000075.npy,04,normal,0,data/raw\pump\id_04\normal\00000075.wav
data/processed\04_normal_00000076.npy,04,normal,0,data/raw\pump\id_04\normal\00000076.wav
data/processed\04_normal_00000077.npy,04,normal,0,data/raw\pump\id_04\normal\00000077.wav
data/processed\04_normal_00000078.npy,04,normal,0,data/raw\pump\id_04\normal\00000078.wav
data/processed\04_normal_00000079.npy,04,normal,0,data/raw\pump\id_04\normal\00000079.wav
data/processed\04_normal_00000080.npy,04,normal,0,data/raw\pump\id_04\normal\00000080.wav
data/processed\04_normal_00000081.npy,04,normal,0,data/raw\pump\id_04\normal\00000081.wav
data/processed\04_normal_00000082.npy,04,normal,0,data/raw\pump\id_04\normal\00000082.wav
data/processed\04_normal_00000083.npy,04,normal,0,data/raw\pump\id_04\normal\00000083.wav
data/processed\04_normal_00000084.npy,04,normal,0,data/raw\pump\id_04\normal\00000084.wav
data/processed\04_normal_00000085.npy,04,normal,0,data/raw\pump\id_04\normal\00000085.wav
data/processed\04_normal_00000086.npy,04,normal,0,data/raw\pump\id_04\normal\00000086.wav
data/processed\04_normal_00000087.npy,04,normal,0,data/raw\pump\id_04\normal\00000087.wav
data/processed\04_normal_00000088.npy,04,normal,0,data/raw\pump\id_04\normal\00000088.wav
data/processed\04_normal_00000089.npy,04,normal,0,data/raw\pump\id_04\normal\00000089.wav
data/processed\04_normal_00000090.npy,04,normal,0,data/raw\pump\id_04\normal\00000090.wav
data/processed\04_normal_00000091.npy,04,normal,0,data/raw\pump\id_04\normal\00000091.wav
data/processed\04_normal_00000092.npy,04,normal,0,data/raw\pump\id_04\normal\00000092.wav
data/processed\04_normal_00000093.npy,04,normal,0,data/raw\pump\id_04\normal\00000093.wav
data/processed\04_normal_00000094.npy,04,normal,0,data/raw\pump\id_04\normal\00000094.wav
data/processed\04_normal_00000095.npy,04,normal,0,data/raw\pump\id_04\normal\00000095.wav
data/processed\04_normal_00000096.npy,04,normal,0,data/raw\pump\id_04\normal\00000096.wav
data/processed\04_normal_00000097.npy,04,normal,0,data/raw\pump\id_04\normal\00000097.wav
data/processed\04_normal_00000098.npy,04,normal,0,data/raw\pump\id_04\normal\00000098.wav
data/processed\04_normal_00000099.npy,04,normal,0,data/raw\pump\id_04\normal\00000099.wav
data/processed\04_normal_00000100.npy,04,normal,0,data/raw\pump\id_04\normal\00000100.wav
data/processed\04_normal_00000101.npy,04,normal,0,data/raw\pump\id_04\normal\00000101.wav
data/processed\04_normal_00000102.npy,04,normal,0,data/raw\pump\id_04\normal\00000102.wav
data/processed\04_normal_00000103.npy,04,normal,0,data/raw\pump\id_04\normal\00000103.wav
data/processed\04_normal_00000104.npy,04,normal,0,data/raw\pump\id_04\normal\00000104.wav
data/processed\04_normal_00000105.npy,04,normal,0,data/raw\pump\id_04\normal\00000105.wav
data/processed\04_normal_00000106.npy,04,normal,0,data/raw\pump\id_04\normal\00000106.wav
data/processed\04_normal_00000107.npy,04,normal,0,data/raw\pump\id_04\normal\00000107.wav
data/processed\04_normal_00000108.npy,04,normal,0,data/raw\pump\id_04\normal\00000108.wav
data/processed\04_normal_00000109.npy,04,normal,0,data/raw\pump\id_04\normal\00000109.wav
data/processed\04_normal_00000110.npy,04,normal,0,data/raw\pump\id_04\normal\00000110.wav
data/processed\04_normal_00000111.npy,04,normal,0,data/raw\pump\id_04\normal\00000111.wav
data/processed\04_normal_00000112.npy,04,normal,0,data/raw\pump\id_04\normal\00000112.wav
data/processed\04_normal_00000113.npy,04,normal,0,data/raw\pump\id_04\normal\00000113.wav
data/processed\04_normal_00000114.npy,04,normal,0,data/raw\pump\id_04\normal\00000114.wav
data/processed\04_normal_00000115.npy,04,normal,0,data/raw\pump\id_04\normal\00000115.wav
data/processed\04_normal_00000116.npy,04,normal,0,data/raw\pump\id_04\normal\00000116.wav
data/processed\04_normal_00000117.npy,04,normal,0,data/raw\pump\id_04\normal\00000117.wav
data/processed\04_normal_00000118.npy,04,normal,0,data/raw\pump\id_04\normal\00000118.wav
data/processed\04_normal_00000119.npy,04,normal,0,data/raw\pump\id_04\normal\00000119.wav
data/processed\04_normal_00000120.npy,04,normal,0,data/raw\pump\id_04\normal\00000120.wav
data/processed\04_normal_00000121.npy,04,normal,0,data/raw\pump\id_04\normal\00000121.wav
data/processed\04_normal_00000122.npy,04,normal,0,data/raw\pump\id_04\normal\00000122.wav
data/processed\04_normal_00000123.npy,04,normal,0,data/raw\pump\id_04\normal\00000123.wav
data/processed\04_normal_00000124.npy,04,normal,0,data/raw\pump\id_04\normal\00000124.wav
data/processed\04_normal_00000125.npy,04,normal,0,data/raw\pump\id_04\normal\00000125.wav
data/processed\04_normal_00000126.npy,04,normal,0,data/raw\pump\id_04\normal\00000126.wav
data/processed\04_normal_00000127.npy,04,normal,0,data/raw\pump\id_04\normal\00000127.wav
data/processed\04_normal_00000128.npy,04,normal,0,data/raw\pump\id_04\normal\00000128.wav
data/processed\04_normal_00000129.npy,04,normal,0,data/raw\pump\id_04\normal\00000129.wav
data/processed\04_normal_00000130.npy,04,normal,0,data/raw\pump\id_04\normal\00000130.wav
data/processed\04_normal_00000131.npy,04,normal,0,data/raw\pump\id_04\normal\00000131.wav
data/processed\04_normal_00000132.npy,04,normal,0,data/raw\pump\id_04\normal\00000132.wav
data/processed\04_normal_00000133.npy,04,normal,0,data/raw\pump\id_04\normal\00000133.wav
data/processed\04_normal_00000134.npy,04,normal,0,data/raw\pump\id_04\normal\00000134.wav
data/processed\04_normal_00000135.npy,04,normal,0,data/raw\pump\id_04\normal\00000135.wav
data/processed\04_normal_00000136.npy,04,normal,0,data/raw\pump\id_04\normal\00000136.wav
data/processed\04_normal_00000137.npy,04,normal,0,data/raw\pump\id_04\normal\00000137.wav
data/processed\04_normal_00000138.npy,04,normal,0,data/raw\pump\id_04\normal\00000138.wav
data/processed\04_normal_00000139.npy,04,normal,0,data/raw\pump\id_04\normal\00000139.wav
data/processed\04_normal_00000140.npy,04,normal,0,data/raw\pump\id_04\normal\00000140.wav
data/processed\04_normal_00000141.npy,04,normal,0,data/raw\pump\id_04\normal\00000141.wav
data/processed\04_normal_00000142.npy,04,normal,0,data/raw\pump\id_04\normal\00000142.wav
data/processed\04_normal_00000143.npy,04,normal,0,data/raw\pump\id_04\normal\00000143.wav
data/processed\04_normal_00000144.npy,04,normal,0,data/raw\pump\id_04\normal\00000144.wav
data/processed\04_normal_00000145.npy,04,normal,0,data/raw\pump\id_04\normal\00000145.wav
data/processed\04_normal_00000146.npy,04,normal,0,data/raw\pump\id_04\normal\00000146.wav
data/processed\04_normal_00000147.npy,04,normal,0,data/raw\pump\id_04\normal\00000147.wav
data/processed\04_normal_00000148.npy,04,normal,0,data/raw\pump\id_04\normal\00000148.wav
data/processed\04_normal_00000149.npy,04,normal,0,data/raw\pump\id_04\normal\00000149.wav
data/processed\04_normal_00000150.npy,04,normal,0,data/raw\pump\id_04\normal\00000150.wav
data/processed\04_normal_00000151.npy,04,normal,0,data/raw\pump\id_04\normal\00000151.wav
data/processed\04_normal_00000152.npy,04,normal,0,data/raw\pump\id_04\normal\00000152.wav
data/processed\04_normal_00000153.npy,04,normal,0,data/raw\pump\id_04\normal\00000153.wav
data/processed\04_normal_00000154.npy,04,normal,0,data/raw\pump\id_04\normal\00000154.wav
data/processed\04_normal_00000155.npy,04,normal,0,data/raw\pump\id_04\normal\00000155.wav
data/processed\04_normal_00000156.npy,04,normal,0,data/raw\pump\id_04\normal\00000156.wav
data/processed\04_normal_00000157.npy,04,normal,0,data/raw\pump\id_04\normal\00000157.wav
data/processed\04_normal_00000158.npy,04,normal,0,data/raw\pump\id_04\normal\00000158.wav
data/processed\04_normal_00000159.npy,04,normal,0,data/raw\pump\id_04\normal\00000159.wav
data/processed\04_normal_00000160.npy,04,normal,0,data/raw\pump\id_04\normal\00000160.wav
data/processed\04_normal_00000161.npy,04,normal,0,data/raw\pump\id_04\normal\00000161.wav
data/processed\04_normal_00000162.npy,04,normal,0,data/raw\pump\id_04\normal\00000162.wav
data/processed\04_normal_00000163.npy,04,normal,0,data/raw\pump\id_04\normal\00000163.wav
data/processed\04_normal_00000164.npy,04,normal,0,data/raw\pump\id_04\normal\00000164.wav
data/processed\04_normal_00000165.npy,04,normal,0,data/raw\pump\id_04\normal\00000165.wav
data/processed\04_normal_00000166.npy,04,normal,0,data/raw\pump\id_04\normal\00000166.wav
data/processed\04_normal_00000167.npy,04,normal,0,data/raw\pump\id_04\normal\00000167.wav
data/processed\04_normal_00000168.npy,04,normal,0,data/raw\pump\id_04\normal\00000168.wav
data/processed\04_normal_00000169.npy,04,normal,0,data/raw\pump\id_04\normal\00000169.wav
data/processed\04_normal_00000170.npy,04,normal,0,data/raw\pump\id_04\normal\00000170.wav
data/processed\04_normal_00000171.npy,04,normal,0,data/raw\pump\id_04\normal\00000171.wav
data/processed\04_normal_00000172.npy,04,normal,0,data/raw\pump\id_04\normal\00000172.wav
data/processed\04_normal_00000173.npy,04,normal,0,data/raw\pump\id_04\normal\00000173.wav
data/processed\04_normal_00000174.npy,04,normal,0,data/raw\pump\id_04\normal\00000174.wav
data/processed\04_normal_00000175.npy,04,normal,0,data/raw\pump\id_04\normal\00000175.wav
data/processed\04_normal_00000176.npy,04,normal,0,data/raw\pump\id_04\normal\00000176.wav
data/processed\04_normal_00000177.npy,04,normal,0,data/raw\pump\id_04\normal\00000177.wav
data/processed\04_normal_00000178.npy,04,normal,0,data/raw\pump\id_04\normal\00000178.wav
data/processed\04_normal_00000179.npy,04,normal,0,data/raw\pump\id_04\normal\00000179.wav
data/processed\04_normal_00000180.npy,04,normal,0,data/raw\pump\id_04\normal\00000180.wav
data/processed\04_normal_00000181.npy,04,normal,0,data/raw\pump\id_04\normal\00000181.wav
data/processed\04_normal_00000182.npy,04,normal,0,data/raw\pump\id_04\normal\00000182.wav
data/processed\04_normal_00000183.npy,04,normal,0,data/raw\pump\id_04\normal\00000183.wav
data/processed\04_normal_00000184.npy,04,normal,0,data/raw\pump\id_04\normal\00000184.wav
data/processed\04_normal_00000185.npy,04,normal,0,data/raw\pump\id_04\normal\00000185.wav
data/processed\04_normal_00000186.npy,04,normal,0,data/raw\pump\id_04\normal\00000186.wav
data/processed\04_normal_00000187.npy,04,normal,0,data/raw\pump\id_04\normal\00000187.wav
data/processed\04_normal_00000188.npy,04,normal,0,data/raw\pump\id_04\normal\00000188.wav
data/processed\04_normal_00000189.npy,04,normal,0,data/raw\pump\id_04\normal\00000189.wav
data/processed\04_normal_00000190.npy,04,normal,0,data/raw\pump\id_04\normal\00000190.wav
data/processed\04_normal_00000191.npy,04,normal,0,data/raw\pump\id_04\normal\00000191.wav
data/processed\04_normal_00000192.npy,04,normal,0,data/raw\pump\id_04\normal\00000192.wav
data/processed\04_normal_00000193.npy,04,normal,0,data/raw\pump\id_04\normal\00000193.wav
data/processed\04_normal_00000194.npy,04,normal,0,data/raw\pump\id_04\normal\00000194.wav
data/processed\04_normal_00000195.npy,04,normal,0,data/raw\pump\id_04\normal\00000195.wav
data/processed\04_normal_00000196.npy,04,normal,0,data/raw\pump\id_04\normal\00000196.wav
data/processed\04_normal_00000197.npy,04,normal,0,data/raw\pump\id_04\normal\00000197.wav
data/processed\04_normal_00000198.npy,04,normal,0,data/raw\pump\id_04\normal\00000198.wav
data/processed\04_normal_00000199.npy,04,normal,0,data/raw\pump\id_04\normal\00000199.wav
data/processed\04_normal_00000200.npy,04,normal,0,data/raw\pump\id_04\normal\00000200.wav
data/processed\04_normal_00000201.npy,04,normal,0,data/raw\pump\id_04\normal\00000201.wav
data/processed\04_normal_00000202.npy,04,normal,0,data/raw\pump\id_04\normal\00000202.wav
data/processed\04_normal_00000203.npy,04,normal,0,data/raw\pump\id_04\normal\00000203.wav
data/processed\04_normal_00000204.npy,04,normal,0,data/raw\pump\id_04\normal\00000204.wav
data/processed\04_normal_00000205.npy,04,normal,0,data/raw\pump\id_04\normal\00000205.wav
data/processed\04_normal_00000206.npy,04,normal,0,data/raw\pump\id_04\normal\00000206.wav
data/processed\04_normal_00000207.npy,04,normal,0,data/raw\pump\id_04\normal\00000207.wav
data/processed\04_normal_00000208.npy,04,normal,0,data/raw\pump\id_04\normal\00000208.wav
data/processed\04_normal_00000209.npy,04,normal,0,data/raw\pump\id_04\normal\00000209.wav
data/processed\04_normal_00000210.npy,04,normal,0,data/raw\pump\id_04\normal\00000210.wav
data/processed\04_normal_00000211.npy,04,normal,0,data/raw\pump\id_04\normal\00000211.wav
data/processed\04_normal_00000212.npy,04,normal,0,data/raw\pump\id_04\normal\00000212.wav
data/processed\04_normal_00000213.npy,04,normal,0,data/raw\pump\id_04\normal\00000213.wav
data/processed\04_normal_00000214.npy,04,normal,0,data/raw\pump\id_04\normal\00000214.wav
data/processed\04_normal_00000215.npy,04,normal,0,data/raw\pump\id_04\normal\00000215.wav
data/processed\04_normal_00000216.npy,04,normal,0,data/raw\pump\id_04\normal\00000216.wav
data/processed\04_normal_00000217.npy,04,normal,0,data/raw\pump\id_04\normal\00000217.wav
data/processed\04_normal_00000218.npy,04,normal,0,data/raw\pump\id_04\normal\00000218.wav
data/processed\04_normal_00000219.npy,04,normal,0,data/raw\pump\id_04\normal\00000219.wav
data/processed\04_normal_00000220.npy,04,normal,0,data/raw\pump\id_04\normal\00000220.wav
data/processed\04_normal_00000221.npy,04,normal,0,data/raw\pump\id_04\normal\00000221.wav
data/processed\04_normal_00000222.npy,04,normal,0,data/raw\pump\id_04\normal\00000222.wav
data/processed\04_normal_00000223.npy,04,normal,0,data/raw\pump\id_04\normal\00000223.wav
data/processed\04_normal_00000224.npy,04,normal,0,data/raw\pump\id_04\normal\00000224.wav
data/processed\04_normal_00000225.npy,04,normal,0,data/raw\pump\id_04\normal\00000225.wav
data/processed\04_normal_00000226.npy,04,normal,0,data/raw\pump\id_04\normal\00000226.wav
data/processed\04_normal_00000227.npy,04,normal,0,data/raw\pump\id_04\normal\00000227.wav
data/processed\04_normal_00000228.npy,04,normal,0,data/raw\pump\id_04\normal\00000228.wav
data/processed\04_normal_00000229.npy,04,normal,0,data/raw\pump\id_04\normal\00000229.wav
data/processed\04_normal_00000230.npy,04,normal,0,data/raw\pump\id_04\normal\00000230.wav
data/processed\04_normal_00000231.npy,04,normal,0,data/raw\pump\id_04\normal\00000231.wav
data/processed\04_normal_00000232.npy,04,normal,0,data/raw\pump\id_04\normal\00000232.wav
data/processed\04_normal_00000233.npy,04,normal,0,data/raw\pump\id_04\normal\00000233.wav
data/processed\04_normal_00000234.npy,04,normal,0,data/raw\pump\id_04\normal\00000234.wav
data/processed\04_normal_00000235.npy,04,normal,0,data/raw\pump\id_04\normal\00000235.wav
data/processed\04_normal_00000236.npy,04,normal,0,data/raw\pump\id_04\normal\00000236.wav
data/processed\04_normal_00000237.npy,04,normal,0,data/raw\pump\id_04\normal\00000237.wav
data/processed\04_normal_00000238.npy,04,normal,0,data/raw\pump\id_04\normal\00000238.wav
data/processed\04_normal_00000239.npy,04,normal,0,data/raw\pump\id_04\normal\00000239.wav
data/processed\04_normal_00000240.npy,04,normal,0,data/raw\pump\id_04\normal\00000240.wav
data/processed\04_normal_00000241.npy,04,normal,0,data/raw\pump\id_04\normal\00000241.wav
data/processed\04_normal_00000242.npy,04,normal,0,data/raw\pump\id_04\normal\00000242.wav
data/processed\04_normal_00000243.npy,04,normal,0,data/raw\pump\id_04\normal\00000243.wav
data/processed\04_normal_00000244.npy,04,normal,0,data/raw\pump\id_04\normal\00000244.wav
data/processed\04_normal_00000245.npy,04,normal,0,data/raw\pump\id_04\normal\00000245.wav
data/processed\04_normal_00000246.npy,04,normal,0,data/raw\pump\id_04\normal\00000246.wav
data/processed\04_normal_00000247.npy,04,normal,0,data/raw\pump\id_04\normal\00000247.wav
data/processed\04_normal_00000248.npy,04,normal,0,data/raw\pump\id_04\normal\00000248.wav
data/processed\04_normal_00000249.npy,04,normal,0,data/raw\pump\id_04\normal\00000249.wav
data/processed\04_normal_00000250.npy,04,normal,0,data/raw\pump\id_04\normal\00000250.wav
data/processed\04_normal_00000251.npy,04,normal,0,data/raw\pump\id_04\normal\00000251.wav
data/processed\04_normal_00000252.npy,04,normal,0,data/raw\pump\id_04\normal\00000252.wav
data/processed\04_normal_00000253.npy,04,normal,0,data/raw\pump\id_04\normal\00000253.wav
data/processed\04_normal_00000254.npy,04,normal,0,data/raw\pump\id_04\normal\00000254.wav
data/processed\04_normal_00000255.npy,04,normal,0,data/raw\pump\id_04\normal\00000255.wav
data/processed\04_normal_00000256.npy,04,normal,0,data/raw\pump\id_04\normal\00000256.wav
data/processed\04_normal_00000257.npy,04,normal,0,data/raw\pump\id_04\normal\00000257.wav
data/processed\04_normal_00000258.npy,04,normal,0,data/raw\pump\id_04\normal\00000258.wav
data/processed\04_normal_00000259.npy,04,normal,0,data/raw\pump\id_04\normal\00000259.wav
data/processed\04_normal_00000260.npy,04,normal,0,data/raw\pump\id_04\normal\00000260.wav
data/processed\04_normal_00000261.npy,04,normal,0,data/raw\pump\id_04\normal\00000261.wav
data/processed\04_normal_00000262.npy,04,normal,0,data/raw\pump\id_04\normal\00000262.wav
data/processed\04_normal_00000263.npy,04,normal,0,data/raw\pump\id_04\normal\00000263.wav
data/processed\04_normal_00000264.npy,04,normal,0,data/raw\pump\id_04\normal\00000264.wav
data/processed\04_normal_00000265.npy,04,normal,0,data/raw\pump\id_04\normal\00000265.wav
data/processed\04_normal_00000266.npy,04,normal,0,data/raw\pump\id_04\normal\00000266.wav
data/processed\04_normal_00000267.npy,04,normal,0,data/raw\pump\id_04\normal\00000267.wav
data/processed\04_normal_00000268.npy,04,normal,0,data/raw\pump\id_04\normal\00000268.wav
data/processed\04_normal_00000269.npy,04,normal,0,data/raw\pump\id_04\normal\00000269.wav
data/processed\04_normal_00000270.npy,04,normal,0,data/raw\pump\id_04\normal\00000270.wav
data/processed\04_normal_00000271.npy,04,normal,0,data/raw\pump\id_04\normal\00000271.wav
data/processed\04_normal_00000272.npy,04,normal,0,data/raw\pump\id_04\normal\00000272.wav
data/processed\04_normal_00000273.npy,04,normal,0,data/raw\pump\id_04\normal\00000273.wav
data/processed\04_normal_00000274.npy,04,normal,0,data/raw\pump\id_04\normal\00000274.wav
data/processed\04_normal_00000275.npy,04,normal,0,data/raw\pump\id_04\normal\00000275.wav
data/processed\04_normal_00000276.npy,04,normal,0,data/raw\pump\id_04\normal\00000276.wav
data/processed\04_normal_00000277.npy,04,normal,0,data/raw\pump\id_04\normal\00000277.wav
data/processed\04_normal_00000278.npy,04,normal,0,data/raw\pump\id_04\normal\00000278.wav
data/processed\04_normal_00000279.npy,04,normal,0,data/raw\pump\id_04\normal\00000279.wav
data/processed\04_normal_00000280.npy,04,normal,0,data/raw\pump\id_04\normal\00000280.wav
data/processed\04_normal_00000281.npy,04,normal,0,data/raw\pump\id_04\normal\00000281.wav
data/processed\04_normal_00000282.npy,04,normal,0,data/raw\pump\id_04\normal\00000282.wav
data/processed\04_normal_00000283.npy,04,normal,0,data/raw\pump\id_04\normal\00000283.wav
data/processed\04_normal_00000284.npy,04,normal,0,data/raw\pump\id_04\normal\00000284.wav
data/processed\04_normal_00000285.npy,04,normal,0,data/raw\pump\id_04\normal\00000285.wav
data/processed\04_normal_00000286.npy,04,normal,0,data/raw\pump\id_04\normal\00000286.wav
data/processed\04_normal_00000287.npy,04,normal,0,data/raw\pump\id_04\normal\00000287.wav
data/processed\04_normal_00000288.npy,04,normal,0,data/raw\pump\id_04\normal\00000288.wav
data/processed\04_normal_00000289.npy,04,normal,0,data/raw\pump\id_04\normal\00000289.wav
data/processed\04_normal_00000290.npy,04,normal,0,data/raw\pump\id_04\normal\00000290.wav
data/processed\04_normal_00000291.npy,04,normal,0,data/raw\pump\id_04\normal\00000291.wav
data/processed\04_normal_00000292.npy,04,normal,0,data/raw\pump\id_04\normal\00000292.wav
data/processed\04_normal_00000293.npy,04,normal,0,data/raw\pump\id_04\normal\00000293.wav
data/processed\04_normal_00000294.npy,04,normal,0,data/raw\pump\id_04\normal\00000294.wav
data/processed\04_normal_00000295.npy,04,normal,0,data/raw\pump\id_04\normal\00000295.wav
data/processed\04_normal_00000296.npy,04,normal,0,data/raw\pump\id_04\normal\00000296.wav
data/processed\04_normal_00000297.npy,04,normal,0,data/raw\pump\id_04\normal\00000297.wav
data/processed\04_normal_00000298.npy,04,normal,0,data/raw\pump\id_04\normal\00000298.wav
data/processed\04_normal_00000299.npy,04,normal,0,data/raw\pump\id_04\normal\00000299.wav
data/processed\04_normal_00000300.npy,04,normal,0,data/raw\pump\id_04\normal\00000300.wav
data/processed\04_normal_00000301.npy,04,normal,0,data/raw\pump\id_04\normal\00000301.wav
data/processed\04_normal_00000302.npy,04,normal,0,data/raw\pump\id_04\normal\00000302.wav
data/processed\04_normal_00000303.npy,04,normal,0,data/raw\pump\id_04\normal\00000303.wav
data/processed\04_normal_00000304.npy,04,normal,0,data/raw\pump\id_04\normal\00000304.wav
data/processed\04_normal_00000305.npy,04,normal,0,data/raw\pump\id_04\normal\00000305.wav
data/processed\04_normal_00000306.npy,04,normal,0,data/raw\pump\id_04\normal\00000306.wav
data/processed\04_normal_00000307.npy,04,normal,0,data/raw\pump\id_04\normal\00000307.wav
data/processed\04_normal_00000308.npy,04,normal,0,data/raw\pump\id_04\normal\00000308.wav
data/processed\04_normal_00000309.npy,04,normal,0,data/raw\pump\id_04\normal\00000309.wav
data/processed\04_normal_00000310.npy,04,normal,0,data/raw\pump\id_04\normal\00000310.wav
data/processed\04_normal_00000311.npy,04,normal,0,data/raw\pump\id_04\normal\00000311.wav
data/processed\04_normal_00000312.npy,04,normal,0,data/raw\pump\id_04\normal\00000312.wav
data/processed\04_normal_00000313.npy,04,normal,0,data/raw\pump\id_04\normal\00000313.wav
data/processed\04_normal_00000314.npy,04,normal,0,data/raw\pump\id_04\normal\00000314.wav
data/processed\04_normal_00000315.npy,04,normal,0,data/raw\pump\id_04\normal\00000315.wav
data/processed\04_normal_00000316.npy,04,normal,0,data/raw\pump\id_04\normal\00000316.wav
data/processed\04_normal_00000317.npy,04,normal,0,data/raw\pump\id_04\normal\00000317.wav
data/processed\04_normal_00000318.npy,04,normal,0,data/raw\pump\id_04\normal\00000318.wav
data/processed\04_normal_00000319.npy,04,normal,0,data/raw\pump\id_04\normal\00000319.wav
data/processed\04_normal_00000320.npy,04,normal,0,data/raw\pump\id_04\normal\00000320.wav
data/processed\04_normal_00000321.npy,04,normal,0,data/raw\pump\id_04\normal\00000321.wav
data/processed\04_normal_00000322.npy,04,normal,0,data/raw\pump\id_04\normal\00000322.wav
data/processed\04_normal_00000323.npy,04,normal,0,data/raw\pump\id_04\normal\00000323.wav
data/processed\04_normal_00000324.npy,04,normal,0,data/raw\pump\id_04\normal\00000324.wav
data/processed\04_normal_00000325.npy,04,normal,0,data/raw\pump\id_04\normal\00000325.wav
data/processed\04_normal_00000326.npy,04,normal,0,data/raw\pump\id_04\normal\00000326.wav
data/processed\04_normal_00000327.npy,04,normal,0,data/raw\pump\id_04\normal\00000327.wav
data/processed\04_normal_00000328.npy,04,normal,0,data/raw\pump\id_04\normal\00000328.wav
data/processed\04_normal_00000329.npy,04,normal,0,data/raw\pump\id_04\normal\00000329.wav
data/processed\04_normal_00000330.npy,04,normal,0,data/raw\pump\id_04\normal\00000330.wav
data/processed\04_normal_00000331.npy,04,normal,0,data/raw\pump\id_04\normal\00000331.wav
data/processed\04_normal_00000332.npy,04,normal,0,data/raw\pump\id_04\normal\00000332.wav
data/processed\04_normal_00000333.npy,04,normal,0,data/raw\pump\id_04\normal\00000333.wav
data/processed\04_normal_00000334.npy,04,normal,0,data/raw\pump\id_04\normal\00000334.wav
data/processed\04_normal_00000335.npy,04,normal,0,data/raw\pump\id_04\normal\00000335.wav
data/processed\04_normal_00000336.npy,04,normal,0,data/raw\pump\id_04\normal\00000336.wav
data/processed\04_normal_00000337.npy,04,normal,0,data/raw\pump\id_04\normal\00000337.wav
data/processed\04_normal_00000338.npy,04,normal,0,data/raw\pump\id_04\normal\00000338.wav
data/processed\04_normal_00000339.npy,04,normal,0,data/raw\pump\id_04\normal\00000339.wav
data/processed\04_normal_00000340.npy,04,normal,0,data/raw\pump\id_04\normal\00000340.wav
data/processed\04_normal_00000341.npy,04,normal,0,data/raw\pump\id_04\normal\00000341.wav
data/processed\04_normal_00000342.npy,04,normal,0,data/raw\pump\id_04\normal\00000342.wav
data/processed\04_normal_00000343.npy,04,normal,0,data/raw\pump\id_04\normal\00000343.wav
data/processed\04_normal_00000344.npy,04,normal,0,data/raw\pump\id_04\normal\00000344.wav
data/processed\04_normal_00000345.npy,04,normal,0,data/raw\pump\id_04\normal\00000345.wav
data/processed\04_normal_00000346.npy,04,normal,0,data/raw\pump\id_04\normal\00000346.wav
data/processed\04_normal_00000347.npy,04,normal,0,data/raw\pump\id_04\normal\00000347.wav
data/processed\04_normal_00000348.npy,04,normal,0,data/raw\pump\id_04\normal\00000348.wav
data/processed\04_normal_00000349.npy,04,normal,0,data/raw\pump\id_04\normal\00000349.wav
data/processed\04_normal_00000350.npy,04,normal,0,data/raw\pump\id_04\normal\00000350.wav
data/processed\04_normal_00000351.npy,04,normal,0,data/raw\pump\id_04\normal\00000351.wav
data/processed\04_normal_00000352.npy,04,normal,0,data/raw\pump\id_04\normal\00000352.wav
data/processed\04_normal_00000353.npy,04,normal,0,data/raw\pump\id_04\normal\00000353.wav
data/processed\04_normal_00000354.npy,04,normal,0,data/raw\pump\id_04\normal\00000354.wav
data/processed\04_normal_00000355.npy,04,normal,0,data/raw\pump\id_04\normal\00000355.wav
data/processed\04_normal_00000356.npy,04,normal,0,data/raw\pump\id_04\normal\00000356.wav
data/processed\04_normal_00000357.npy,04,normal,0,data/raw\pump\id_04\normal\00000357.wav
data/processed\04_normal_00000358.npy,04,normal,0,data/raw\pump\id_04\normal\00000358.wav
data/processed\04_normal_00000359.npy,04,normal,0,data/raw\pump\id_04\normal\00000359.wav
data/processed\04_normal_00000360.npy,04,normal,0,data/raw\pump\id_04\normal\00000360.wav
data/processed\04_normal_00000361.npy,04,normal,0,data/raw\pump\id_04\normal\00000361.wav
data/processed\04_normal_00000362.npy,04,normal,0,data/raw\pump\id_04\normal\00000362.wav
data/processed\04_normal_00000363.npy,04,normal,0,data/raw\pump\id_04\normal\00000363.wav
data/processed\04_normal_00000364.npy,04,normal,0,data/raw\pump\id_04\normal\00000364.wav
data/processed\04_normal_00000365.npy,04,normal,0,data/raw\pump\id_04\normal\00000365.wav
data/processed\04_normal_00000366.npy,04,normal,0,data/raw\pump\id_04\normal\00000366.wav
data/processed\04_normal_00000367.npy,04,normal,0,data/raw\pump\id_04\normal\00000367.wav
data/processed\04_normal_00000368.npy,04,normal,0,data/raw\pump\id_04\normal\00000368.wav
data/processed\04_normal_00000369.npy,04,normal,0,data/raw\pump\id_04\normal\00000369.wav
data/processed\04_normal_00000370.npy,04,normal,0,data/raw\pump\id_04\normal\00000370.wav
data/processed\04_normal_00000371.npy,04,normal,0,data/raw\pump\id_04\normal\00000371.wav
data/processed\04_normal_00000372.npy,04,normal,0,data/raw\pump\id_04\normal\00000372.wav
data/processed\04_normal_00000373.npy,04,normal,0,data/raw\pump\id_04\normal\00000373.wav
data/processed\04_normal_00000374.npy,04,normal,0,data/raw\pump\id_04\normal\00000374.wav
data/processed\04_normal_00000375.npy,04,normal,0,data/raw\pump\id_04\normal\00000375.wav
data/processed\04_normal_00000376.npy,04,normal,0,data/raw\pump\id_04\normal\00000376.wav
data/processed\04_normal_00000377.npy,04,normal,0,data/raw\pump\id_04\normal\00000377.wav
data/processed\04_normal_00000378.npy,04,normal,0,data/raw\pump\id_04\normal\00000378.wav
data/processed\04_normal_00000379.npy,04,normal,0,data/raw\pump\id_04\normal\00000379.wav
data/processed\04_normal_00000380.npy,04,normal,0,data/raw\pump\id_04\normal\00000380.wav
data/processed\04_normal_00000381.npy,04,normal,0,data/raw\pump\id_04\normal\00000381.wav
data/processed\04_normal_00000382.npy,04,normal,0,data/raw\pump\id_04\normal\00000382.wav
data/processed\04_normal_00000383.npy,04,normal,0,data/raw\pump\id_04\normal\00000383.wav
data/processed\04_normal_00000384.npy,04,normal,0,data/raw\pump\id_04\normal\00000384.wav
data/processed\04_normal_00000385.npy,04,normal,0,data/raw\pump\id_04\normal\00000385.wav
data/processed\04_normal_00000386.npy,04,normal,0,data/raw\pump\id_04\normal\00000386.wav
data/processed\04_normal_00000387.npy,04,normal,0,data/raw\pump\id_04\normal\00000387.wav
data/processed\04_normal_00000388.npy,04,normal,0,data/raw\pump\id_04\normal\00000388.wav
data/processed\04_normal_00000389.npy,04,normal,0,data/raw\pump\id_04\normal\00000389.wav
data/processed\04_normal_00000390.npy,04,normal,0,data/raw\pump\id_04\normal\00000390.wav
data/processed\04_normal_00000391.npy,04,normal,0,data/raw\pump\id_04\normal\00000391.wav
data/processed\04_normal_00000392.npy,04,normal,0,data/raw\pump\id_04\normal\00000392.wav
data/processed\04_normal_00000393.npy,04,normal,0,data/raw\pump\id_04\normal\00000393.wav
data/processed\04_normal_00000394.npy,04,normal,0,data/raw\pump\id_04\normal\00000394.wav
data/processed\04_normal_00000395.npy,04,normal,0,data/raw\pump\id_04\normal\00000395.wav
data/processed\04_normal_00000396.npy,04,normal,0,data/raw\pump\id_04\normal\00000396.wav
data/processed\04_normal_00000397.npy,04,normal,0,data/raw\pump\id_04\normal\00000397.wav
data/processed\04_normal_00000398.npy,04,normal,0,data/raw\pump\id_04\normal\00000398.wav
data/processed\04_normal_00000399.npy,04,normal,0,data/raw\pump\id_04\normal\00000399.wav
data/processed\04_normal_00000400.npy,04,normal,0,data/raw\pump\id_04\normal\00000400.wav
data/processed\04_normal_00000401.npy,04,normal,0,data/raw\pump\id_04\normal\00000401.wav
data/processed\04_normal_00000402.npy,04,normal,0,data/raw\pump\id_04\normal\00000402.wav
data/processed\04_normal_00000403.npy,04,normal,0,data/raw\pump\id_04\normal\00000403.wav
data/processed\04_normal_00000404.npy,04,normal,0,data/raw\pump\id_04\normal\00000404.wav
data/processed\04_normal_00000405.npy,04,normal,0,data/raw\pump\id_04\normal\00000405.wav
data/processed\04_normal_00000406.npy,04,normal,0,data/raw\pump\id_04\normal\00000406.wav
data/processed\04_normal_00000407.npy,04,normal,0,data/raw\pump\id_04\normal\00000407.wav
data/processed\04_normal_00000408.npy,04,normal,0,data/raw\pump\id_04\normal\00000408.wav
data/processed\04_normal_00000409.npy,04,normal,0,data/raw\pump\id_04\normal\00000409.wav
data/processed\04_normal_00000410.npy,04,normal,0,data/raw\pump\id_04\normal\00000410.wav
data/processed\04_normal_00000411.npy,04,normal,0,data/raw\pump\id_04\normal\00000411.wav
data/processed\04_normal_00000412.npy,04,normal,0,data/raw\pump\id_04\normal\00000412.wav
data/processed\04_normal_00000413.npy,04,normal,0,data/raw\pump\id_04\normal\00000413.wav
data/processed\04_normal_00000414.npy,04,normal,0,data/raw\pump\id_04\normal\00000414.wav
data/processed\04_normal_00000415.npy,04,normal,0,data/raw\pump\id_04\normal\00000415.wav
data/processed\04_normal_00000416.npy,04,normal,0,data/raw\pump\id_04\normal\00000416.wav
data/processed\04_normal_00000417.npy,04,normal,0,data/raw\pump\id_04\normal\00000417.wav
data/processed\04_normal_00000418.npy,04,normal,0,data/raw\pump\id_04\normal\00000418.wav
data/processed\04_normal_00000419.npy,04,normal,0,data/raw\pump\id_04\normal\00000419.wav
data/processed\04_normal_00000420.npy,04,normal,0,data/raw\pump\id_04\normal\00000420.wav
data/processed\04_normal_00000421.npy,04,normal,0,data/raw\pump\id_04\normal\00000421.wav
data/processed\04_normal_00000422.npy,04,normal,0,data/raw\pump\id_04\normal\00000422.wav
data/processed\04_normal_00000423.npy,04,normal,0,data/raw\pump\id_04\normal\00000423.wav
data/processed\04_normal_00000424.npy,04,normal,0,data/raw\pump\id_04\normal\00000424.wav
data/processed\04_normal_00000425.npy,04,normal,0,data/raw\pump\id_04\normal\00000425.wav
data/processed\04_normal_00000426.npy,04,normal,0,data/raw\pump\id_04\normal\00000426.wav
data/processed\04_normal_00000427.npy,04,normal,0,data/raw\pump\id_04\normal\00000427.wav
data/processed\04_normal_00000428.npy,04,normal,0,data/raw\pump\id_04\normal\00000428.wav
data/processed\04_normal_00000429.npy,04,normal,0,data/raw\pump\id_04\normal\00000429.wav
data/processed\04_normal_00000430.npy,04,normal,0,data/raw\pump\id_04\normal\00000430.wav
data/processed\04_normal_00000431.npy,04,normal,0,data/raw\pump\id_04\normal\00000431.wav
data/processed\04_normal_00000432.npy,04,normal,0,data/raw\pump\id_04\normal\00000432.wav
data/processed\04_normal_00000433.npy,04,normal,0,data/raw\pump\id_04\normal\00000433.wav
data/processed\04_normal_00000434.npy,04,normal,0,data/raw\pump\id_04\normal\00000434.wav
data/processed\04_normal_00000435.npy,04,normal,0,data/raw\pump\id_04\normal\00000435.wav
data/processed\04_normal_00000436.npy,04,normal,0,data/raw\pump\id_04\normal\00000436.wav
data/processed\04_normal_00000437.npy,04,normal,0,data/raw\pump\id_04\normal\00000437.wav
data/processed\04_normal_00000438.npy,04,normal,0,data/raw\pump\id_04\normal\00000438.wav
data/processed\04_normal_00000439.npy,04,normal,0,data/raw\pump\id_04\normal\00000439.wav
data/processed\04_normal_00000440.npy,04,normal,0,data/raw\pump\id_04\normal\00000440.wav
data/processed\04_normal_00000441.npy,04,normal,0,data/raw\pump\id_04\normal\00000441.wav
data/processed\04_normal_00000442.npy,04,normal,0,data/raw\pump\id_04\normal\00000442.wav
data/processed\04_normal_00000443.npy,04,normal,0,data/raw\pump\id_04\normal\00000443.wav
data/processed\04_normal_00000444.npy,04,normal,0,data/raw\pump\id_04\normal\00000444.wav
data/processed\04_normal_00000445.npy,04,normal,0,data/raw\pump\id_04\normal\00000445.wav
data/processed\04_normal_00000446.npy,04,normal,0,data/raw\pump\id_04\normal\00000446.wav
data/processed\04_normal_00000447.npy,04,normal,0,data/raw\pump\id_04\normal\00000447.wav
data/processed\04_normal_00000448.npy,04,normal,0,data/raw\pump\id_04\normal\00000448.wav
data/processed\04_normal_00000449.npy,04,normal,0,data/raw\pump\id_04\normal\00000449.wav
data/processed\04_normal_00000450.npy,04,normal,0,data/raw\pump\id_04\normal\00000450.wav
data/processed\04_normal_00000451.npy,04,normal,0,data/raw\pump\id_04\normal\00000451.wav
data/processed\04_normal_00000452.npy,04,normal,0,data/raw\pump\id_04\normal\00000452.wav
data/processed\04_normal_00000453.npy,04,normal,0,data/raw\pump\id_04\normal\00000453.wav
data/processed\04_normal_00000454.npy,04,normal,0,data/raw\pump\id_04\normal\00000454.wav
data/processed\04_normal_00000455.npy,04,normal,0,data/raw\pump\id_04\normal\00000455.wav
data/processed\04_normal_00000456.npy,04,normal,0,data/raw\pump\id_04\normal\00000456.wav
data/processed\04_normal_00000457.npy,04,normal,0,data/raw\pump\id_04\normal\00000457.wav
data/processed\04_normal_00000458.npy,04,normal,0,data/raw\pump\id_04\normal\00000458.wav
data/processed\04_normal_00000459.npy,04,normal,0,data/raw\pump\id_04\normal\00000459.wav
data/processed\04_normal_00000460.npy,04,normal,0,data/raw\pump\id_04\normal\00000460.wav
data/processed\04_normal_00000461.npy,04,normal,0,data/raw\pump\id_04\normal\00000461.wav
data/processed\04_normal_00000462.npy,04,normal,0,data/raw\pump\id_04\normal\00000462.wav
data/processed\04_normal_00000463.npy,04,normal,0,data/raw\pump\id_04\normal\00000463.wav
data/processed\04_normal_00000464.npy,04,normal,0,data/raw\pump\id_04\normal\00000464.wav
data/processed\04_normal_00000465.npy,04,normal,0,data/raw\pump\id_04\normal\00000465.wav
data/processed\04_normal_00000466.npy,04,normal,0,data/raw\pump\id_04\normal\00000466.wav
data/processed\04_normal_00000467.npy,04,normal,0,data/raw\pump\id_04\normal\00000467.wav
data/processed\04_normal_00000468.npy,04,normal,0,data/raw\pump\id_04\normal\00000468.wav
data/processed\04_normal_00000469.npy,04,normal,0,data/raw\pump\id_04\normal\00000469.wav
data/processed\04_normal_00000470.npy,04,normal,0,data/raw\pump\id_04\normal\00000470.wav
data/processed\04_normal_00000471.npy,04,normal,0,data/raw\pump\id_04\normal\00000471.wav
data/processed\04_normal_00000472.npy,04,normal,0,data/raw\pump\id_04\normal\00000472.wav
data/processed\04_normal_00000473.npy,04,normal,0,data/raw\pump\id_04\normal\00000473.wav
data/processed\04_normal_00000474.npy,04,normal,0,data/raw\pump\id_04\normal\00000474.wav
data/processed\04_normal_00000475.npy,04,normal,0,data/raw\pump\id_04\normal\00000475.wav
data/processed\04_normal_00000476.npy,04,normal,0,data/raw\pump\id_04\normal\00000476.wav
data/processed\04_normal_00000477.npy,04,normal,0,data/raw\pump\id_04\normal\00000477.wav
data/processed\04_normal_00000478.npy,04,normal,0,data/raw\pump\id_04\normal\00000478.wav
data/processed\04_normal_00000479.npy,04,normal,0,data/raw\pump\id_04\normal\00000479.wav
data/processed\04_normal_00000480.npy,04,normal,0,data/raw\pump\id_04\normal\00000480.wav
data/processed\04_normal_00000481.npy,04,normal,0,data/raw\pump\id_04\normal\00000481.wav
data/processed\04_normal_00000482.npy,04,normal,0,data/raw\pump\id_04\normal\00000482.wav
data/processed\04_normal_00000483.npy,04,normal,0,data/raw\pump\id_04\normal\00000483.wav
data/processed\04_normal_00000484.npy,04,normal,0,data/raw\pump\id_04\normal\00000484.wav
data/processed\04_normal_00000485.npy,04,normal,0,data/raw\pump\id_04\normal\00000485.wav
data/processed\04_normal_00000486.npy,04,normal,0,data/raw\pump\id_04\normal\00000486.wav
data/processed\04_normal_00000487.npy,04,normal,0,data/raw\pump\id_04\normal\00000487.wav
data/processed\04_normal_00000488.npy,04,normal,0,data/raw\pump\id_04\normal\00000488.wav
data/processed\04_normal_00000489.npy,04,normal,0,data/raw\pump\id_04\normal\00000489.wav
data/processed\04_normal_00000490.npy,04,normal,0,data/raw\pump\id_04\normal\00000490.wav
data/processed\04_normal_00000491.npy,04,normal,0,data/raw\pump\id_04\normal\00000491.wav
data/processed\04_normal_00000492.npy,04,normal,0,data/raw\pump\id_04\normal\00000492.wav
data/processed\04_normal_00000493.npy,04,normal,0,data/raw\pump\id_04\normal\00000493.wav
data/processed\04_normal_00000494.npy,04,normal,0,data/raw\pump\id_04\normal\00000494.wav
data/processed\04_normal_00000495.npy,04,normal,0,data/raw\pump\id_04\normal\00000495.wav
data/processed\04_normal_00000496.npy,04,normal,0,data/raw\pump\id_04\normal\00000496.wav
data/processed\04_normal_00000497.npy,04,normal,0,data/raw\pump\id_04\normal\00000497.wav
data/processed\04_normal_00000498.npy,04,normal,0,data/raw\pump\id_04\normal\00000498.wav
data/processed\04_normal_00000499.npy,04,normal,0,data/raw\pump\id_04\normal\00000499.wav
data/processed\04_normal_00000500.npy,04,normal,0,data/raw\pump\id_04\normal\00000500.wav
data/processed\04_normal_00000501.npy,04,normal,0,data/raw\pump\id_04\normal\00000501.wav
data/processed\04_normal_00000502.npy,04,normal,0,data/raw\pump\id_04\normal\00000502.wav
data/processed\04_normal_00000503.npy,04,normal,0,data/raw\pump\id_04\normal\00000503.wav
data/processed\04_normal_00000504.npy,04,normal,0,data/raw\pump\id_04\normal\00000504.wav
data/processed\04_normal_00000505.npy,04,normal,0,data/raw\pump\id_04\normal\00000505.wav
data/processed\04_normal_00000506.npy,04,normal,0,data/raw\pump\id_04\normal\00000506.wav
data/processed\04_normal_00000507.npy,04,normal,0,data/raw\pump\id_04\normal\00000507.wav
data/processed\04_normal_00000508.npy,04,normal,0,data/raw\pump\id_04\normal\00000508.wav
data/processed\04_normal_00000509.npy,04,normal,0,data/raw\pump\id_04\normal\00000509.wav
data/processed\04_normal_00000510.npy,04,normal,0,data/raw\pump\id_04\normal\00000510.wav
data/processed\04_normal_00000511.npy,04,normal,0,data/raw\pump\id_04\normal\00000511.wav
data/processed\04_normal_00000512.npy,04,normal,0,data/raw\pump\id_04\normal\00000512.wav
data/processed\04_normal_00000513.npy,04,normal,0,data/raw\pump\id_04\normal\00000513.wav
data/processed\04_normal_00000514.npy,04,normal,0,data/raw\pump\id_04\normal\00000514.wav
data/processed\04_normal_00000515.npy,04,normal,0,data/raw\pump\id_04\normal\00000515.wav
data/processed\04_normal_00000516.npy,04,normal,0,data/raw\pump\id_04\normal\00000516.wav
data/processed\04_normal_00000517.npy,04,normal,0,data/raw\pump\id_04\normal\00000517.wav
data/processed\04_normal_00000518.npy,04,normal,0,data/raw\pump\id_04\normal\00000518.wav
data/processed\04_normal_00000519.npy,04,normal,0,data/raw\pump\id_04\normal\00000519.wav
data/processed\04_normal_00000520.npy,04,normal,0,data/raw\pump\id_04\normal\00000520.wav
data/processed\04_normal_00000521.npy,04,normal,0,data/raw\pump\id_04\normal\00000521.wav
data/processed\04_normal_00000522.npy,04,normal,0,data/raw\pump\id_04\normal\00000522.wav
data/processed\04_normal_00000523.npy,04,normal,0,data/raw\pump\id_04\normal\00000523.wav
data/processed\04_normal_00000524.npy,04,normal,0,data/raw\pump\id_04\normal\00000524.wav
data/processed\04_normal_00000525.npy,04,normal,0,data/raw\pump\id_04\normal\00000525.wav
data/processed\04_normal_00000526.npy,04,normal,0,data/raw\pump\id_04\normal\00000526.wav
data/processed\04_normal_00000527.npy,04,normal,0,data/raw\pump\id_04\normal\00000527.wav
data/processed\04_normal_00000528.npy,04,normal,0,data/raw\pump\id_04\normal\00000528.wav
data/processed\04_normal_00000529.npy,04,normal,0,data/raw\pump\id_04\normal\00000529.wav
data/processed\04_normal_00000530.npy,04,normal,0,data/raw\pump\id_04\normal\00000530.wav
data/processed\04_normal_00000531.npy,04,normal,0,data/raw\pump\id_04\normal\00000531.wav
data/processed\04_normal_00000532.npy,04,normal,0,data/raw\pump\id_04\normal\00000532.wav
data/processed\04_normal_00000533.npy,04,normal,0,data/raw\pump\id_04\normal\00000533.wav
data/processed\04_normal_00000534.npy,04,normal,0,data/raw\pump\id_04\normal\00000534.wav
data/processed\04_normal_00000535.npy,04,normal,0,data/raw\pump\id_04\normal\00000535.wav
data/processed\04_normal_00000536.npy,04,normal,0,data/raw\pump\id_04\normal\00000536.wav
data/processed\04_normal_00000537.npy,04,normal,0,data/raw\pump\id_04\normal\00000537.wav
data/processed\04_normal_00000538.npy,04,normal,0,data/raw\pump\id_04\normal\00000538.wav
data/processed\04_normal_00000539.npy,04,normal,0,data/raw\pump\id_04\normal\00000539.wav
data/processed\04_normal_00000540.npy,04,normal,0,data/raw\pump\id_04\normal\00000540.wav
data/processed\04_normal_00000541.npy,04,normal,0,data/raw\pump\id_04\normal\00000541.wav
data/processed\04_normal_00000542.npy,04,normal,0,data/raw\pump\id_04\normal\00000542.wav
data/processed\04_normal_00000543.npy,04,normal,0,data/raw\pump\id_04\normal\00000543.wav
data/processed\04_normal_00000544.npy,04,normal,0,data/raw\pump\id_04\normal\00000544.wav
data/processed\04_normal_00000545.npy,04,normal,0,data/raw\pump\id_04\normal\00000545.wav
data/processed\04_normal_00000546.npy,04,normal,0,data/raw\pump\id_04\normal\00000546.wav
data/processed\04_normal_00000547.npy,04,normal,0,data/raw\pump\id_04\normal\00000547.wav
data/processed\04_normal_00000548.npy,04,normal,0,data/raw\pump\id_04\normal\00000548.wav
data/processed\04_normal_00000549.npy,04,normal,0,data/raw\pump\id_04\normal\00000549.wav
data/processed\04_normal_00000550.npy,04,normal,0,data/raw\pump\id_04\normal\00000550.wav
data/processed\04_normal_00000551.npy,04,normal,0,data/raw\pump\id_04\normal\00000551.wav
data/processed\04_normal_00000552.npy,04,normal,0,data/raw\pump\id_04\normal\00000552.wav
data/processed\04_normal_00000553.npy,04,normal,0,data/raw\pump\id_04\normal\00000553.wav
data/processed\04_normal_00000554.npy,04,normal,0,data/raw\pump\id_04\normal\00000554.wav
data/processed\04_normal_00000555.npy,04,normal,0,data/raw\pump\id_04\normal\00000555.wav
data/processed\04_normal_00000556.npy,04,normal,0,data/raw\pump\id_04\normal\00000556.wav
data/processed\04_normal_00000557.npy,04,normal,0,data/raw\pump\id_04\normal\00000557.wav
data/processed\04_normal_00000558.npy,04,normal,0,data/raw\pump\id_04\normal\00000558.wav
data/processed\04_normal_00000559.npy,04,normal,0,data/raw\pump\id_04\normal\00000559.wav
data/processed\04_normal_00000560.npy,04,normal,0,data/raw\pump\id_04\normal\00000560.wav
data/processed\04_normal_00000561.npy,04,normal,0,data/raw\pump\id_04\normal\00000561.wav
data/processed\04_normal_00000562.npy,04,normal,0,data/raw\pump\id_04\normal\00000562.wav
data/processed\04_normal_00000563.npy,04,normal,0,data/raw\pump\id_04\normal\00000563.wav
data/processed\04_normal_00000564.npy,04,normal,0,data/raw\pump\id_04\normal\00000564.wav
data/processed\04_normal_00000565.npy,04,normal,0,data/raw\pump\id_04\normal\00000565.wav
data/processed\04_normal_00000566.npy,04,normal,0,data/raw\pump\id_04\normal\00000566.wav
data/processed\04_normal_00000567.npy,04,normal,0,data/raw\pump\id_04\normal\00000567.wav
data/processed\04_normal_00000568.npy,04,normal,0,data/raw\pump\id_04\normal\00000568.wav
data/processed\04_normal_00000569.npy,04,normal,0,data/raw\pump\id_04\normal\00000569.wav
data/processed\04_normal_00000570.npy,04,normal,0,data/raw\pump\id_04\normal\00000570.wav
data/processed\04_normal_00000571.npy,04,normal,0,data/raw\pump\id_04\normal\00000571.wav
data/processed\04_normal_00000572.npy,04,normal,0,data/raw\pump\id_04\normal\00000572.wav
data/processed\04_normal_00000573.npy,04,normal,0,data/raw\pump\id_04\normal\00000573.wav
data/processed\04_normal_00000574.npy,04,normal,0,data/raw\pump\id_04\normal\00000574.wav
data/processed\04_normal_00000575.npy,04,normal,0,data/raw\pump\id_04\normal\00000575.wav
data/processed\04_normal_00000576.npy,04,normal,0,data/raw\pump\id_04\normal\00000576.wav
data/processed\04_normal_00000577.npy,04,normal,0,data/raw\pump\id_04\normal\00000577.wav
data/processed\04_normal_00000578.npy,04,normal,0,data/raw\pump\id_04\normal\00000578.wav
data/processed\04_normal_00000579.npy,04,normal,0,data/raw\pump\id_04\normal\00000579.wav
data/processed\04_normal_00000580.npy,04,normal,0,data/raw\pump\id_04\normal\00000580.wav
data/processed\04_normal_00000581.npy,04,normal,0,data/raw\pump\id_04\normal\00000581.wav
data/processed\04_normal_00000582.npy,04,normal,0,data/raw\pump\id_04\normal\00000582.wav
data/processed\04_normal_00000583.npy,04,normal,0,data/raw\pump\id_04\normal\00000583.wav
data/processed\04_normal_00000584.npy,04,normal,0,data/raw\pump\id_04\normal\00000584.wav
data/processed\04_normal_00000585.npy,04,normal,0,data/raw\pump\id_04\normal\00000585.wav
data/processed\04_normal_00000586.npy,04,normal,0,data/raw\pump\id_04\normal\00000586.wav
data/processed\04_normal_00000587.npy,04,normal,0,data/raw\pump\id_04\normal\00000587.wav
data/processed\04_normal_00000588.npy,04,normal,0,data/raw\pump\id_04\normal\00000588.wav
data/processed\04_normal_00000589.npy,04,normal,0,data/raw\pump\id_04\normal\00000589.wav
data/processed\04_normal_00000590.npy,04,normal,0,data/raw\pump\id_04\normal\00000590.wav
data/processed\04_normal_00000591.npy,04,normal,0,data/raw\pump\id_04\normal\00000591.wav
data/processed\04_normal_00000592.npy,04,normal,0,data/raw\pump\id_04\normal\00000592.wav
data/processed\04_normal_00000593.npy,04,normal,0,data/raw\pump\id_04\normal\00000593.wav
data/processed\04_normal_00000594.npy,04,normal,0,data/raw\pump\id_04\normal\00000594.wav
data/processed\04_normal_00000595.npy,04,normal,0,data/raw\pump\id_04\normal\00000595.wav
data/processed\04_normal_00000596.npy,04,normal,0,data/raw\pump\id_04\normal\00000596.wav
data/processed\04_normal_00000597.npy,04,normal,0,data/raw\pump\id_04\normal\00000597.wav
data/processed\04_normal_00000598.npy,04,normal,0,data/raw\pump\id_04\normal\00000598.wav
data/processed\04_normal_00000599.npy,04,normal,0,data/raw\pump\id_04\normal\00000599.wav
data/processed\04_normal_00000600.npy,04,normal,0,data/raw\pump\id_04\normal\00000600.wav
data/processed\04_normal_00000601.npy,04,normal,0,data/raw\pump\id_04\normal\00000601.wav
data/processed\04_normal_00000602.npy,04,normal,0,data/raw\pump\id_04\normal\00000602.wav
data/processed\04_normal_00000603.npy,04,normal,0,data/raw\pump\id_04\normal\00000603.wav
data/processed\04_normal_00000604.npy,04,normal,0,data/raw\pump\id_04\normal\00000604.wav
data/processed\04_normal_00000605.npy,04,normal,0,data/raw\pump\id_04\normal\00000605.wav
data/processed\04_normal_00000606.npy,04,normal,0,data/raw\pump\id_04\normal\00000606.wav
data/processed\04_normal_00000607.npy,04,normal,0,data/raw\pump\id_04\normal\00000607.wav
data/processed\04_normal_00000608.npy,04,normal,0,data/raw\pump\id_04\normal\00000608.wav
data/processed\04_normal_00000609.npy,04,normal,0,data/raw\pump\id_04\normal\00000609.wav
data/processed\04_normal_00000610.npy,04,normal,0,data/raw\pump\id_04\normal\00000610.wav
data/processed\04_normal_00000611.npy,04,normal,0,data/raw\pump\id_04\normal\00000611.wav
data/processed\04_normal_00000612.npy,04,normal,0,data/raw\pump\id_04\normal\00000612.wav
data/processed\04_normal_00000613.npy,04,normal,0,data/raw\pump\id_04\normal\00000613.wav
data/processed\04_normal_00000614.npy,04,normal,0,data/raw\pump\id_04\normal\00000614.wav
data/processed\04_normal_00000615.npy,04,normal,0,data/raw\pump\id_04\normal\00000615.wav
data/processed\04_normal_00000616.npy,04,normal,0,data/raw\pump\id_04\normal\00000616.wav
data/processed\04_normal_00000617.npy,04,normal,0,data/raw\pump\id_04\normal\00000617.wav
data/processed\04_normal_00000618.npy,04,normal,0,data/raw\pump\id_04\normal\00000618.wav
data/processed\04_normal_00000619.npy,04,normal,0,data/raw\pump\id_04\normal\00000619.wav
data/processed\04_normal_00000620.npy,04,normal,0,data/raw\pump\id_04\normal\00000620.wav
data/processed\04_normal_00000621.npy,04,normal,0,data/raw\pump\id_04\normal\00000621.wav
data/processed\04_normal_00000622.npy,04,normal,0,data/raw\pump\id_04\normal\00000622.wav
data/processed\04_normal_00000623.npy,04,normal,0,data/raw\pump\id_04\normal\00000623.wav
data/processed\04_normal_00000624.npy,04,normal,0,data/raw\pump\id_04\normal\00000624.wav
data/processed\04_normal_00000625.npy,04,normal,0,data/raw\pump\id_04\normal\00000625.wav
data/processed\04_normal_00000626.npy,04,normal,0,data/raw\pump\id_04\normal\00000626.wav
data/processed\04_normal_00000627.npy,04,normal,0,data/raw\pump\id_04\normal\00000627.wav
data/processed\04_normal_00000628.npy,04,normal,0,data/raw\pump\id_04\normal\00000628.wav
data/processed\04_normal_00000629.npy,04,normal,0,data/raw\pump\id_04\normal\00000629.wav
data/processed\04_normal_00000630.npy,04,normal,0,data/raw\pump\id_04\normal\00000630.wav
data/processed\04_normal_00000631.npy,04,normal,0,data/raw\pump\id_04\normal\00000631.wav
data/processed\04_normal_00000632.npy,04,normal,0,data/raw\pump\id_04\normal\00000632.wav
data/processed\04_normal_00000633.npy,04,normal,0,data/raw\pump\id_04\normal\00000633.wav
data/processed\04_normal_00000634.npy,04,normal,0,data/raw\pump\id_04\normal\00000634.wav
data/processed\04_normal_00000635.npy,04,normal,0,data/raw\pump\id_04\normal\00000635.wav
data/processed\04_normal_00000636.npy,04,normal,0,data/raw\pump\id_04\normal\00000636.wav
data/processed\04_normal_00000637.npy,04,normal,0,data/raw\pump\id_04\normal\00000637.wav
data/processed\04_normal_00000638.npy,04,normal,0,data/raw\pump\id_04\normal\00000638.wav
data/processed\04_normal_00000639.npy,04,normal,0,data/raw\pump\id_04\normal\00000639.wav
data/processed\04_normal_00000640.npy,04,normal,0,data/raw\pump\id_04\normal\00000640.wav
data/processed\04_normal_00000641.npy,04,normal,0,data/raw\pump\id_04\normal\00000641.wav
data/processed\04_normal_00000642.npy,04,normal,0,data/raw\pump\id_04\normal\00000642.wav
data/processed\04_normal_00000643.npy,04,normal,0,data/raw\pump\id_04\normal\00000643.wav
data/processed\04_normal_00000644.npy,04,normal,0,data/raw\pump\id_04\normal\00000644.wav
data/processed\04_normal_00000645.npy,04,normal,0,data/raw\pump\id_04\normal\00000645.wav
data/processed\04_normal_00000646.npy,04,normal,0,data/raw\pump\id_04\normal\00000646.wav
data/processed\04_normal_00000647.npy,04,normal,0,data/raw\pump\id_04\normal\00000647.wav
data/processed\04_normal_00000648.npy,04,normal,0,data/raw\pump\id_04\normal\00000648.wav
data/processed\04_normal_00000649.npy,04,normal,0,data/raw\pump\id_04\normal\00000649.wav
data/processed\04_normal_00000650.npy,04,normal,0,data/raw\pump\id_04\normal\00000650.wav
data/processed\04_normal_00000651.npy,04,normal,0,data/raw\pump\id_04\normal\00000651.wav
data/processed\04_normal_00000652.npy,04,normal,0,data/raw\pump\id_04\normal\00000652.wav
data/processed\04_normal_00000653.npy,04,normal,0,data/raw\pump\id_04\normal\00000653.wav
data/processed\04_normal_00000654.npy,04,normal,0,data/raw\pump\id_04\normal\00000654.wav
data/processed\04_normal_00000655.npy,04,normal,0,data/raw\pump\id_04\normal\00000655.wav
data/processed\04_normal_00000656.npy,04,normal,0,data/raw\pump\id_04\normal\00000656.wav
data/processed\04_normal_00000657.npy,04,normal,0,data/raw\pump\id_04\normal\00000657.wav
data/processed\04_normal_00000658.npy,04,normal,0,data/raw\pump\id_04\normal\00000658.wav
data/processed\04_normal_00000659.npy,04,normal,0,data/raw\pump\id_04\normal\00000659.wav
data/processed\04_normal_00000660.npy,04,normal,0,data/raw\pump\id_04\normal\00000660.wav
data/processed\04_normal_00000661.npy,04,normal,0,data/raw\pump\id_04\normal\00000661.wav
data/processed\04_normal_00000662.npy,04,normal,0,data/raw\pump\id_04\normal\00000662.wav
data/processed\04_normal_00000663.npy,04,normal,0,data/raw\pump\id_04\normal\00000663.wav
data/processed\04_normal_00000664.npy,04,normal,0,data/raw\pump\id_04\normal\00000664.wav
data/processed\04_normal_00000665.npy,04,normal,0,data/raw\pump\id_04\normal\00000665.wav
data/processed\04_normal_00000666.npy,04,normal,0,data/raw\pump\id_04\normal\00000666.wav
data/processed\04_normal_00000667.npy,04,normal,0,data/raw\pump\id_04\normal\00000667.wav
data/processed\04_normal_00000668.npy,04,normal,0,data/raw\pump\id_04\normal\00000668.wav
data/processed\04_normal_00000669.npy,04,normal,0,data/raw\pump\id_04\normal\00000669.wav
data/processed\04_normal_00000670.npy,04,normal,0,data/raw\pump\id_04\normal\00000670.wav
data/processed\04_normal_00000671.npy,04,normal,0,data/raw\pump\id_04\normal\00000671.wav
data/processed\04_normal_00000672.npy,04,normal,0,data/raw\pump\id_04\normal\00000672.wav
data/processed\04_normal_00000673.npy,04,normal,0,data/raw\pump\id_04\normal\00000673.wav
data/processed\04_normal_00000674.npy,04,normal,0,data/raw\pump\id_04\normal\00000674.wav
data/processed\04_normal_00000675.npy,04,normal,0,data/raw\pump\id_04\normal\00000675.wav
data/processed\04_normal_00000676.npy,04,normal,0,data/raw\pump\id_04\normal\00000676.wav
data/processed\04_normal_00000677.npy,04,normal,0,data/raw\pump\id_04\normal\00000677.wav
data/processed\04_normal_00000678.npy,04,normal,0,data/raw\pump\id_04\normal\00000678.wav
data/processed\04_normal_00000679.npy,04,normal,0,data/raw\pump\id_04\normal\00000679.wav
data/processed\04_normal_00000680.npy,04,normal,0,data/raw\pump\id_04\normal\00000680.wav
data/processed\04_normal_00000681.npy,04,normal,0,data/raw\pump\id_04\normal\00000681.wav
data/processed\04_normal_00000682.npy,04,normal,0,data/raw\pump\id_04\normal\00000682.wav
data/processed\04_normal_00000683.npy,04,normal,0,data/raw\pump\id_04\normal\00000683.wav
data/processed\04_normal_00000684.npy,04,normal,0,data/raw\pump\id_04\normal\00000684.wav
data/processed\04_normal_00000685.npy,04,normal,0,data/raw\pump\id_04\normal\00000685.wav
data/processed\04_normal_00000686.npy,04,normal,0,data/raw\pump\id_04\normal\00000686.wav
data/processed\04_normal_00000687.npy,04,normal,0,data/raw\pump\id_04\normal\00000687.wav
data/processed\04_normal_00000688.npy,04,normal,0,data/raw\pump\id_04\normal\00000688.wav
data/processed\04_normal_00000689.npy,04,normal,0,data/raw\pump\id_04\normal\00000689.wav
data/processed\04_normal_00000690.npy,04,normal,0,data/raw\pump\id_04\normal\00000690.wav
data/processed\04_normal_00000691.npy,04,normal,0,data/raw\pump\id_04\normal\00000691.wav
data/processed\04_normal_00000692.npy,04,normal,0,data/raw\pump\id_04\normal\00000692.wav
data/processed\04_normal_00000693.npy,04,normal,0,data/raw\pump\id_04\normal\00000693.wav
data/processed\04_normal_00000694.npy,04,normal,0,data/raw\pump\id_04\normal\00000694.wav
data/processed\04_normal_00000695.npy,04,normal,0,data/raw\pump\id_04\normal\00000695.wav
data/processed\04_normal_00000696.npy,04,normal,0,data/raw\pump\id_04\normal\00000696.wav
data/processed\04_normal_00000697.npy,04,normal,0,data/raw\pump\id_04\normal\00000697.wav
data/processed\04_normal_00000698.npy,04,normal,0,data/raw\pump\id_04\normal\00000698.wav
data/processed\04_normal_00000699.npy,04,normal,0,data/raw\pump\id_04\normal\00000699.wav
data/processed\04_normal_00000700.npy,04,normal,0,data/raw\pump\id_04\normal\00000700.wav
data/processed\04_normal_00000701.npy,04,normal,0,data/raw\pump\id_04\normal\00000701.wav
data/processed\06_abnormal_00000000.npy,06,abnormal,1,data/raw\pump\id_06\abnormal\00000000.wav
data/processed\06_abnormal_00000001.npy,06,abnormal,1,data/raw\pump\id_06\abnormal\00000001.wav
data/processed\06_abnormal_00000002.npy,06,abnormal,1,data/raw\pump\id_06\abnormal\00000002.wav
data/processed\06_abnormal_00000003.npy,06,abnormal,1,data/raw\pump\id_06\abnormal\00000003.wav
data/processed\06_abnormal_00000004.npy,06,abnormal,1,data/raw\pump\id_06\abnormal\00000004.wav
data/processed\06_abnormal_00000005.npy,06,abnormal,1,data/raw\pump\id_06\abnormal\00000005.wav
data/processed\06_abnormal_00000006.npy,06,abnormal,1,data/raw\pump\id_06\abnormal\00000006.wav
data/processed\06_abnormal_00000007.npy,06,abnormal,1,data/raw\pump\id_06\abnormal\00000007.wav
data/processed\06_abnormal_00000008.npy,06,abnormal,1,data/raw\pump\id_06\abnormal\00000008.wav
data/processed\06_abnormal_00000009.npy,06,abnormal,1,data/raw\pump\id_06\abnormal\00000009.wav
data/processed\06_abnormal_00000010.npy,06,abnormal,1,data/raw\pump\id_06\abnormal\00000010.wav
data/processed\06_abnormal_00000011.npy,06,abnormal,1,data/raw\pump\id_06\abnormal\00000011.wav
data/processed\06_abnormal_00000012.npy,06,abnormal,1,data/raw\pump\id_06\abnormal\00000012.wav
data/processed\06_abnormal_00000013.npy,06,abnormal,1,data/raw\pump\id_06\abnormal\00000013.wav
data/processed\06_abnormal_00000014.npy,06,abnormal,1,data/raw\pump\id_06\abnormal\00000014.wav
data/processed\06_abnormal_00000015.npy,06,abnormal,1,data/raw\pump\id_06\abnormal\00000015.wav
data/processed\06_abnormal_00000016.npy,06,abnormal,1,data/raw\pump\id_06\abnormal\00000016.wav
data/processed\06_abnormal_00000017.npy,06,abnormal,1,data/raw\pump\id_06\abnormal\00000017.wav
data/processed\06_abnormal_00000018.npy,06,abnormal,1,data/raw\pump\id_06\abnormal\00000018.wav
data/processed\06_abnormal_00000019.npy,06,abnormal,1,data/raw\pump\id_06\abnormal\00000019.wav
data/processed\06_abnormal_00000020.npy,06,abnormal,1,data/raw\pump\id_06\abnormal\00000020.wav
data/processed\06_abnormal_00000021.npy,06,abnormal,1,data/raw\pump\id_06\abnormal\00000021.wav
data/processed\06_abnormal_00000022.npy,06,abnormal,1,data/raw\pump\id_06\abnormal\00000022.wav
data/processed\06_abnormal_00000023.npy,06,abnormal,1,data/raw\pump\id_06\abnormal\00000023.wav
data/processed\06_abnormal_00000024.npy,06,abnormal,1,data/raw\pump\id_06\abnormal\00000024.wav
data/processed\06_abnormal_00000025.npy,06,abnormal,1,data/raw\pump\id_06\abnormal\00000025.wav
data/processed\06_abnormal_00000026.npy,06,abnormal,1,data/raw\pump\id_06\abnormal\00000026.wav
data/processed\06_abnormal_00000027.npy,06,abnormal,1,data/raw\pump\id_06\abnormal\00000027.wav
data/processed\06_abnormal_00000028.npy,06,abnormal,1,data/raw\pump\id_06\abnormal\00000028.wav
data/processed\06_abnormal_00000029.npy,06,abnormal,1,data/raw\pump\id_06\abnormal\00000029.wav
data/processed\06_abnormal_00000030.npy,06,abnormal,1,data/raw\pump\id_06\abnormal\00000030.wav
data/processed\06_abnormal_00000031.npy,06,abnormal,1,data/raw\pump\id_06\abnormal\00000031.wav
data/processed\06_abnormal_00000032.npy,06,abnormal,1,data/raw\pump\id_06\abnormal\00000032.wav
data/processed\06_abnormal_00000033.npy,06,abnormal,1,data/raw\pump\id_06\abnormal\00000033.wav
data/processed\06_abnormal_00000034.npy,06,abnormal,1,data/raw\pump\id_06\abnormal\00000034.wav
data/processed\06_abnormal_00000035.npy,06,abnormal,1,data/raw\pump\id_06\abnormal\00000035.wav
data/processed\06_abnormal_00000036.npy,06,abnormal,1,data/raw\pump\id_06\abnormal\00000036.wav
data/processed\06_abnormal_00000037.npy,06,abnormal,1,data/raw\pump\id_06\abnormal\00000037.wav
data/processed\06_abnormal_00000038.npy,06,abnormal,1,data/raw\pump\id_06\abnormal\00000038.wav
data/processed\06_abnormal_00000039.npy,06,abnormal,1,data/raw\pump\id_06\abnormal\00000039.wav
data/processed\06_abnormal_00000040.npy,06,abnormal,1,data/raw\pump\id_06\abnormal\00000040.wav
data/processed\06_abnormal_00000041.npy,06,abnormal,1,data/raw\pump\id_06\abnormal\00000041.wav
data/processed\06_abnormal_00000042.npy,06,abnormal,1,data/raw\pump\id_06\abnormal\00000042.wav
data/processed\06_abnormal_00000043.npy,06,abnormal,1,data/raw\pump\id_06\abnormal\00000043.wav
data/processed\06_abnormal_00000044.npy,06,abnormal,1,data/raw\pump\id_06\abnormal\00000044.wav
data/processed\06_abnormal_00000045.npy,06,abnormal,1,data/raw\pump\id_06\abnormal\00000045.wav
data/processed\06_abnormal_00000046.npy,06,abnormal,1,data/raw\pump\id_06\abnormal\00000046.wav
data/processed\06_abnormal_00000047.npy,06,abnormal,1,data/raw\pump\id_06\abnormal\00000047.wav
data/processed\06_abnormal_00000048.npy,06,abnormal,1,data/raw\pump\id_06\abnormal\00000048.wav
data/processed\06_abnormal_00000049.npy,06,abnormal,1,data/raw\pump\id_06\abnormal\00000049.wav
data/processed\06_abnormal_00000050.npy,06,abnormal,1,data/raw\pump\id_06\abnormal\00000050.wav
data/processed\06_abnormal_00000051.npy,06,abnormal,1,data/raw\pump\id_06\abnormal\00000051.wav
data/processed\06_abnormal_00000052.npy,06,abnormal,1,data/raw\pump\id_06\abnormal\00000052.wav
data/processed\06_abnormal_00000053.npy,06,abnormal,1,data/raw\pump\id_06\abnormal\00000053.wav
data/processed\06_abnormal_00000054.npy,06,abnormal,1,data/raw\pump\id_06\abnormal\00000054.wav
data/processed\06_abnormal_00000055.npy,06,abnormal,1,data/raw\pump\id_06\abnormal\00000055.wav
data/processed\06_abnormal_00000056.npy,06,abnormal,1,data/raw\pump\id_06\abnormal\00000056.wav
data/processed\06_abnormal_00000057.npy,06,abnormal,1,data/raw\pump\id_06\abnormal\00000057.wav
data/processed\06_abnormal_00000058.npy,06,abnormal,1,data/raw\pump\id_06\abnormal\00000058.wav
data/processed\06_abnormal_00000059.npy,06,abnormal,1,data/raw\pump\id_06\abnormal\00000059.wav
data/processed\06_abnormal_00000060.npy,06,abnormal,1,data/raw\pump\id_06\abnormal\00000060.wav
data/processed\06_abnormal_00000061.npy,06,abnormal,1,data/raw\pump\id_06\abnormal\00000061.wav
data/processed\06_abnormal_00000062.npy,06,abnormal,1,data/raw\pump\id_06\abnormal\00000062.wav
data/processed\06_abnormal_00000063.npy,06,abnormal,1,data/raw\pump\id_06\abnormal\00000063.wav
data/processed\06_abnormal_00000064.npy,06,abnormal,1,data/raw\pump\id_06\abnormal\00000064.wav
data/processed\06_abnormal_00000065.npy,06,abnormal,1,data/raw\pump\id_06\abnormal\00000065.wav
data/processed\06_abnormal_00000066.npy,06,abnormal,1,data/raw\pump\id_06\abnormal\00000066.wav
data/processed\06_abnormal_00000067.npy,06,abnormal,1,data/raw\pump\id_06\abnormal\00000067.wav
data/processed\06_abnormal_00000068.npy,06,abnormal,1,data/raw\pump\id_06\abnormal\00000068.wav
data/processed\06_abnormal_00000069.npy,06,abnormal,1,data/raw\pump\id_06\abnormal\00000069.wav
data/processed\06_abnormal_00000070.npy,06,abnormal,1,data/raw\pump\id_06\abnormal\00000070.wav
data/processed\06_abnormal_00000071.npy,06,abnormal,1,data/raw\pump\id_06\abnormal\00000071.wav
data/processed\06_abnormal_00000072.npy,06,abnormal,1,data/raw\pump\id_06\abnormal\00000072.wav
data/processed\06_abnormal_00000073.npy,06,abnormal,1,data/raw\pump\id_06\abnormal\00000073.wav
data/processed\06_abnormal_00000074.npy,06,abnormal,1,data/raw\pump\id_06\abnormal\00000074.wav
data/processed\06_abnormal_00000075.npy,06,abnormal,1,data/raw\pump\id_06\abnormal\00000075.wav
data/processed\06_abnormal_00000076.npy,06,abnormal,1,data/raw\pump\id_06\abnormal\00000076.wav
data/processed\06_abnormal_00000077.npy,06,abnormal,1,data/raw\pump\id_06\abnormal\00000077.wav
data/processed\06_abnormal_00000078.npy,06,abnormal,1,data/raw\pump\id_06\abnormal\00000078.wav
data/processed\06_abnormal_00000079.npy,06,abnormal,1,data/raw\pump\id_06\abnormal\00000079.wav
data/processed\06_abnormal_00000080.npy,06,abnormal,1,data/raw\pump\id_06\abnormal\00000080.wav
data/processed\06_abnormal_00000081.npy,06,abnormal,1,data/raw\pump\id_06\abnormal\00000081.wav
data/processed\06_abnormal_00000082.npy,06,abnormal,1,data/raw\pump\id_06\abnormal\00000082.wav
data/processed\06_abnormal_00000083.npy,06,abnormal,1,data/raw\pump\id_06\abnormal\00000083.wav
data/processed\06_abnormal_00000084.npy,06,abnormal,1,data/raw\pump\id_06\abnormal\00000084.wav
data/processed\06_abnormal_00000085.npy,06,abnormal,1,data/raw\pump\id_06\abnormal\00000085.wav
data/processed\06_abnormal_00000086.npy,06,abnormal,1,data/raw\pump\id_06\abnormal\00000086.wav
data/processed\06_abnormal_00000087.npy,06,abnormal,1,data/raw\pump\id_06\abnormal\00000087.wav
data/processed\06_abnormal_00000088.npy,06,abnormal,1,data/raw\pump\id_06\abnormal\00000088.wav
data/processed\06_abnormal_00000089.npy,06,abnormal,1,data/raw\pump\id_06\abnormal\00000089.wav
data/processed\06_abnormal_00000090.npy,06,abnormal,1,data/raw\pump\id_06\abnormal\00000090.wav
data/processed\06_abnormal_00000091.npy,06,abnormal,1,data/raw\pump\id_06\abnormal\00000091.wav
data/processed\06_abnormal_00000092.npy,06,abnormal,1,data/raw\pump\id_06\abnormal\00000092.wav
data/processed\06_abnormal_00000093.npy,06,abnormal,1,data/raw\pump\id_06\abnormal\00000093.wav
data/processed\06_abnormal_00000094.npy,06,abnormal,1,data/raw\pump\id_06\abnormal\00000094.wav
data/processed\06_abnormal_00000095.npy,06,abnormal,1,data/raw\pump\id_06\abnormal\00000095.wav
data/processed\06_abnormal_00000096.npy,06,abnormal,1,data/raw\pump\id_06\abnormal\00000096.wav
data/processed\06_abnormal_00000097.npy,06,abnormal,1,data/raw\pump\id_06\abnormal\00000097.wav
data/processed\06_abnormal_00000098.npy,06,abnormal,1,data/raw\pump\id_06\abnormal\00000098.wav
data/processed\06_abnormal_00000099.npy,06,abnormal,1,data/raw\pump\id_06\abnormal\00000099.wav
data/processed\06_abnormal_00000100.npy,06,abnormal,1,data/raw\pump\id_06\abnormal\00000100.wav
data/processed\06_abnormal_00000101.npy,06,abnormal,1,data/raw\pump\id_06\abnormal\00000101.wav
data/processed\06_normal_00000000.npy,06,normal,0,data/raw\pump\id_06\normal\00000000.wav
data/processed\06_normal_00000001.npy,06,normal,0,data/raw\pump\id_06\normal\00000001.wav
data/processed\06_normal_00000002.npy,06,normal,0,data/raw\pump\id_06\normal\00000002.wav
data/processed\06_normal_00000003.npy,06,normal,0,data/raw\pump\id_06\normal\00000003.wav
data/processed\06_normal_00000004.npy,06,normal,0,data/raw\pump\id_06\normal\00000004.wav
data/processed\06_normal_00000005.npy,06,normal,0,data/raw\pump\id_06\normal\00000005.wav
data/processed\06_normal_00000006.npy,06,normal,0,data/raw\pump\id_06\normal\00000006.wav
data/processed\06_normal_00000007.npy,06,normal,0,data/raw\pump\id_06\normal\00000007.wav
data/processed\06_normal_00000008.npy,06,normal,0,data/raw\pump\id_06\normal\00000008.wav
data/processed\06_normal_00000009.npy,06,normal,0,data/raw\pump\id_06\normal\00000009.wav
data/processed\06_normal_00000010.npy,06,normal,0,data/raw\pump\id_06\normal\00000010.wav
data/processed\06_normal_00000011.npy,06,normal,0,data/raw\pump\id_06\normal\00000011.wav
data/processed\06_normal_00000012.npy,06,normal,0,data/raw\pump\id_06\normal\00000012.wav
data/processed\06_normal_00000013.npy,06,normal,0,data/raw\pump\id_06\normal\00000013.wav
data/processed\06_normal_00000014.npy,06,normal,0,data/raw\pump\id_06\normal\00000014.wav
data/processed\06_normal_00000015.npy,06,normal,0,data/raw\pump\id_06\normal\00000015.wav
data/processed\06_normal_00000016.npy,06,normal,0,data/raw\pump\id_06\normal\00000016.wav
data/processed\06_normal_00000017.npy,06,normal,0,data/raw\pump\id_06\normal\00000017.wav
data/processed\06_normal_00000018.npy,06,normal,0,data/raw\pump\id_06\normal\00000018.wav
data/processed\06_normal_00000019.npy,06,normal,0,data/raw\pump\id_06\normal\00000019.wav
data/processed\06_normal_00000020.npy,06,normal,0,data/raw\pump\id_06\normal\00000020.wav
data/processed\06_normal_00000021.npy,06,normal,0,data/raw\pump\id_06\normal\00000021.wav
data/processed\06_normal_00000022.npy,06,normal,0,data/raw\pump\id_06\normal\00000022.wav
data/processed\06_normal_00000023.npy,06,normal,0,data/raw\pump\id_06\normal\00000023.wav
data/processed\06_normal_00000024.npy,06,normal,0,data/raw\pump\id_06\normal\00000024.wav
data/processed\06_normal_00000025.npy,06,normal,0,data/raw\pump\id_06\normal\00000025.wav
data/processed\06_normal_00000026.npy,06,normal,0,data/raw\pump\id_06\normal\00000026.wav
data/processed\06_normal_00000027.npy,06,normal,0,data/raw\pump\id_06\normal\00000027.wav
data/processed\06_normal_00000028.npy,06,normal,0,data/raw\pump\id_06\normal\00000028.wav
data/processed\06_normal_00000029.npy,06,normal,0,data/raw\pump\id_06\normal\00000029.wav
data/processed\06_normal_00000030.npy,06,normal,0,data/raw\pump\id_06\normal\00000030.wav
data/processed\06_normal_00000031.npy,06,normal,0,data/raw\pump\id_06\normal\00000031.wav
data/processed\06_normal_00000032.npy,06,normal,0,data/raw\pump\id_06\normal\00000032.wav
data/processed\06_normal_00000033.npy,06,normal,0,data/raw\pump\id_06\normal\00000033.wav
data/processed\06_normal_00000034.npy,06,normal,0,data/raw\pump\id_06\normal\00000034.wav
data/processed\06_normal_00000035.npy,06,normal,0,data/raw\pump\id_06\normal\00000035.wav
data/processed\06_normal_00000036.npy,06,normal,0,data/raw\pump\id_06\normal\00000036.wav
data/processed\06_normal_00000037.npy,06,normal,0,data/raw\pump\id_06\normal\00000037.wav
data/processed\06_normal_00000038.npy,06,normal,0,data/raw\pump\id_06\normal\00000038.wav
data/processed\06_normal_00000039.npy,06,normal,0,data/raw\pump\id_06\normal\00000039.wav
data/processed\06_normal_00000040.npy,06,normal,0,data/raw\pump\id_06\normal\00000040.wav
data/processed\06_normal_00000041.npy,06,normal,0,data/raw\pump\id_06\normal\00000041.wav
data/processed\06_normal_00000042.npy,06,normal,0,data/raw\pump\id_06\normal\00000042.wav
data/processed\06_normal_00000043.npy,06,normal,0,data/raw\pump\id_06\normal\00000043.wav
data/processed\06_normal_00000044.npy,06,normal,0,data/raw\pump\id_06\normal\00000044.wav
data/processed\06_normal_00000045.npy,06,normal,0,data/raw\pump\id_06\normal\00000045.wav
data/processed\06_normal_00000046.npy,06,normal,0,data/raw\pump\id_06\normal\00000046.wav
data/processed\06_normal_00000047.npy,06,normal,0,data/raw\pump\id_06\normal\00000047.wav
data/processed\06_normal_00000048.npy,06,normal,0,data/raw\pump\id_06\normal\00000048.wav
data/processed\06_normal_00000049.npy,06,normal,0,data/raw\pump\id_06\normal\00000049.wav
data/processed\06_normal_00000050.npy,06,normal,0,data/raw\pump\id_06\normal\00000050.wav
data/processed\06_normal_00000051.npy,06,normal,0,data/raw\pump\id_06\normal\00000051.wav
data/processed\06_normal_00000052.npy,06,normal,0,data/raw\pump\id_06\normal\00000052.wav
data/processed\06_normal_00000053.npy,06,normal,0,data/raw\pump\id_06\normal\00000053.wav
data/processed\06_normal_00000054.npy,06,normal,0,data/raw\pump\id_06\normal\00000054.wav
data/processed\06_normal_00000055.npy,06,normal,0,data/raw\pump\id_06\normal\00000055.wav
data/processed\06_normal_00000056.npy,06,normal,0,data/raw\pump\id_06\normal\00000056.wav
data/processed\06_normal_00000057.npy,06,normal,0,data/raw\pump\id_06\normal\00000057.wav
data/processed\06_normal_00000058.npy,06,normal,0,data/raw\pump\id_06\normal\00000058.wav
data/processed\06_normal_00000059.npy,06,normal,0,data/raw\pump\id_06\normal\00000059.wav
data/processed\06_normal_00000060.npy,06,normal,0,data/raw\pump\id_06\normal\00000060.wav
data/processed\06_normal_00000061.npy,06,normal,0,data/raw\pump\id_06\normal\00000061.wav
data/processed\06_normal_00000062.npy,06,normal,0,data/raw\pump\id_06\normal\00000062.wav
data/processed\06_normal_00000063.npy,06,normal,0,data/raw\pump\id_06\normal\00000063.wav
data/processed\06_normal_00000064.npy,06,normal,0,data/raw\pump\id_06\normal\00000064.wav
data/processed\06_normal_00000065.npy,06,normal,0,data/raw\pump\id_06\normal\00000065.wav
data/processed\06_normal_00000066.npy,06,normal,0,data/raw\pump\id_06\normal\00000066.wav
data/processed\06_normal_00000067.npy,06,normal,0,data/raw\pump\id_06\normal\00000067.wav
data/processed\06_normal_00000068.npy,06,normal,0,data/raw\pump\id_06\normal\00000068.wav
data/processed\06_normal_00000069.npy,06,normal,0,data/raw\pump\id_06\normal\00000069.wav
data/processed\06_normal_00000070.npy,06,normal,0,data/raw\pump\id_06\normal\00000070.wav
data/processed\06_normal_00000071.npy,06,normal,0,data/raw\pump\id_06\normal\00000071.wav
data/processed\06_normal_00000072.npy,06,normal,0,data/raw\pump\id_06\normal\00000072.wav
data/processed\06_normal_00000073.npy,06,normal,0,data/raw\pump\id_06\normal\00000073.wav
data/processed\06_normal_00000074.npy,06,normal,0,data/raw\pump\id_06\normal\00000074.wav
data/processed\06_normal_00000075.npy,06,normal,0,data/raw\pump\id_06\normal\00000075.wav
data/processed\06_normal_00000076.npy,06,normal,0,data/raw\pump\id_06\normal\00000076.wav
data/processed\06_normal_00000077.npy,06,normal,0,data/raw\pump\id_06\normal\00000077.wav
data/processed\06_normal_00000078.npy,06,normal,0,data/raw\pump\id_06\normal\00000078.wav
data/processed\06_normal_00000079.npy,06,normal,0,data/raw\pump\id_06\normal\00000079.wav
data/processed\06_normal_00000080.npy,06,normal,0,data/raw\pump\id_06\normal\00000080.wav
data/processed\06_normal_00000081.npy,06,normal,0,data/raw\pump\id_06\normal\00000081.wav
data/processed\06_normal_00000082.npy,06,normal,0,data/raw\pump\id_06\normal\00000082.wav
data/processed\06_normal_00000083.npy,06,normal,0,data/raw\pump\id_06\normal\00000083.wav
data/processed\06_normal_00000084.npy,06,normal,0,data/raw\pump\id_06\normal\00000084.wav
data/processed\06_normal_00000085.npy,06,normal,0,data/raw\pump\id_06\normal\00000085.wav
data/processed\06_normal_00000086.npy,06,normal,0,data/raw\pump\id_06\normal\00000086.wav
data/processed\06_normal_00000087.npy,06,normal,0,data/raw\pump\id_06\normal\00000087.wav
data/processed\06_normal_00000088.npy,06,normal,0,data/raw\pump\id_06\normal\00000088.wav
data/processed\06_normal_00000089.npy,06,normal,0,data/raw\pump\id_06\normal\00000089.wav
data/processed\06_normal_00000090.npy,06,normal,0,data/raw\pump\id_06\normal\00000090.wav
data/processed\06_normal_00000091.npy,06,normal,0,data/raw\pump\id_06\normal\00000091.wav
data/processed\06_normal_00000092.npy,06,normal,0,data/raw\pump\id_06\normal\00000092.wav
data/processed\06_normal_00000093.npy,06,normal,0,data/raw\pump\id_06\normal\00000093.wav
data/processed\06_normal_00000094.npy,06,normal,0,data/raw\pump\id_06\normal\00000094.wav
data/processed\06_normal_00000095.npy,06,normal,0,data/raw\pump\id_06\normal\00000095.wav
data/processed\06_normal_00000096.npy,06,normal,0,data/raw\pump\id_06\normal\00000096.wav
data/processed\06_normal_00000097.npy,06,normal,0,data/raw\pump\id_06\normal\00000097.wav
data/processed\06_normal_00000098.npy,06,normal,0,data/raw\pump\id_06\normal\00000098.wav
data/processed\06_normal_00000099.npy,06,normal,0,data/raw\pump\id_06\normal\00000099.wav
data/processed\06_normal_00000100.npy,06,normal,0,data/raw\pump\id_06\normal\00000100.wav
data/processed\06_normal_00000101.npy,06,normal,0,data/raw\pump\id_06\normal\00000101.wav
data/processed\06_normal_00000102.npy,06,normal,0,data/raw\pump\id_06\normal\00000102.wav
data/processed\06_normal_00000103.npy,06,normal,0,data/raw\pump\id_06\normal\00000103.wav
data/processed\06_normal_00000104.npy,06,normal,0,data/raw\pump\id_06\normal\00000104.wav
data/processed\06_normal_00000105.npy,06,normal,0,data/raw\pump\id_06\normal\00000105.wav
data/processed\06_normal_00000106.npy,06,normal,0,data/raw\pump\id_06\normal\00000106.wav
data/processed\06_normal_00000107.npy,06,normal,0,data/raw\pump\id_06\normal\00000107.wav
data/processed\06_normal_00000108.npy,06,normal,0,data/raw\pump\id_06\normal\00000108.wav
data/processed\06_normal_00000109.npy,06,normal,0,data/raw\pump\id_06\normal\00000109.wav
data/processed\06_normal_00000110.npy,06,normal,0,data/raw\pump\id_06\normal\00000110.wav
data/processed\06_normal_00000111.npy,06,normal,0,data/raw\pump\id_06\normal\00000111.wav
data/processed\06_normal_00000112.npy,06,normal,0,data/raw\pump\id_06\normal\00000112.wav
data/processed\06_normal_00000113.npy,06,normal,0,data/raw\pump\id_06\normal\00000113.wav
data/processed\06_normal_00000114.npy,06,normal,0,data/raw\pump\id_06\normal\00000114.wav
data/processed\06_normal_00000115.npy,06,normal,0,data/raw\pump\id_06\normal\00000115.wav
data/processed\06_normal_00000116.npy,06,normal,0,data/raw\pump\id_06\normal\00000116.wav
data/processed\06_normal_00000117.npy,06,normal,0,data/raw\pump\id_06\normal\00000117.wav
data/processed\06_normal_00000118.npy,06,normal,0,data/raw\pump\id_06\normal\00000118.wav
data/processed\06_normal_00000119.npy,06,normal,0,data/raw\pump\id_06\normal\00000119.wav
data/processed\06_normal_00000120.npy,06,normal,0,data/raw\pump\id_06\normal\00000120.wav
data/processed\06_normal_00000121.npy,06,normal,0,data/raw\pump\id_06\normal\00000121.wav
data/processed\06_normal_00000122.npy,06,normal,0,data/raw\pump\id_06\normal\00000122.wav
data/processed\06_normal_00000123.npy,06,normal,0,data/raw\pump\id_06\normal\00000123.wav
data/processed\06_normal_00000124.npy,06,normal,0,data/raw\pump\id_06\normal\00000124.wav
data/processed\06_normal_00000125.npy,06,normal,0,data/raw\pump\id_06\normal\00000125.wav
data/processed\06_normal_00000126.npy,06,normal,0,data/raw\pump\id_06\normal\00000126.wav
data/processed\06_normal_00000127.npy,06,normal,0,data/raw\pump\id_06\normal\00000127.wav
data/processed\06_normal_00000128.npy,06,normal,0,data/raw\pump\id_06\normal\00000128.wav
data/processed\06_normal_00000129.npy,06,normal,0,data/raw\pump\id_06\normal\00000129.wav
data/processed\06_normal_00000130.npy,06,normal,0,data/raw\pump\id_06\normal\00000130.wav
data/processed\06_normal_00000131.npy,06,normal,0,data/raw\pump\id_06\normal\00000131.wav
data/processed\06_normal_00000132.npy,06,normal,0,data/raw\pump\id_06\normal\00000132.wav
data/processed\06_normal_00000133.npy,06,normal,0,data/raw\pump\id_06\normal\00000133.wav
data/processed\06_normal_00000134.npy,06,normal,0,data/raw\pump\id_06\normal\00000134.wav
data/processed\06_normal_00000135.npy,06,normal,0,data/raw\pump\id_06\normal\00000135.wav
data/processed\06_normal_00000136.npy,06,normal,0,data/raw\pump\id_06\normal\00000136.wav
data/processed\06_normal_00000137.npy,06,normal,0,data/raw\pump\id_06\normal\00000137.wav
data/processed\06_normal_00000138.npy,06,normal,0,data/raw\pump\id_06\normal\00000138.wav
data/processed\06_normal_00000139.npy,06,normal,0,data/raw\pump\id_06\normal\00000139.wav
data/processed\06_normal_00000140.npy,06,normal,0,data/raw\pump\id_06\normal\00000140.wav
data/processed\06_normal_00000141.npy,06,normal,0,data/raw\pump\id_06\normal\00000141.wav
data/processed\06_normal_00000142.npy,06,normal,0,data/raw\pump\id_06\normal\00000142.wav
data/processed\06_normal_00000143.npy,06,normal,0,data/raw\pump\id_06\normal\00000143.wav
data/processed\06_normal_00000144.npy,06,normal,0,data/raw\pump\id_06\normal\00000144.wav
data/processed\06_normal_00000145.npy,06,normal,0,data/raw\pump\id_06\normal\00000145.wav
data/processed\06_normal_00000146.npy,06,normal,0,data/raw\pump\id_06\normal\00000146.wav
data/processed\06_normal_00000147.npy,06,normal,0,data/raw\pump\id_06\normal\00000147.wav
data/processed\06_normal_00000148.npy,06,normal,0,data/raw\pump\id_06\normal\00000148.wav
data/processed\06_normal_00000149.npy,06,normal,0,data/raw\pump\id_06\normal\00000149.wav
data/processed\06_normal_00000150.npy,06,normal,0,data/raw\pump\id_06\normal\00000150.wav
data/processed\06_normal_00000151.npy,06,normal,0,data/raw\pump\id_06\normal\00000151.wav
data/processed\06_normal_00000152.npy,06,normal,0,data/raw\pump\id_06\normal\00000152.wav
data/processed\06_normal_00000153.npy,06,normal,0,data/raw\pump\id_06\normal\00000153.wav
data/processed\06_normal_00000154.npy,06,normal,0,data/raw\pump\id_06\normal\00000154.wav
data/processed\06_normal_00000155.npy,06,normal,0,data/raw\pump\id_06\normal\00000155.wav
data/processed\06_normal_00000156.npy,06,normal,0,data/raw\pump\id_06\normal\00000156.wav
data/processed\06_normal_00000157.npy,06,normal,0,data/raw\pump\id_06\normal\00000157.wav
data/processed\06_normal_00000158.npy,06,normal,0,data/raw\pump\id_06\normal\00000158.wav
data/processed\06_normal_00000159.npy,06,normal,0,data/raw\pump\id_06\normal\00000159.wav
data/processed\06_normal_00000160.npy,06,normal,0,data/raw\pump\id_06\normal\00000160.wav
data/processed\06_normal_00000161.npy,06,normal,0,data/raw\pump\id_06\normal\00000161.wav
data/processed\06_normal_00000162.npy,06,normal,0,data/raw\pump\id_06\normal\00000162.wav
data/processed\06_normal_00000163.npy,06,normal,0,data/raw\pump\id_06\normal\00000163.wav
data/processed\06_normal_00000164.npy,06,normal,0,data/raw\pump\id_06\normal\00000164.wav
data/processed\06_normal_00000165.npy,06,normal,0,data/raw\pump\id_06\normal\00000165.wav
data/processed\06_normal_00000166.npy,06,normal,0,data/raw\pump\id_06\normal\00000166.wav
data/processed\06_normal_00000167.npy,06,normal,0,data/raw\pump\id_06\normal\00000167.wav
data/processed\06_normal_00000168.npy,06,normal,0,data/raw\pump\id_06\normal\00000168.wav
data/processed\06_normal_00000169.npy,06,normal,0,data/raw\pump\id_06\normal\00000169.wav
data/processed\06_normal_00000170.npy,06,normal,0,data/raw\pump\id_06\normal\00000170.wav
data/processed\06_normal_00000171.npy,06,normal,0,data/raw\pump\id_06\normal\00000171.wav
data/processed\06_normal_00000172.npy,06,normal,0,data/raw\pump\id_06\normal\00000172.wav
data/processed\06_normal_00000173.npy,06,normal,0,data/raw\pump\id_06\normal\00000173.wav
data/processed\06_normal_00000174.npy,06,normal,0,data/raw\pump\id_06\normal\00000174.wav
data/processed\06_normal_00000175.npy,06,normal,0,data/raw\pump\id_06\normal\00000175.wav
data/processed\06_normal_00000176.npy,06,normal,0,data/raw\pump\id_06\normal\00000176.wav
data/processed\06_normal_00000177.npy,06,normal,0,data/raw\pump\id_06\normal\00000177.wav
data/processed\06_normal_00000178.npy,06,normal,0,data/raw\pump\id_06\normal\00000178.wav
data/processed\06_normal_00000179.npy,06,normal,0,data/raw\pump\id_06\normal\00000179.wav
data/processed\06_normal_00000180.npy,06,normal,0,data/raw\pump\id_06\normal\00000180.wav
data/processed\06_normal_00000181.npy,06,normal,0,data/raw\pump\id_06\normal\00000181.wav
data/processed\06_normal_00000182.npy,06,normal,0,data/raw\pump\id_06\normal\00000182.wav
data/processed\06_normal_00000183.npy,06,normal,0,data/raw\pump\id_06\normal\00000183.wav
data/processed\06_normal_00000184.npy,06,normal,0,data/raw\pump\id_06\normal\00000184.wav
data/processed\06_normal_00000185.npy,06,normal,0,data/raw\pump\id_06\normal\00000185.wav
data/processed\06_normal_00000186.npy,06,normal,0,data/raw\pump\id_06\normal\00000186.wav
data/processed\06_normal_00000187.npy,06,normal,0,data/raw\pump\id_06\normal\00000187.wav
data/processed\06_normal_00000188.npy,06,normal,0,data/raw\pump\id_06\normal\00000188.wav
data/processed\06_normal_00000189.npy,06,normal,0,data/raw\pump\id_06\normal\00000189.wav
data/processed\06_normal_00000190.npy,06,normal,0,data/raw\pump\id_06\normal\00000190.wav
data/processed\06_normal_00000191.npy,06,normal,0,data/raw\pump\id_06\normal\00000191.wav
data/processed\06_normal_00000192.npy,06,normal,0,data/raw\pump\id_06\normal\00000192.wav
data/processed\06_normal_00000193.npy,06,normal,0,data/raw\pump\id_06\normal\00000193.wav
data/processed\06_normal_00000194.npy,06,normal,0,data/raw\pump\id_06\normal\00000194.wav
data/processed\06_normal_00000195.npy,06,normal,0,data/raw\pump\id_06\normal\00000195.wav
data/processed\06_normal_00000196.npy,06,normal,0,data/raw\pump\id_06\normal\00000196.wav
data/processed\06_normal_00000197.npy,06,normal,0,data/raw\pump\id_06\normal\00000197.wav
data/processed\06_normal_00000198.npy,06,normal,0,data/raw\pump\id_06\normal\00000198.wav
data/processed\06_normal_00000199.npy,06,normal,0,data/raw\pump\id_06\normal\00000199.wav
data/processed\06_normal_00000200.npy,06,normal,0,data/raw\pump\id_06\normal\00000200.wav
data/processed\06_normal_00000201.npy,06,normal,0,data/raw\pump\id_06\normal\00000201.wav
data/processed\06_normal_00000202.npy,06,normal,0,data/raw\pump\id_06\normal\00000202.wav
data/processed\06_normal_00000203.npy,06,normal,0,data/raw\pump\id_06\normal\00000203.wav
data/processed\06_normal_00000204.npy,06,normal,0,data/raw\pump\id_06\normal\00000204.wav
data/processed\06_normal_00000205.npy,06,normal,0,data/raw\pump\id_06\normal\00000205.wav
data/processed\06_normal_00000206.npy,06,normal,0,data/raw\pump\id_06\normal\00000206.wav
data/processed\06_normal_00000207.npy,06,normal,0,data/raw\pump\id_06\normal\00000207.wav
data/processed\06_normal_00000208.npy,06,normal,0,data/raw\pump\id_06\normal\00000208.wav
data/processed\06_normal_00000209.npy,06,normal,0,data/raw\pump\id_06\normal\00000209.wav
data/processed\06_normal_00000210.npy,06,normal,0,data/raw\pump\id_06\normal\00000210.wav
data/processed\06_normal_00000211.npy,06,normal,0,data/raw\pump\id_06\normal\00000211.wav
data/processed\06_normal_00000212.npy,06,normal,0,data/raw\pump\id_06\normal\00000212.wav
data/processed\06_normal_00000213.npy,06,normal,0,data/raw\pump\id_06\normal\00000213.wav
data/processed\06_normal_00000214.npy,06,normal,0,data/raw\pump\id_06\normal\00000214.wav
data/processed\06_normal_00000215.npy,06,normal,0,data/raw\pump\id_06\normal\00000215.wav
data/processed\06_normal_00000216.npy,06,normal,0,data/raw\pump\id_06\normal\00000216.wav
data/processed\06_normal_00000217.npy,06,normal,0,data/raw\pump\id_06\normal\00000217.wav
data/processed\06_normal_00000218.npy,06,normal,0,data/raw\pump\id_06\normal\00000218.wav
data/processed\06_normal_00000219.npy,06,normal,0,data/raw\pump\id_06\normal\00000219.wav
data/processed\06_normal_00000220.npy,06,normal,0,data/raw\pump\id_06\normal\00000220.wav
data/processed\06_normal_00000221.npy,06,normal,0,data/raw\pump\id_06\normal\00000221.wav
data/processed\06_normal_00000222.npy,06,normal,0,data/raw\pump\id_06\normal\00000222.wav
data/processed\06_normal_00000223.npy,06,normal,0,data/raw\pump\id_06\normal\00000223.wav
data/processed\06_normal_00000224.npy,06,normal,0,data/raw\pump\id_06\normal\00000224.wav
data/processed\06_normal_00000225.npy,06,normal,0,data/raw\pump\id_06\normal\00000225.wav
data/processed\06_normal_00000226.npy,06,normal,0,data/raw\pump\id_06\normal\00000226.wav
data/processed\06_normal_00000227.npy,06,normal,0,data/raw\pump\id_06\normal\00000227.wav
data/processed\06_normal_00000228.npy,06,normal,0,data/raw\pump\id_06\normal\00000228.wav
data/processed\06_normal_00000229.npy,06,normal,0,data/raw\pump\id_06\normal\00000229.wav
data/processed\06_normal_00000230.npy,06,normal,0,data/raw\pump\id_06\normal\00000230.wav
data/processed\06_normal_00000231.npy,06,normal,0,data/raw\pump\id_06\normal\00000231.wav
data/processed\06_normal_00000232.npy,06,normal,0,data/raw\pump\id_06\normal\00000232.wav
data/processed\06_normal_00000233.npy,06,normal,0,data/raw\pump\id_06\normal\00000233.wav
data/processed\06_normal_00000234.npy,06,normal,0,data/raw\pump\id_06\normal\00000234.wav
data/processed\06_normal_00000235.npy,06,normal,0,data/raw\pump\id_06\normal\00000235.wav
data/processed\06_normal_00000236.npy,06,normal,0,data/raw\pump\id_06\normal\00000236.wav
data/processed\06_normal_00000237.npy,06,normal,0,data/raw\pump\id_06\normal\00000237.wav
data/processed\06_normal_00000238.npy,06,normal,0,data/raw\pump\id_06\normal\00000238.wav
data/processed\06_normal_00000239.npy,06,normal,0,data/raw\pump\id_06\normal\00000239.wav
data/processed\06_normal_00000240.npy,06,normal,0,data/raw\pump\id_06\normal\00000240.wav
data/processed\06_normal_00000241.npy,06,normal,0,data/raw\pump\id_06\normal\00000241.wav
data/processed\06_normal_00000242.npy,06,normal,0,data/raw\pump\id_06\normal\00000242.wav
data/processed\06_normal_00000243.npy,06,normal,0,data/raw\pump\id_06\normal\00000243.wav
data/processed\06_normal_00000244.npy,06,normal,0,data/raw\pump\id_06\normal\00000244.wav
data/processed\06_normal_00000245.npy,06,normal,0,data/raw\pump\id_06\normal\00000245.wav
data/processed\06_normal_00000246.npy,06,normal,0,data/raw\pump\id_06\normal\00000246.wav
data/processed\06_normal_00000247.npy,06,normal,0,data/raw\pump\id_06\normal\00000247.wav
data/processed\06_normal_00000248.npy,06,normal,0,data/raw\pump\id_06\normal\00000248.wav
data/processed\06_normal_00000249.npy,06,normal,0,data/raw\pump\id_06\normal\00000249.wav
data/processed\06_normal_00000250.npy,06,normal,0,data/raw\pump\id_06\normal\00000250.wav
data/processed\06_normal_00000251.npy,06,normal,0,data/raw\pump\id_06\normal\00000251.wav
data/processed\06_normal_00000252.npy,06,normal,0,data/raw\pump\id_06\normal\00000252.wav
data/processed\06_normal_00000253.npy,06,normal,0,data/raw\pump\id_06\normal\00000253.wav
data/processed\06_normal_00000254.npy,06,normal,0,data/raw\pump\id_06\normal\00000254.wav
data/processed\06_normal_00000255.npy,06,normal,0,data/raw\pump\id_06\normal\00000255.wav
data/processed\06_normal_00000256.npy,06,normal,0,data/raw\pump\id_06\normal\00000256.wav
data/processed\06_normal_00000257.npy,06,normal,0,data/raw\pump\id_06\normal\00000257.wav
data/processed\06_normal_00000258.npy,06,normal,0,data/raw\pump\id_06\normal\00000258.wav
data/processed\06_normal_00000259.npy,06,normal,0,data/raw\pump\id_06\normal\00000259.wav
data/processed\06_normal_00000260.npy,06,normal,0,data/raw\pump\id_06\normal\00000260.wav
data/processed\06_normal_00000261.npy,06,normal,0,data/raw\pump\id_06\normal\00000261.wav
data/processed\06_normal_00000262.npy,06,normal,0,data/raw\pump\id_06\normal\00000262.wav
data/processed\06_normal_00000263.npy,06,normal,0,data/raw\pump\id_06\normal\00000263.wav
data/processed\06_normal_00000264.npy,06,normal,0,data/raw\pump\id_06\normal\00000264.wav
data/processed\06_normal_00000265.npy,06,normal,0,data/raw\pump\id_06\normal\00000265.wav
data/processed\06_normal_00000266.npy,06,normal,0,data/raw\pump\id_06\normal\00000266.wav
data/processed\06_normal_00000267.npy,06,normal,0,data/raw\pump\id_06\normal\00000267.wav
data/processed\06_normal_00000268.npy,06,normal,0,data/raw\pump\id_06\normal\00000268.wav
data/processed\06_normal_00000269.npy,06,normal,0,data/raw\pump\id_06\normal\00000269.wav
data/processed\06_normal_00000270.npy,06,normal,0,data/raw\pump\id_06\normal\00000270.wav
data/processed\06_normal_00000271.npy,06,normal,0,data/raw\pump\id_06\normal\00000271.wav
data/processed\06_normal_00000272.npy,06,normal,0,data/raw\pump\id_06\normal\00000272.wav
data/processed\06_normal_00000273.npy,06,normal,0,data/raw\pump\id_06\normal\00000273.wav
data/processed\06_normal_00000274.npy,06,normal,0,data/raw\pump\id_06\normal\00000274.wav
data/processed\06_normal_00000275.npy,06,normal,0,data/raw\pump\id_06\normal\00000275.wav
data/processed\06_normal_00000276.npy,06,normal,0,data/raw\pump\id_06\normal\00000276.wav
data/processed\06_normal_00000277.npy,06,normal,0,data/raw\pump\id_06\normal\00000277.wav
data/processed\06_normal_00000278.npy,06,normal,0,data/raw\pump\id_06\normal\00000278.wav
data/processed\06_normal_00000279.npy,06,normal,0,data/raw\pump\id_06\normal\00000279.wav
data/processed\06_normal_00000280.npy,06,normal,0,data/raw\pump\id_06\normal\00000280.wav
data/processed\06_normal_00000281.npy,06,normal,0,data/raw\pump\id_06\normal\00000281.wav
data/processed\06_normal_00000282.npy,06,normal,0,data/raw\pump\id_06\normal\00000282.wav
data/processed\06_normal_00000283.npy,06,normal,0,data/raw\pump\id_06\normal\00000283.wav
data/processed\06_normal_00000284.npy,06,normal,0,data/raw\pump\id_06\normal\00000284.wav
data/processed\06_normal_00000285.npy,06,normal,0,data/raw\pump\id_06\normal\00000285.wav
data/processed\06_normal_00000286.npy,06,normal,0,data/raw\pump\id_06\normal\00000286.wav
data/processed\06_normal_00000287.npy,06,normal,0,data/raw\pump\id_06\normal\00000287.wav
data/processed\06_normal_00000288.npy,06,normal,0,data/raw\pump\id_06\normal\00000288.wav
data/processed\06_normal_00000289.npy,06,normal,0,data/raw\pump\id_06\normal\00000289.wav
data/processed\06_normal_00000290.npy,06,normal,0,data/raw\pump\id_06\normal\00000290.wav
data/processed\06_normal_00000291.npy,06,normal,0,data/raw\pump\id_06\normal\00000291.wav
data/processed\06_normal_00000292.npy,06,normal,0,data/raw\pump\id_06\normal\00000292.wav
data/processed\06_normal_00000293.npy,06,normal,0,data/raw\pump\id_06\normal\00000293.wav
data/processed\06_normal_00000294.npy,06,normal,0,data/raw\pump\id_06\normal\00000294.wav
data/processed\06_normal_00000295.npy,06,normal,0,data/raw\pump\id_06\normal\00000295.wav
data/processed\06_normal_00000296.npy,06,normal,0,data/raw\pump\id_06\normal\00000296.wav
data/processed\06_normal_00000297.npy,06,normal,0,data/raw\pump\id_06\normal\00000297.wav
data/processed\06_normal_00000298.npy,06,normal,0,data/raw\pump\id_06\normal\00000298.wav
data/processed\06_normal_00000299.npy,06,normal,0,data/raw\pump\id_06\normal\00000299.wav
data/processed\06_normal_00000300.npy,06,normal,0,data/raw\pump\id_06\normal\00000300.wav
data/processed\06_normal_00000301.npy,06,normal,0,data/raw\pump\id_06\normal\00000301.wav
data/processed\06_normal_00000302.npy,06,normal,0,data/raw\pump\id_06\normal\00000302.wav
data/processed\06_normal_00000303.npy,06,normal,0,data/raw\pump\id_06\normal\00000303.wav
data/processed\06_normal_00000304.npy,06,normal,0,data/raw\pump\id_06\normal\00000304.wav
data/processed\06_normal_00000305.npy,06,normal,0,data/raw\pump\id_06\normal\00000305.wav
data/processed\06_normal_00000306.npy,06,normal,0,data/raw\pump\id_06\normal\00000306.wav
data/processed\06_normal_00000307.npy,06,normal,0,data/raw\pump\id_06\normal\00000307.wav
data/processed\06_normal_00000308.npy,06,normal,0,data/raw\pump\id_06\normal\00000308.wav
data/processed\06_normal_00000309.npy,06,normal,0,data/raw\pump\id_06\normal\00000309.wav
data/processed\06_normal_00000310.npy,06,normal,0,data/raw\pump\id_06\normal\00000310.wav
data/processed\06_normal_00000311.npy,06,normal,0,data/raw\pump\id_06\normal\00000311.wav
data/processed\06_normal_00000312.npy,06,normal,0,data/raw\pump\id_06\normal\00000312.wav
data/processed\06_normal_00000313.npy,06,normal,0,data/raw\pump\id_06\normal\00000313.wav
data/processed\06_normal_00000314.npy,06,normal,0,data/raw\pump\id_06\normal\00000314.wav
data/processed\06_normal_00000315.npy,06,normal,0,data/raw\pump\id_06\normal\00000315.wav
data/processed\06_normal_00000316.npy,06,normal,0,data/raw\pump\id_06\normal\00000316.wav
data/processed\06_normal_00000317.npy,06,normal,0,data/raw\pump\id_06\normal\00000317.wav
data/processed\06_normal_00000318.npy,06,normal,0,data/raw\pump\id_06\normal\00000318.wav
data/processed\06_normal_00000319.npy,06,normal,0,data/raw\pump\id_06\normal\00000319.wav
data/processed\06_normal_00000320.npy,06,normal,0,data/raw\pump\id_06\normal\00000320.wav
data/processed\06_normal_00000321.npy,06,normal,0,data/raw\pump\id_06\normal\00000321.wav
data/processed\06_normal_00000322.npy,06,normal,0,data/raw\pump\id_06\normal\00000322.wav
data/processed\06_normal_00000323.npy,06,normal,0,data/raw\pump\id_06\normal\00000323.wav
data/processed\06_normal_00000324.npy,06,normal,0,data/raw\pump\id_06\normal\00000324.wav
data/processed\06_normal_00000325.npy,06,normal,0,data/raw\pump\id_06\normal\00000325.wav
data/processed\06_normal_00000326.npy,06,normal,0,data/raw\pump\id_06\normal\00000326.wav
data/processed\06_normal_00000327.npy,06,normal,0,data/raw\pump\id_06\normal\00000327.wav
data/processed\06_normal_00000328.npy,06,normal,0,data/raw\pump\id_06\normal\00000328.wav
data/processed\06_normal_00000329.npy,06,normal,0,data/raw\pump\id_06\normal\00000329.wav
data/processed\06_normal_00000330.npy,06,normal,0,data/raw\pump\id_06\normal\00000330.wav
data/processed\06_normal_00000331.npy,06,normal,0,data/raw\pump\id_06\normal\00000331.wav
data/processed\06_normal_00000332.npy,06,normal,0,data/raw\pump\id_06\normal\00000332.wav
data/processed\06_normal_00000333.npy,06,normal,0,data/raw\pump\id_06\normal\00000333.wav
data/processed\06_normal_00000334.npy,06,normal,0,data/raw\pump\id_06\normal\00000334.wav
data/processed\06_normal_00000335.npy,06,normal,0,data/raw\pump\id_06\normal\00000335.wav
data/processed\06_normal_00000336.npy,06,normal,0,data/raw\pump\id_06\normal\00000336.wav
data/processed\06_normal_00000337.npy,06,normal,0,data/raw\pump\id_06\normal\00000337.wav
data/processed\06_normal_00000338.npy,06,normal,0,data/raw\pump\id_06\normal\00000338.wav
data/processed\06_normal_00000339.npy,06,normal,0,data/raw\pump\id_06\normal\00000339.wav
data/processed\06_normal_00000340.npy,06,normal,0,data/raw\pump\id_06\normal\00000340.wav
data/processed\06_normal_00000341.npy,06,normal,0,data/raw\pump\id_06\normal\00000341.wav
data/processed\06_normal_00000342.npy,06,normal,0,data/raw\pump\id_06\normal\00000342.wav
data/processed\06_normal_00000343.npy,06,normal,0,data/raw\pump\id_06\normal\00000343.wav
data/processed\06_normal_00000344.npy,06,normal,0,data/raw\pump\id_06\normal\00000344.wav
data/processed\06_normal_00000345.npy,06,normal,0,data/raw\pump\id_06\normal\00000345.wav
data/processed\06_normal_00000346.npy,06,normal,0,data/raw\pump\id_06\normal\00000346.wav
data/processed\06_normal_00000347.npy,06,normal,0,data/raw\pump\id_06\normal\00000347.wav
data/processed\06_normal_00000348.npy,06,normal,0,data/raw\pump\id_06\normal\00000348.wav
data/processed\06_normal_00000349.npy,06,normal,0,data/raw\pump\id_06\normal\00000349.wav
data/processed\06_normal_00000350.npy,06,normal,0,data/raw\pump\id_06\normal\00000350.wav
data/processed\06_normal_00000351.npy,06,normal,0,data/raw\pump\id_06\normal\00000351.wav
data/processed\06_normal_00000352.npy,06,normal,0,data/raw\pump\id_06\normal\00000352.wav
data/processed\06_normal_00000353.npy,06,normal,0,data/raw\pump\id_06\normal\00000353.wav
data/processed\06_normal_00000354.npy,06,normal,0,data/raw\pump\id_06\normal\00000354.wav
data/processed\06_normal_00000355.npy,06,normal,0,data/raw\pump\id_06\normal\00000355.wav
data/processed\06_normal_00000356.npy,06,normal,0,data/raw\pump\id_06\normal\00000356.wav
data/processed\06_normal_00000357.npy,06,normal,0,data/raw\pump\id_06\normal\00000357.wav
data/processed\06_normal_00000358.npy,06,normal,0,data/raw\pump\id_06\normal\00000358.wav
data/processed\06_normal_00000359.npy,06,normal,0,data/raw\pump\id_06\normal\00000359.wav
data/processed\06_normal_00000360.npy,06,normal,0,data/raw\pump\id_06\normal\00000360.wav
data/processed\06_normal_00000361.npy,06,normal,0,data/raw\pump\id_06\normal\00000361.wav
data/processed\06_normal_00000362.npy,06,normal,0,data/raw\pump\id_06\normal\00000362.wav
data/processed\06_normal_00000363.npy,06,normal,0,data/raw\pump\id_06\normal\00000363.wav
data/processed\06_normal_00000364.npy,06,normal,0,data/raw\pump\id_06\normal\00000364.wav
data/processed\06_normal_00000365.npy,06,normal,0,data/raw\pump\id_06\normal\00000365.wav
data/processed\06_normal_00000366.npy,06,normal,0,data/raw\pump\id_06\normal\00000366.wav
data/processed\06_normal_00000367.npy,06,normal,0,data/raw\pump\id_06\normal\00000367.wav
data/processed\06_normal_00000368.npy,06,normal,0,data/raw\pump\id_06\normal\00000368.wav
data/processed\06_normal_00000369.npy,06,normal,0,data/raw\pump\id_06\normal\00000369.wav
data/processed\06_normal_00000370.npy,06,normal,0,data/raw\pump\id_06\normal\00000370.wav
data/processed\06_normal_00000371.npy,06,normal,0,data/raw\pump\id_06\normal\00000371.wav
data/processed\06_normal_00000372.npy,06,normal,0,data/raw\pump\id_06\normal\00000372.wav
data/processed\06_normal_00000373.npy,06,normal,0,data/raw\pump\id_06\normal\00000373.wav
data/processed\06_normal_00000374.npy,06,normal,0,data/raw\pump\id_06\normal\00000374.wav
data/processed\06_normal_00000375.npy,06,normal,0,data/raw\pump\id_06\normal\00000375.wav
data/processed\06_normal_00000376.npy,06,normal,0,data/raw\pump\id_06\normal\00000376.wav
data/processed\06_normal_00000377.npy,06,normal,0,data/raw\pump\id_06\normal\00000377.wav
data/processed\06_normal_00000378.npy,06,normal,0,data/raw\pump\id_06\normal\00000378.wav
data/processed\06_normal_00000379.npy,06,normal,0,data/raw\pump\id_06\normal\00000379.wav
data/processed\06_normal_00000380.npy,06,normal,0,data/raw\pump\id_06\normal\00000380.wav
data/processed\06_normal_00000381.npy,06,normal,0,data/raw\pump\id_06\normal\00000381.wav
data/processed\06_normal_00000382.npy,06,normal,0,data/raw\pump\id_06\normal\00000382.wav
data/processed\06_normal_00000383.npy,06,normal,0,data/raw\pump\id_06\normal\00000383.wav
data/processed\06_normal_00000384.npy,06,normal,0,data/raw\pump\id_06\normal\00000384.wav
data/processed\06_normal_00000385.npy,06,normal,0,data/raw\pump\id_06\normal\00000385.wav
data/processed\06_normal_00000386.npy,06,normal,0,data/raw\pump\id_06\normal\00000386.wav
data/processed\06_normal_00000387.npy,06,normal,0,data/raw\pump\id_06\normal\00000387.wav
data/processed\06_normal_00000388.npy,06,normal,0,data/raw\pump\id_06\normal\00000388.wav
data/processed\06_normal_00000389.npy,06,normal,0,data/raw\pump\id_06\normal\00000389.wav
data/processed\06_normal_00000390.npy,06,normal,0,data/raw\pump\id_06\normal\00000390.wav
data/processed\06_normal_00000391.npy,06,normal,0,data/raw\pump\id_06\normal\00000391.wav
data/processed\06_normal_00000392.npy,06,normal,0,data/raw\pump\id_06\normal\00000392.wav
data/processed\06_normal_00000393.npy,06,normal,0,data/raw\pump\id_06\normal\00000393.wav
data/processed\06_normal_00000394.npy,06,normal,0,data/raw\pump\id_06\normal\00000394.wav
data/processed\06_normal_00000395.npy,06,normal,0,data/raw\pump\id_06\normal\00000395.wav
data/processed\06_normal_00000396.npy,06,normal,0,data/raw\pump\id_06\normal\00000396.wav
data/processed\06_normal_00000397.npy,06,normal,0,data/raw\pump\id_06\normal\00000397.wav
data/processed\06_normal_00000398.npy,06,normal,0,data/raw\pump\id_06\normal\00000398.wav
data/processed\06_normal_00000399.npy,06,normal,0,data/raw\pump\id_06\normal\00000399.wav
data/processed\06_normal_00000400.npy,06,normal,0,data/raw\pump\id_06\normal\00000400.wav
data/processed\06_normal_00000401.npy,06,normal,0,data/raw\pump\id_06\normal\00000401.wav
data/processed\06_normal_00000402.npy,06,normal,0,data/raw\pump\id_06\normal\00000402.wav
data/processed\06_normal_00000403.npy,06,normal,0,data/raw\pump\id_06\normal\00000403.wav
data/processed\06_normal_00000404.npy,06,normal,0,data/raw\pump\id_06\normal\00000404.wav
data/processed\06_normal_00000405.npy,06,normal,0,data/raw\pump\id_06\normal\00000405.wav
data/processed\06_normal_00000406.npy,06,normal,0,data/raw\pump\id_06\normal\00000406.wav
data/processed\06_normal_00000407.npy,06,normal,0,data/raw\pump\id_06\normal\00000407.wav
data/processed\06_normal_00000408.npy,06,normal,0,data/raw\pump\id_06\normal\00000408.wav
data/processed\06_normal_00000409.npy,06,normal,0,data/raw\pump\id_06\normal\00000409.wav
data/processed\06_normal_00000410.npy,06,normal,0,data/raw\pump\id_06\normal\00000410.wav
data/processed\06_normal_00000411.npy,06,normal,0,data/raw\pump\id_06\normal\00000411.wav
data/processed\06_normal_00000412.npy,06,normal,0,data/raw\pump\id_06\normal\00000412.wav
data/processed\06_normal_00000413.npy,06,normal,0,data/raw\pump\id_06\normal\00000413.wav
data/processed\06_normal_00000414.npy,06,normal,0,data/raw\pump\id_06\normal\00000414.wav
data/processed\06_normal_00000415.npy,06,normal,0,data/raw\pump\id_06\normal\00000415.wav
data/processed\06_normal_00000416.npy,06,normal,0,data/raw\pump\id_06\normal\00000416.wav
data/processed\06_normal_00000417.npy,06,normal,0,data/raw\pump\id_06\normal\00000417.wav
data/processed\06_normal_00000418.npy,06,normal,0,data/raw\pump\id_06\normal\00000418.wav
data/processed\06_normal_00000419.npy,06,normal,0,data/raw\pump\id_06\normal\00000419.wav
data/processed\06_normal_00000420.npy,06,normal,0,data/raw\pump\id_06\normal\00000420.wav
data/processed\06_normal_00000421.npy,06,normal,0,data/raw\pump\id_06\normal\00000421.wav
data/processed\06_normal_00000422.npy,06,normal,0,data/raw\pump\id_06\normal\00000422.wav
data/processed\06_normal_00000423.npy,06,normal,0,data/raw\pump\id_06\normal\00000423.wav
data/processed\06_normal_00000424.npy,06,normal,0,data/raw\pump\id_06\normal\00000424.wav
data/processed\06_normal_00000425.npy,06,normal,0,data/raw\pump\id_06\normal\00000425.wav
data/processed\06_normal_00000426.npy,06,normal,0,data/raw\pump\id_06\normal\00000426.wav
data/processed\06_normal_00000427.npy,06,normal,0,data/raw\pump\id_06\normal\00000427.wav
data/processed\06_normal_00000428.npy,06,normal,0,data/raw\pump\id_06\normal\00000428.wav
data/processed\06_normal_00000429.npy,06,normal,0,data/raw\pump\id_06\normal\00000429.wav
data/processed\06_normal_00000430.npy,06,normal,0,data/raw\pump\id_06\normal\00000430.wav
data/processed\06_normal_00000431.npy,06,normal,0,data/raw\pump\id_06\normal\00000431.wav
data/processed\06_normal_00000432.npy,06,normal,0,data/raw\pump\id_06\normal\00000432.wav
data/processed\06_normal_00000433.npy,06,normal,0,data/raw\pump\id_06\normal\00000433.wav
data/processed\06_normal_00000434.npy,06,normal,0,data/raw\pump\id_06\normal\00000434.wav
data/processed\06_normal_00000435.npy,06,normal,0,data/raw\pump\id_06\normal\00000435.wav
data/processed\06_normal_00000436.npy,06,normal,0,data/raw\pump\id_06\normal\00000436.wav
data/processed\06_normal_00000437.npy,06,normal,0,data/raw\pump\id_06\normal\00000437.wav
data/processed\06_normal_00000438.npy,06,normal,0,data/raw\pump\id_06\normal\00000438.wav
data/processed\06_normal_00000439.npy,06,normal,0,data/raw\pump\id_06\normal\00000439.wav
data/processed\06_normal_00000440.npy,06,normal,0,data/raw\pump\id_06\normal\00000440.wav
data/processed\06_normal_00000441.npy,06,normal,0,data/raw\pump\id_06\normal\00000441.wav
data/processed\06_normal_00000442.npy,06,normal,0,data/raw\pump\id_06\normal\00000442.wav
data/processed\06_normal_00000443.npy,06,normal,0,data/raw\pump\id_06\normal\00000443.wav
data/processed\06_normal_00000444.npy,06,normal,0,data/raw\pump\id_06\normal\00000444.wav
data/processed\06_normal_00000445.npy,06,normal,0,data/raw\pump\id_06\normal\00000445.wav
data/processed\06_normal_00000446.npy,06,normal,0,data/raw\pump\id_06\normal\00000446.wav
data/processed\06_normal_00000447.npy,06,normal,0,data/raw\pump\id_06\normal\00000447.wav
data/processed\06_normal_00000448.npy,06,normal,0,data/raw\pump\id_06\normal\00000448.wav
data/processed\06_normal_00000449.npy,06,normal,0,data/raw\pump\id_06\normal\00000449.wav
data/processed\06_normal_00000450.npy,06,normal,0,data/raw\pump\id_06\normal\00000450.wav
data/processed\06_normal_00000451.npy,06,normal,0,data/raw\pump\id_06\normal\00000451.wav
data/processed\06_normal_00000452.npy,06,normal,0,data/raw\pump\id_06\normal\00000452.wav
data/processed\06_normal_00000453.npy,06,normal,0,data/raw\pump\id_06\normal\00000453.wav
data/processed\06_normal_00000454.npy,06,normal,0,data/raw\pump\id_06\normal\00000454.wav
data/processed\06_normal_00000455.npy,06,normal,0,data/raw\pump\id_06\normal\00000455.wav
data/processed\06_normal_00000456.npy,06,normal,0,data/raw\pump\id_06\normal\00000456.wav
data/processed\06_normal_00000457.npy,06,normal,0,data/raw\pump\id_06\normal\00000457.wav
data/processed\06_normal_00000458.npy,06,normal,0,data/raw\pump\id_06\normal\00000458.wav
data/processed\06_normal_00000459.npy,06,normal,0,data/raw\pump\id_06\normal\00000459.wav
data/processed\06_normal_00000460.npy,06,normal,0,data/raw\pump\id_06\normal\00000460.wav
data/processed\06_normal_00000461.npy,06,normal,0,data/raw\pump\id_06\normal\00000461.wav
data/processed\06_normal_00000462.npy,06,normal,0,data/raw\pump\id_06\normal\00000462.wav
data/processed\06_normal_00000463.npy,06,normal,0,data/raw\pump\id_06\normal\00000463.wav
data/processed\06_normal_00000464.npy,06,normal,0,data/raw\pump\id_06\normal\00000464.wav
data/processed\06_normal_00000465.npy,06,normal,0,data/raw\pump\id_06\normal\00000465.wav
data/processed\06_normal_00000466.npy,06,normal,0,data/raw\pump\id_06\normal\00000466.wav
data/processed\06_normal_00000467.npy,06,normal,0,data/raw\pump\id_06\normal\00000467.wav
data/processed\06_normal_00000468.npy,06,normal,0,data/raw\pump\id_06\normal\00000468.wav
data/processed\06_normal_00000469.npy,06,normal,0,data/raw\pump\id_06\normal\00000469.wav
data/processed\06_normal_00000470.npy,06,normal,0,data/raw\pump\id_06\normal\00000470.wav
data/processed\06_normal_00000471.npy,06,normal,0,data/raw\pump\id_06\normal\00000471.wav
data/processed\06_normal_00000472.npy,06,normal,0,data/raw\pump\id_06\normal\00000472.wav
data/processed\06_normal_00000473.npy,06,normal,0,data/raw\pump\id_06\normal\00000473.wav
data/processed\06_normal_00000474.npy,06,normal,0,data/raw\pump\id_06\normal\00000474.wav
data/processed\06_normal_00000475.npy,06,normal,0,data/raw\pump\id_06\normal\00000475.wav
data/processed\06_normal_00000476.npy,06,normal,0,data/raw\pump\id_06\normal\00000476.wav
data/processed\06_normal_00000477.npy,06,normal,0,data/raw\pump\id_06\normal\00000477.wav
data/processed\06_normal_00000478.npy,06,normal,0,data/raw\pump\id_06\normal\00000478.wav
data/processed\06_normal_00000479.npy,06,normal,0,data/raw\pump\id_06\normal\00000479.wav
data/processed\06_normal_00000480.npy,06,normal,0,data/raw\pump\id_06\normal\00000480.wav
data/processed\06_normal_00000481.npy,06,normal,0,data/raw\pump\id_06\normal\00000481.wav
data/processed\06_normal_00000482.npy,06,normal,0,data/raw\pump\id_06\normal\00000482.wav
data/processed\06_normal_00000483.npy,06,normal,0,data/raw\pump\id_06\normal\00000483.wav
data/processed\06_normal_00000484.npy,06,normal,0,data/raw\pump\id_06\normal\00000484.wav
data/processed\06_normal_00000485.npy,06,normal,0,data/raw\pump\id_06\normal\00000485.wav
data/processed\06_normal_00000486.npy,06,normal,0,data/raw\pump\id_06\normal\00000486.wav
data/processed\06_normal_00000487.npy,06,normal,0,data/raw\pump\id_06\normal\00000487.wav
data/processed\06_normal_00000488.npy,06,normal,0,data/raw\pump\id_06\normal\00000488.wav
data/processed\06_normal_00000489.npy,06,normal,0,data/raw\pump\id_06\normal\00000489.wav
data/processed\06_normal_00000490.npy,06,normal,0,data/raw\pump\id_06\normal\00000490.wav
data/processed\06_normal_00000491.npy,06,normal,0,data/raw\pump\id_06\normal\00000491.wav
data/processed\06_normal_00000492.npy,06,normal,0,data/raw\pump\id_06\normal\00000492.wav
data/processed\06_normal_00000493.npy,06,normal,0,data/raw\pump\id_06\normal\00000493.wav
data/processed\06_normal_00000494.npy,06,normal,0,data/raw\pump\id_06\normal\00000494.wav
data/processed\06_normal_00000495.npy,06,normal,0,data/raw\pump\id_06\normal\00000495.wav
data/processed\06_normal_00000496.npy,06,normal,0,data/raw\pump\id_06\normal\00000496.wav
data/processed\06_normal_00000497.npy,06,normal,0,data/raw\pump\id_06\normal\00000497.wav
data/processed\06_normal_00000498.npy,06,normal,0,data/raw\pump\id_06\normal\00000498.wav
data/processed\06_normal_00000499.npy,06,normal,0,data/raw\pump\id_06\normal\00000499.wav
data/processed\06_normal_00000500.npy,06,normal,0,data/raw\pump\id_06\normal\00000500.wav
data/processed\06_normal_00000501.npy,06,normal,0,data/raw\pump\id_06\normal\00000501.wav
data/processed\06_normal_00000502.npy,06,normal,0,data/raw\pump\id_06\normal\00000502.wav
data/processed\06_normal_00000503.npy,06,normal,0,data/raw\pump\id_06\normal\00000503.wav
data/processed\06_normal_00000504.npy,06,normal,0,data/raw\pump\id_06\normal\00000504.wav
data/processed\06_normal_00000505.npy,06,normal,0,data/raw\pump\id_06\normal\00000505.wav
data/processed\06_normal_00000506.npy,06,normal,0,data/raw\pump\id_06\normal\00000506.wav
data/processed\06_normal_00000507.npy,06,normal,0,data/raw\pump\id_06\normal\00000507.wav
data/processed\06_normal_00000508.npy,06,normal,0,data/raw\pump\id_06\normal\00000508.wav
data/processed\06_normal_00000509.npy,06,normal,0,data/raw\pump\id_06\normal\00000509.wav
data/processed\06_normal_00000510.npy,06,normal,0,data/raw\pump\id_06\normal\00000510.wav
data/processed\06_normal_00000511.npy,06,normal,0,data/raw\pump\id_06\normal\00000511.wav
data/processed\06_normal_00000512.npy,06,normal,0,data/raw\pump\id_06\normal\00000512.wav
data/processed\06_normal_00000513.npy,06,normal,0,data/raw\pump\id_06\normal\00000513.wav
data/processed\06_normal_00000514.npy,06,normal,0,data/raw\pump\id_06\normal\00000514.wav
data/processed\06_normal_00000515.npy,06,normal,0,data/raw\pump\id_06\normal\00000515.wav
data/processed\06_normal_00000516.npy,06,normal,0,data/raw\pump\id_06\normal\00000516.wav
data/processed\06_normal_00000517.npy,06,normal,0,data/raw\pump\id_06\normal\00000517.wav
data/processed\06_normal_00000518.npy,06,normal,0,data/raw\pump\id_06\normal\00000518.wav
data/processed\06_normal_00000519.npy,06,normal,0,data/raw\pump\id_06\normal\00000519.wav
data/processed\06_normal_00000520.npy,06,normal,0,data/raw\pump\id_06\normal\00000520.wav
data/processed\06_normal_00000521.npy,06,normal,0,data/raw\pump\id_06\normal\00000521.wav
data/processed\06_normal_00000522.npy,06,normal,0,data/raw\pump\id_06\normal\00000522.wav
data/processed\06_normal_00000523.npy,06,normal,0,data/raw\pump\id_06\normal\00000523.wav
data/processed\06_normal_00000524.npy,06,normal,0,data/raw\pump\id_06\normal\00000524.wav
data/processed\06_normal_00000525.npy,06,normal,0,data/raw\pump\id_06\normal\00000525.wav
data/processed\06_normal_00000526.npy,06,normal,0,data/raw\pump\id_06\normal\00000526.wav
data/processed\06_normal_00000527.npy,06,normal,0,data/raw\pump\id_06\normal\00000527.wav
data/processed\06_normal_00000528.npy,06,normal,0,data/raw\pump\id_06\normal\00000528.wav
data/processed\06_normal_00000529.npy,06,normal,0,data/raw\pump\id_06\normal\00000529.wav
data/processed\06_normal_00000530.npy,06,normal,0,data/raw\pump\id_06\normal\00000530.wav
data/processed\06_normal_00000531.npy,06,normal,0,data/raw\pump\id_06\normal\00000531.wav
data/processed\06_normal_00000532.npy,06,normal,0,data/raw\pump\id_06\normal\00000532.wav
data/processed\06_normal_00000533.npy,06,normal,0,data/raw\pump\id_06\normal\00000533.wav
data/processed\06_normal_00000534.npy,06,normal,0,data/raw\pump\id_06\normal\00000534.wav
data/processed\06_normal_00000535.npy,06,normal,0,data/raw\pump\id_06\normal\00000535.wav
data/processed\06_normal_00000536.npy,06,normal,0,data/raw\pump\id_06\normal\00000536.wav
data/processed\06_normal_00000537.npy,06,normal,0,data/raw\pump\id_06\normal\00000537.wav
data/processed\06_normal_00000538.npy,06,normal,0,data/raw\pump\id_06\normal\00000538.wav
data/processed\06_normal_00000539.npy,06,normal,0,data/raw\pump\id_06\normal\00000539.wav
data/processed\06_normal_00000540.npy,06,normal,0,data/raw\pump\id_06\normal\00000540.wav
data/processed\06_normal_00000541.npy,06,normal,0,data/raw\pump\id_06\normal\00000541.wav
data/processed\06_normal_00000542.npy,06,normal,0,data/raw\pump\id_06\normal\00000542.wav
data/processed\06_normal_00000543.npy,06,normal,0,data/raw\pump\id_06\normal\00000543.wav
data/processed\06_normal_00000544.npy,06,normal,0,data/raw\pump\id_06\normal\00000544.wav
data/processed\06_normal_00000545.npy,06,normal,0,data/raw\pump\id_06\normal\00000545.wav
data/processed\06_normal_00000546.npy,06,normal,0,data/raw\pump\id_06\normal\00000546.wav
data/processed\06_normal_00000547.npy,06,normal,0,data/raw\pump\id_06\normal\00000547.wav
data/processed\06_normal_00000548.npy,06,normal,0,data/raw\pump\id_06\normal\00000548.wav
data/processed\06_normal_00000549.npy,06,normal,0,data/raw\pump\id_06\normal\00000549.wav
data/processed\06_normal_00000550.npy,06,normal,0,data/raw\pump\id_06\normal\00000550.wav
data/processed\06_normal_00000551.npy,06,normal,0,data/raw\pump\id_06\normal\00000551.wav
data/processed\06_normal_00000552.npy,06,normal,0,data/raw\pump\id_06\normal\00000552.wav
data/processed\06_normal_00000553.npy,06,normal,0,data/raw\pump\id_06\normal\00000553.wav
data/processed\06_normal_00000554.npy,06,normal,0,data/raw\pump\id_06\normal\00000554.wav
data/processed\06_normal_00000555.npy,06,normal,0,data/raw\pump\id_06\normal\00000555.wav
data/processed\06_normal_00000556.npy,06,normal,0,data/raw\pump\id_06\normal\00000556.wav
data/processed\06_normal_00000557.npy,06,normal,0,data/raw\pump\id_06\normal\00000557.wav
data/processed\06_normal_00000558.npy,06,normal,0,data/raw\pump\id_06\normal\00000558.wav
data/processed\06_normal_00000559.npy,06,normal,0,data/raw\pump\id_06\normal\00000559.wav
data/processed\06_normal_00000560.npy,06,normal,0,data/raw\pump\id_06\normal\00000560.wav
data/processed\06_normal_00000561.npy,06,normal,0,data/raw\pump\id_06\normal\00000561.wav
data/processed\06_normal_00000562.npy,06,normal,0,data/raw\pump\id_06\normal\00000562.wav
data/processed\06_normal_00000563.npy,06,normal,0,data/raw\pump\id_06\normal\00000563.wav
data/processed\06_normal_00000564.npy,06,normal,0,data/raw\pump\id_06\normal\00000564.wav
data/processed\06_normal_00000565.npy,06,normal,0,data/raw\pump\id_06\normal\00000565.wav
data/processed\06_normal_00000566.npy,06,normal,0,data/raw\pump\id_06\normal\00000566.wav
data/processed\06_normal_00000567.npy,06,normal,0,data/raw\pump\id_06\normal\00000567.wav
data/processed\06_normal_00000568.npy,06,normal,0,data/raw\pump\id_06\normal\00000568.wav
data/processed\06_normal_00000569.npy,06,normal,0,data/raw\pump\id_06\normal\00000569.wav
data/processed\06_normal_00000570.npy,06,normal,0,data/raw\pump\id_06\normal\00000570.wav
data/processed\06_normal_00000571.npy,06,normal,0,data/raw\pump\id_06\normal\00000571.wav
data/processed\06_normal_00000572.npy,06,normal,0,data/raw\pump\id_06\normal\00000572.wav
data/processed\06_normal_00000573.npy,06,normal,0,data/raw\pump\id_06\normal\00000573.wav
data/processed\06_normal_00000574.npy,06,normal,0,data/raw\pump\id_06\normal\00000574.wav
data/processed\06_normal_00000575.npy,06,normal,0,data/raw\pump\id_06\normal\00000575.wav
data/processed\06_normal_00000576.npy,06,normal,0,data/raw\pump\id_06\normal\00000576.wav
data/processed\06_normal_00000577.npy,06,normal,0,data/raw\pump\id_06\normal\00000577.wav
data/processed\06_normal_00000578.npy,06,normal,0,data/raw\pump\id_06\normal\00000578.wav
data/processed\06_normal_00000579.npy,06,normal,0,data/raw\pump\id_06\normal\00000579.wav
data/processed\06_normal_00000580.npy,06,normal,0,data/raw\pump\id_06\normal\00000580.wav
data/processed\06_normal_00000581.npy,06,normal,0,data/raw\pump\id_06\normal\00000581.wav
data/processed\06_normal_00000582.npy,06,normal,0,data/raw\pump\id_06\normal\00000582.wav
data/processed\06_normal_00000583.npy,06,normal,0,data/raw\pump\id_06\normal\00000583.wav
data/processed\06_normal_00000584.npy,06,normal,0,data/raw\pump\id_06\normal\00000584.wav
data/processed\06_normal_00000585.npy,06,normal,0,data/raw\pump\id_06\normal\00000585.wav
data/processed\06_normal_00000586.npy,06,normal,0,data/raw\pump\id_06\normal\00000586.wav
data/processed\06_normal_00000587.npy,06,normal,0,data/raw\pump\id_06\normal\00000587.wav
data/processed\06_normal_00000588.npy,06,normal,0,data/raw\pump\id_06\normal\00000588.wav
data/processed\06_normal_00000589.npy,06,normal,0,data/raw\pump\id_06\normal\00000589.wav
data/processed\06_normal_00000590.npy,06,normal,0,data/raw\pump\id_06\normal\00000590.wav
data/processed\06_normal_00000591.npy,06,normal,0,data/raw\pump\id_06\normal\00000591.wav
data/processed\06_normal_00000592.npy,06,normal,0,data/raw\pump\id_06\normal\00000592.wav
data/processed\06_normal_00000593.npy,06,normal,0,data/raw\pump\id_06\normal\00000593.wav
data/processed\06_normal_00000594.npy,06,normal,0,data/raw\pump\id_06\normal\00000594.wav
data/processed\06_normal_00000595.npy,06,normal,0,data/raw\pump\id_06\normal\00000595.wav
data/processed\06_normal_00000596.npy,06,normal,0,data/raw\pump\id_06\normal\00000596.wav
data/processed\06_normal_00000597.npy,06,normal,0,data/raw\pump\id_06\normal\00000597.wav
data/processed\06_normal_00000598.npy,06,normal,0,data/raw\pump\id_06\normal\00000598.wav
data/processed\06_normal_00000599.npy,06,normal,0,data/raw\pump\id_06\normal\00000599.wav
data/processed\06_normal_00000600.npy,06,normal,0,data/raw\pump\id_06\normal\00000600.wav
data/processed\06_normal_00000601.npy,06,normal,0,data/raw\pump\id_06\normal\00000601.wav
data/processed\06_normal_00000602.npy,06,normal,0,data/raw\pump\id_06\normal\00000602.wav
data/processed\06_normal_00000603.npy,06,normal,0,data/raw\pump\id_06\normal\00000603.wav
data/processed\06_normal_00000604.npy,06,normal,0,data/raw\pump\id_06\normal\00000604.wav
data/processed\06_normal_00000605.npy,06,normal,0,data/raw\pump\id_06\normal\00000605.wav
data/processed\06_normal_00000606.npy,06,normal,0,data/raw\pump\id_06\normal\00000606.wav
data/processed\06_normal_00000607.npy,06,normal,0,data/raw\pump\id_06\normal\00000607.wav
data/processed\06_normal_00000608.npy,06,normal,0,data/raw\pump\id_06\normal\00000608.wav
data/processed\06_normal_00000609.npy,06,normal,0,data/raw\pump\id_06\normal\00000609.wav
data/processed\06_normal_00000610.npy,06,normal,0,data/raw\pump\id_06\normal\00000610.wav
data/processed\06_normal_00000611.npy,06,normal,0,data/raw\pump\id_06\normal\00000611.wav
data/processed\06_normal_00000612.npy,06,normal,0,data/raw\pump\id_06\normal\00000612.wav
data/processed\06_normal_00000613.npy,06,normal,0,data/raw\pump\id_06\normal\00000613.wav
data/processed\06_normal_00000614.npy,06,normal,0,data/raw\pump\id_06\normal\00000614.wav
data/processed\06_normal_00000615.npy,06,normal,0,data/raw\pump\id_06\normal\00000615.wav
data/processed\06_normal_00000616.npy,06,normal,0,data/raw\pump\id_06\normal\00000616.wav
data/processed\06_normal_00000617.npy,06,normal,0,data/raw\pump\id_06\normal\00000617.wav
data/processed\06_normal_00000618.npy,06,normal,0,data/raw\pump\id_06\normal\00000618.wav
data/processed\06_normal_00000619.npy,06,normal,0,data/raw\pump\id_06\normal\00000619.wav
data/processed\06_normal_00000620.npy,06,normal,0,data/raw\pump\id_06\normal\00000620.wav
data/processed\06_normal_00000621.npy,06,normal,0,data/raw\pump\id_06\normal\00000621.wav
data/processed\06_normal_00000622.npy,06,normal,0,data/raw\pump\id_06\normal\00000622.wav
data/processed\06_normal_00000623.npy,06,normal,0,data/raw\pump\id_06\normal\00000623.wav
data/processed\06_normal_00000624.npy,06,normal,0,data/raw\pump\id_06\normal\00000624.wav
data/processed\06_normal_00000625.npy,06,normal,0,data/raw\pump\id_06\normal\00000625.wav
data/processed\06_normal_00000626.npy,06,normal,0,data/raw\pump\id_06\normal\00000626.wav
data/processed\06_normal_00000627.npy,06,normal,0,data/raw\pump\id_06\normal\00000627.wav
data/processed\06_normal_00000628.npy,06,normal,0,data/raw\pump\id_06\normal\00000628.wav
data/processed\06_normal_00000629.npy,06,normal,0,data/raw\pump\id_06\normal\00000629.wav
data/processed\06_normal_00000630.npy,06,normal,0,data/raw\pump\id_06\normal\00000630.wav
data/processed\06_normal_00000631.npy,06,normal,0,data/raw\pump\id_06\normal\00000631.wav
data/processed\06_normal_00000632.npy,06,normal,0,data/raw\pump\id_06\normal\00000632.wav
data/processed\06_normal_00000633.npy,06,normal,0,data/raw\pump\id_06\normal\00000633.wav
data/processed\06_normal_00000634.npy,06,normal,0,data/raw\pump\id_06\normal\00000634.wav
data/processed\06_normal_00000635.npy,06,normal,0,data/raw\pump\id_06\normal\00000635.wav
data/processed\06_normal_00000636.npy,06,normal,0,data/raw\pump\id_06\normal\00000636.wav
data/processed\06_normal_00000637.npy,06,normal,0,data/raw\pump\id_06\normal\00000637.wav
data/processed\06_normal_00000638.npy,06,normal,0,data/raw\pump\id_06\normal\00000638.wav
data/processed\06_normal_00000639.npy,06,normal,0,data/raw\pump\id_06\normal\00000639.wav
data/processed\06_normal_00000640.npy,06,normal,0,data/raw\pump\id_06\normal\00000640.wav
data/processed\06_normal_00000641.npy,06,normal,0,data/raw\pump\id_06\normal\00000641.wav
data/processed\06_normal_00000642.npy,06,normal,0,data/raw\pump\id_06\normal\00000642.wav
data/processed\06_normal_00000643.npy,06,normal,0,data/raw\pump\id_06\normal\00000643.wav
data/processed\06_normal_00000644.npy,06,normal,0,data/raw\pump\id_06\normal\00000644.wav
data/processed\06_normal_00000645.npy,06,normal,0,data/raw\pump\id_06\normal\00000645.wav
data/processed\06_normal_00000646.npy,06,normal,0,data/raw\pump\id_06\normal\00000646.wav
data/processed\06_normal_00000647.npy,06,normal,0,data/raw\pump\id_06\normal\00000647.wav
data/processed\06_normal_00000648.npy,06,normal,0,data/raw\pump\id_06\normal\00000648.wav
data/processed\06_normal_00000649.npy,06,normal,0,data/raw\pump\id_06\normal\00000649.wav
data/processed\06_normal_00000650.npy,06,normal,0,data/raw\pump\id_06\normal\00000650.wav
data/processed\06_normal_00000651.npy,06,normal,0,data/raw\pump\id_06\normal\00000651.wav
data/processed\06_normal_00000652.npy,06,normal,0,data/raw\pump\id_06\normal\00000652.wav
data/processed\06_normal_00000653.npy,06,normal,0,data/raw\pump\id_06\normal\00000653.wav
data/processed\06_normal_00000654.npy,06,normal,0,data/raw\pump\id_06\normal\00000654.wav
data/processed\06_normal_00000655.npy,06,normal,0,data/raw\pump\id_06\normal\00000655.wav
data/processed\06_normal_00000656.npy,06,normal,0,data/raw\pump\id_06\normal\00000656.wav
data/processed\06_normal_00000657.npy,06,normal,0,data/raw\pump\id_06\normal\00000657.wav
data/processed\06_normal_00000658.npy,06,normal,0,data/raw\pump\id_06\normal\00000658.wav
data/processed\06_normal_00000659.npy,06,normal,0,data/raw\pump\id_06\normal\00000659.wav
data/processed\06_normal_00000660.npy,06,normal,0,data/raw\pump\id_06\normal\00000660.wav
data/processed\06_normal_00000661.npy,06,normal,0,data/raw\pump\id_06\normal\00000661.wav
data/processed\06_normal_00000662.npy,06,normal,0,data/raw\pump\id_06\normal\00000662.wav
data/processed\06_normal_00000663.npy,06,normal,0,data/raw\pump\id_06\normal\00000663.wav
data/processed\06_normal_00000664.npy,06,normal,0,data/raw\pump\id_06\normal\00000664.wav
data/processed\06_normal_00000665.npy,06,normal,0,data/raw\pump\id_06\normal\00000665.wav
data/processed\06_normal_00000666.npy,06,normal,0,data/raw\pump\id_06\normal\00000666.wav
data/processed\06_normal_00000667.npy,06,normal,0,data/raw\pump\id_06\normal\00000667.wav
data/processed\06_normal_00000668.npy,06,normal,0,data/raw\pump\id_06\normal\00000668.wav
data/processed\06_normal_00000669.npy,06,normal,0,data/raw\pump\id_06\normal\00000669.wav
data/processed\06_normal_00000670.npy,06,normal,0,data/raw\pump\id_06\normal\00000670.wav
data/processed\06_normal_00000671.npy,06,normal,0,data/raw\pump\id_06\normal\00000671.wav
data/processed\06_normal_00000672.npy,06,normal,0,data/raw\pump\id_06\normal\00000672.wav
data/processed\06_normal_00000673.npy,06,normal,0,data/raw\pump\id_06\normal\00000673.wav
data/processed\06_normal_00000674.npy,06,normal,0,data/raw\pump\id_06\normal\00000674.wav
data/processed\06_normal_00000675.npy,06,normal,0,data/raw\pump\id_06\normal\00000675.wav
data/processed\06_normal_00000676.npy,06,normal,0,data/raw\pump\id_06\normal\00000676.wav
data/processed\06_normal_00000677.npy,06,normal,0,data/raw\pump\id_06\normal\00000677.wav
data/processed\06_normal_00000678.npy,06,normal,0,data/raw\pump\id_06\normal\00000678.wav
data/processed\06_normal_00000679.npy,06,normal,0,data/raw\pump\id_06\normal\00000679.wav
data/processed\06_normal_00000680.npy,06,normal,0,data/raw\pump\id_06\normal\00000680.wav
data/processed\06_normal_00000681.npy,06,normal,0,data/raw\pump\id_06\normal\00000681.wav
data/processed\06_normal_00000682.npy,06,normal,0,data/raw\pump\id_06\normal\00000682.wav
data/processed\06_normal_00000683.npy,06,normal,0,data/raw\pump\id_06\normal\00000683.wav
data/processed\06_normal_00000684.npy,06,normal,0,data/raw\pump\id_06\normal\00000684.wav
data/processed\06_normal_00000685.npy,06,normal,0,data/raw\pump\id_06\normal\00000685.wav
data/processed\06_normal_00000686.npy,06,normal,0,data/raw\pump\id_06\normal\00000686.wav
data/processed\06_normal_00000687.npy,06,normal,0,data/raw\pump\id_06\normal\00000687.wav
data/processed\06_normal_00000688.npy,06,normal,0,data/raw\pump\id_06\normal\00000688.wav
data/processed\06_normal_00000689.npy,06,normal,0,data/raw\pump\id_06\normal\00000689.wav
data/processed\06_normal_00000690.npy,06,normal,0,data/raw\pump\id_06\normal\00000690.wav
data/processed\06_normal_00000691.npy,06,normal,0,data/raw\pump\id_06\normal\00000691.wav
data/processed\06_normal_00000692.npy,06,normal,0,data/raw\pump\id_06\normal\00000692.wav
data/processed\06_normal_00000693.npy,06,normal,0,data/raw\pump\id_06\normal\00000693.wav
data/processed\06_normal_00000694.npy,06,normal,0,data/raw\pump\id_06\normal\00000694.wav
data/processed\06_normal_00000695.npy,06,normal,0,data/raw\pump\id_06\normal\00000695.wav
data/processed\06_normal_00000696.npy,06,normal,0,data/raw\pump\id_06\normal\00000696.wav
data/processed\06_normal_00000697.npy,06,normal,0,data/raw\pump\id_06\normal\00000697.wav
data/processed\06_normal_00000698.npy,06,normal,0,data/raw\pump\id_06\normal\00000698.wav
data/processed\06_normal_00000699.npy,06,normal,0,data/raw\pump\id_06\normal\00000699.wav
data/processed\06_normal_00000700.npy,06,normal,0,data/raw\pump\id_06\normal\00000700.wav
data/processed\06_normal_00000701.npy,06,normal,0,data/raw\pump\id_06\normal\00000701.wav
data/processed\06_normal_00000702.npy,06,normal,0,data/raw\pump\id_06\normal\00000702.wav
data/processed\06_normal_00000703.npy,06,normal,0,data/raw\pump\id_06\normal\00000703.wav
data/processed\06_normal_00000704.npy,06,normal,0,data/raw\pump\id_06\normal\00000704.wav
data/processed\06_normal_00000705.npy,06,normal,0,data/raw\pump\id_06\normal\00000705.wav
data/processed\06_normal_00000706.npy,06,normal,0,data/raw\pump\id_06\normal\00000706.wav
data/processed\06_normal_00000707.npy,06,normal,0,data/raw\pump\id_06\normal\00000707.wav
data/processed\06_normal_00000708.npy,06,normal,0,data/raw\pump\id_06\normal\00000708.wav
data/processed\06_normal_00000709.npy,06,normal,0,data/raw\pump\id_06\normal\00000709.wav
data/processed\06_normal_00000710.npy,06,normal,0,data/raw\pump\id_06\normal\00000710.wav
data/processed\06_normal_00000711.npy,06,normal,0,data/raw\pump\id_06\normal\00000711.wav
data/processed\06_normal_00000712.npy,06,normal,0,data/raw\pump\id_06\normal\00000712.wav
data/processed\06_normal_00000713.npy,06,normal,0,data/raw\pump\id_06\normal\00000713.wav
data/processed\06_normal_00000714.npy,06,normal,0,data/raw\pump\id_06\normal\00000714.wav
data/processed\06_normal_00000715.npy,06,normal,0,data/raw\pump\id_06\normal\00000715.wav
data/processed\06_normal_00000716.npy,06,normal,0,data/raw\pump\id_06\normal\00000716.wav
data/processed\06_normal_00000717.npy,06,normal,0,data/raw\pump\id_06\normal\00000717.wav
data/processed\06_normal_00000718.npy,06,normal,0,data/raw\pump\id_06\normal\00000718.wav
data/processed\06_normal_00000719.npy,06,normal,0,data/raw\pump\id_06\normal\00000719.wav
data/processed\06_normal_00000720.npy,06,normal,0,data/raw\pump\id_06\normal\00000720.wav
data/processed\06_normal_00000721.npy,06,normal,0,data/raw\pump\id_06\normal\00000721.wav
data/processed\06_normal_00000722.npy,06,normal,0,data/raw\pump\id_06\normal\00000722.wav
data/processed\06_normal_00000723.npy,06,normal,0,data/raw\pump\id_06\normal\00000723.wav
data/processed\06_normal_00000724.npy,06,normal,0,data/raw\pump\id_06\normal\00000724.wav
data/processed\06_normal_00000725.npy,06,normal,0,data/raw\pump\id_06\normal\00000725.wav
data/processed\06_normal_00000726.npy,06,normal,0,data/raw\pump\id_06\normal\00000726.wav
data/processed\06_normal_00000727.npy,06,normal,0,data/raw\pump\id_06\normal\00000727.wav
data/processed\06_normal_00000728.npy,06,normal,0,data/raw\pump\id_06\normal\00000728.wav
data/processed\06_normal_00000729.npy,06,normal,0,data/raw\pump\id_06\normal\00000729.wav
data/processed\06_normal_00000730.npy,06,normal,0,data/raw\pump\id_06\normal\00000730.wav
data/processed\06_normal_00000731.npy,06,normal,0,data/raw\pump\id_06\normal\00000731.wav
data/processed\06_normal_00000732.npy,06,normal,0,data/raw\pump\id_06\normal\00000732.wav
data/processed\06_normal_00000733.npy,06,normal,0,data/raw\pump\id_06\normal\00000733.wav
data/processed\06_normal_00000734.npy,06,normal,0,data/raw\pump\id_06\normal\00000734.wav
data/processed\06_normal_00000735.npy,06,normal,0,data/raw\pump\id_06\normal\00000735.wav
data/processed\06_normal_00000736.npy,06,normal,0,data/raw\pump\id_06\normal\00000736.wav
data/processed\06_normal_00000737.npy,06,normal,0,data/raw\pump\id_06\normal\00000737.wav
data/processed\06_normal_00000738.npy,06,normal,0,data/raw\pump\id_06\normal\00000738.wav
data/processed\06_normal_00000739.npy,06,normal,0,data/raw\pump\id_06\normal\00000739.wav
data/processed\06_normal_00000740.npy,06,normal,0,data/raw\pump\id_06\normal\00000740.wav
data/processed\06_normal_00000741.npy,06,normal,0,data/raw\pump\id_06\normal\00000741.wav
data/processed\06_normal_00000742.npy,06,normal,0,data/raw\pump\id_06\normal\00000742.wav
data/processed\06_normal_00000743.npy,06,normal,0,data/raw\pump\id_06\normal\00000743.wav
data/processed\06_normal_00000744.npy,06,normal,0,data/raw\pump\id_06\normal\00000744.wav
data/processed\06_normal_00000745.npy,06,normal,0,data/raw\pump\id_06\normal\00000745.wav
data/processed\06_normal_00000746.npy,06,normal,0,data/raw\pump\id_06\normal\00000746.wav
data/processed\06_normal_00000747.npy,06,normal,0,data/raw\pump\id_06\normal\00000747.wav
data/processed\06_normal_00000748.npy,06,normal,0,data/raw\pump\id_06\normal\00000748.wav
data/processed\06_normal_00000749.npy,06,normal,0,data/raw\pump\id_06\normal\00000749.wav
data/processed\06_normal_00000750.npy,06,normal,0,data/raw\pump\id_06\normal\00000750.wav
data/processed\06_normal_00000751.npy,06,normal,0,data/raw\pump\id_06\normal\00000751.wav
data/processed\06_normal_00000752.npy,06,normal,0,data/raw\pump\id_06\normal\00000752.wav
data/processed\06_normal_00000753.npy,06,normal,0,data/raw\pump\id_06\normal\00000753.wav
data/processed\06_normal_00000754.npy,06,normal,0,data/raw\pump\id_06\normal\00000754.wav
data/processed\06_normal_00000755.npy,06,normal,0,data/raw\pump\id_06\normal\00000755.wav
data/processed\06_normal_00000756.npy,06,normal,0,data/raw\pump\id_06\normal\00000756.wav
data/processed\06_normal_00000757.npy,06,normal,0,data/raw\pump\id_06\normal\00000757.wav
data/processed\06_normal_00000758.npy,06,normal,0,data/raw\pump\id_06\normal\00000758.wav
data/processed\06_normal_00000759.npy,06,normal,0,data/raw\pump\id_06\normal\00000759.wav
data/processed\06_normal_00000760.npy,06,normal,0,data/raw\pump\id_06\normal\00000760.wav
data/processed\06_normal_00000761.npy,06,normal,0,data/raw\pump\id_06\normal\00000761.wav
data/processed\06_normal_00000762.npy,06,normal,0,data/raw\pump\id_06\normal\00000762.wav
data/processed\06_normal_00000763.npy,06,normal,0,data/raw\pump\id_06\normal\00000763.wav
data/processed\06_normal_00000764.npy,06,normal,0,data/raw\pump\id_06\normal\00000764.wav
data/processed\06_normal_00000765.npy,06,normal,0,data/raw\pump\id_06\normal\00000765.wav
data/processed\06_normal_00000766.npy,06,normal,0,data/raw\pump\id_06\normal\00000766.wav
data/processed\06_normal_00000767.npy,06,normal,0,data/raw\pump\id_06\normal\00000767.wav
data/processed\06_normal_00000768.npy,06,normal,0,data/raw\pump\id_06\normal\00000768.wav
data/processed\06_normal_00000769.npy,06,normal,0,data/raw\pump\id_06\normal\00000769.wav
data/processed\06_normal_00000770.npy,06,normal,0,data/raw\pump\id_06\normal\00000770.wav
data/processed\06_normal_00000771.npy,06,normal,0,data/raw\pump\id_06\normal\00000771.wav
data/processed\06_normal_00000772.npy,06,normal,0,data/raw\pump\id_06\normal\00000772.wav
data/processed\06_normal_00000773.npy,06,normal,0,data/raw\pump\id_06\normal\00000773.wav
data/processed\06_normal_00000774.npy,06,normal,0,data/raw\pump\id_06\normal\00000774.wav
data/processed\06_normal_00000775.npy,06,normal,0,data/raw\pump\id_06\normal\00000775.wav
data/processed\06_normal_00000776.npy,06,normal,0,data/raw\pump\id_06\normal\00000776.wav
data/processed\06_normal_00000777.npy,06,normal,0,data/raw\pump\id_06\normal\00000777.wav
data/processed\06_normal_00000778.npy,06,normal,0,data/raw\pump\id_06\normal\00000778.wav
data/processed\06_normal_00000779.npy,06,normal,0,data/raw\pump\id_06\normal\00000779.wav
data/processed\06_normal_00000780.npy,06,normal,0,data/raw\pump\id_06\normal\00000780.wav
data/processed\06_normal_00000781.npy,06,normal,0,data/raw\pump\id_06\normal\00000781.wav
data/processed\06_normal_00000782.npy,06,normal,0,data/raw\pump\id_06\normal\00000782.wav
data/processed\06_normal_00000783.npy,06,normal,0,data/raw\pump\id_06\normal\00000783.wav
data/processed\06_normal_00000784.npy,06,normal,0,data/raw\pump\id_06\normal\00000784.wav
data/processed\06_normal_00000785.npy,06,normal,0,data/raw\pump\id_06\normal\00000785.wav
data/processed\06_normal_00000786.npy,06,normal,0,data/raw\pump\id_06\normal\00000786.wav
data/processed\06_normal_00000787.npy,06,normal,0,data/raw\pump\id_06\normal\00000787.wav
data/processed\06_normal_00000788.npy,06,normal,0,data/raw\pump\id_06\normal\00000788.wav
data/processed\06_normal_00000789.npy,06,normal,0,data/raw\pump\id_06\normal\00000789.wav
data/processed\06_normal_00000790.npy,06,normal,0,data/raw\pump\id_06\normal\00000790.wav
data/processed\06_normal_00000791.npy,06,normal,0,data/raw\pump\id_06\normal\00000791.wav
data/processed\06_normal_00000792.npy,06,normal,0,data/raw\pump\id_06\normal\00000792.wav
data/processed\06_normal_00000793.npy,06,normal,0,data/raw\pump\id_06\normal\00000793.wav
data/processed\06_normal_00000794.npy,06,normal,0,data/raw\pump\id_06\normal\00000794.wav
data/processed\06_normal_00000795.npy,06,normal,0,data/raw\pump\id_06\normal\00000795.wav
data/processed\06_normal_00000796.npy,06,normal,0,data/raw\pump\id_06\normal\00000796.wav
data/processed\06_normal_00000797.npy,06,normal,0,data/raw\pump\id_06\normal\00000797.wav
data/processed\06_normal_00000798.npy,06,normal,0,data/raw\pump\id_06\normal\00000798.wav
data/processed\06_normal_00000799.npy,06,normal,0,data/raw\pump\id_06\normal\00000799.wav
data/processed\06_normal_00000800.npy,06,normal,0,data/raw\pump\id_06\normal\00000800.wav
data/processed\06_normal_00000801.npy,06,normal,0,data/raw\pump\id_06\normal\00000801.wav
data/processed\06_normal_00000802.npy,06,normal,0,data/raw\pump\id_06\normal\00000802.wav
data/processed\06_normal_00000803.npy,06,normal,0,data/raw\pump\id_06\normal\00000803.wav
data/processed\06_normal_00000804.npy,06,normal,0,data/raw\pump\id_06\normal\00000804.wav
data/processed\06_normal_00000805.npy,06,normal,0,data/raw\pump\id_06\normal\00000805.wav
data/processed\06_normal_00000806.npy,06,normal,0,data/raw\pump\id_06\normal\00000806.wav
data/processed\06_normal_00000807.npy,06,normal,0,data/raw\pump\id_06\normal\00000807.wav
data/processed\06_normal_00000808.npy,06,normal,0,data/raw\pump\id_06\normal\00000808.wav
data/processed\06_normal_00000809.npy,06,normal,0,data/raw\pump\id_06\normal\00000809.wav
data/processed\06_normal_00000810.npy,06,normal,0,data/raw\pump\id_06\normal\00000810.wav
data/processed\06_normal_00000811.npy,06,normal,0,data/raw\pump\id_06\normal\00000811.wav
data/processed\06_normal_00000812.npy,06,normal,0,data/raw\pump\id_06\normal\00000812.wav
data/processed\06_normal_00000813.npy,06,normal,0,data/raw\pump\id_06\normal\00000813.wav
data/processed\06_normal_00000814.npy,06,normal,0,data/raw\pump\id_06\normal\00000814.wav
data/processed\06_normal_00000815.npy,06,normal,0,data/raw\pump\id_06\normal\00000815.wav
data/processed\06_normal_00000816.npy,06,normal,0,data/raw\pump\id_06\normal\00000816.wav
data/processed\06_normal_00000817.npy,06,normal,0,data/raw\pump\id_06\normal\00000817.wav
data/processed\06_normal_00000818.npy,06,normal,0,data/raw\pump\id_06\normal\00000818.wav
data/processed\06_normal_00000819.npy,06,normal,0,data/raw\pump\id_06\normal\00000819.wav
data/processed\06_normal_00000820.npy,06,normal,0,data/raw\pump\id_06\normal\00000820.wav
data/processed\06_normal_00000821.npy,06,normal,0,data/raw\pump\id_06\normal\00000821.wav
data/processed\06_normal_00000822.npy,06,normal,0,data/raw\pump\id_06\normal\00000822.wav
data/processed\06_normal_00000823.npy,06,normal,0,data/raw\pump\id_06\normal\00000823.wav
data/processed\06_normal_00000824.npy,06,normal,0,data/raw\pump\id_06\normal\00000824.wav
data/processed\06_normal_00000825.npy,06,normal,0,data/raw\pump\id_06\normal\00000825.wav
data/processed\06_normal_00000826.npy,06,normal,0,data/raw\pump\id_06\normal\00000826.wav
data/processed\06_normal_00000827.npy,06,normal,0,data/raw\pump\id_06\normal\00000827.wav
data/processed\06_normal_00000828.npy,06,normal,0,data/raw\pump\id_06\normal\00000828.wav
data/processed\06_normal_00000829.npy,06,normal,0,data/raw\pump\id_06\normal\00000829.wav
data/processed\06_normal_00000830.npy,06,normal,0,data/raw\pump\id_06\normal\00000830.wav
data/processed\06_normal_00000831.npy,06,normal,0,data/raw\pump\id_06\normal\00000831.wav
data/processed\06_normal_00000832.npy,06,normal,0,data/raw\pump\id_06\normal\00000832.wav
data/processed\06_normal_00000833.npy,06,normal,0,data/raw\pump\id_06\normal\00000833.wav
data/processed\06_normal_00000834.npy,06,normal,0,data/raw\pump\id_06\normal\00000834.wav
data/processed\06_normal_00000835.npy,06,normal,0,data/raw\pump\id_06\normal\00000835.wav
data/processed\06_normal_00000836.npy,06,normal,0,data/raw\pump\id_06\normal\00000836.wav
data/processed\06_normal_00000837.npy,06,normal,0,data/raw\pump\id_06\normal\00000837.wav
data/processed\06_normal_00000838.npy,06,normal,0,data/raw\pump\id_06\normal\00000838.wav
data/processed\06_normal_00000839.npy,06,normal,0,data/raw\pump\id_06\normal\00000839.wav
data/processed\06_normal_00000840.npy,06,normal,0,data/raw\pump\id_06\normal\00000840.wav
data/processed\06_normal_00000841.npy,06,normal,0,data/raw\pump\id_06\normal\00000841.wav
data/processed\06_normal_00000842.npy,06,normal,0,data/raw\pump\id_06\normal\00000842.wav
data/processed\06_normal_00000843.npy,06,normal,0,data/raw\pump\id_06\normal\00000843.wav
data/processed\06_normal_00000844.npy,06,normal,0,data/raw\pump\id_06\normal\00000844.wav
data/processed\06_normal_00000845.npy,06,normal,0,data/raw\pump\id_06\normal\00000845.wav
data/processed\06_normal_00000846.npy,06,normal,0,data/raw\pump\id_06\normal\00000846.wav
data/processed\06_normal_00000847.npy,06,normal,0,data/raw\pump\id_06\normal\00000847.wav
data/processed\06_normal_00000848.npy,06,normal,0,data/raw\pump\id_06\normal\00000848.wav
data/processed\06_normal_00000849.npy,06,normal,0,data/raw\pump\id_06\normal\00000849.wav
data/processed\06_normal_00000850.npy,06,normal,0,data/raw\pump\id_06\normal\00000850.wav
data/processed\06_normal_00000851.npy,06,normal,0,data/raw\pump\id_06\normal\00000851.wav
data/processed\06_normal_00000852.npy,06,normal,0,data/raw\pump\id_06\normal\00000852.wav
data/processed\06_normal_00000853.npy,06,normal,0,data/raw\pump\id_06\normal\00000853.wav
data/processed\06_normal_00000854.npy,06,normal,0,data/raw\pump\id_06\normal\00000854.wav
data/processed\06_normal_00000855.npy,06,normal,0,data/raw\pump\id_06\normal\00000855.wav
data/processed\06_normal_00000856.npy,06,normal,0,data/raw\pump\id_06\normal\00000856.wav
data/processed\06_normal_00000857.npy,06,normal,0,data/raw\pump\id_06\normal\00000857.wav
data/processed\06_normal_00000858.npy,06,normal,0,data/raw\pump\id_06\normal\00000858.wav
data/processed\06_normal_00000859.npy,06,normal,0,data/raw\pump\id_06\normal\00000859.wav
data/processed\06_normal_00000860.npy,06,normal,0,data/raw\pump\id_06\normal\00000860.wav
data/processed\06_normal_00000861.npy,06,normal,0,data/raw\pump\id_06\normal\00000861.wav
data/processed\06_normal_00000862.npy,06,normal,0,data/raw\pump\id_06\normal\00000862.wav
data/processed\06_normal_00000863.npy,06,normal,0,data/raw\pump\id_06\normal\00000863.wav
data/processed\06_normal_00000864.npy,06,normal,0,data/raw\pump\id_06\normal\00000864.wav
data/processed\06_normal_00000865.npy,06,normal,0,data/raw\pump\id_06\normal\00000865.wav
data/processed\06_normal_00000866.npy,06,normal,0,data/raw\pump\id_06\normal\00000866.wav
data/processed\06_normal_00000867.npy,06,normal,0,data/raw\pump\id_06\normal\00000867.wav
data/processed\06_normal_00000868.npy,06,normal,0,data/raw\pump\id_06\normal\00000868.wav
data/processed\06_normal_00000869.npy,06,normal,0,data/raw\pump\id_06\normal\00000869.wav
data/processed\06_normal_00000870.npy,06,normal,0,data/raw\pump\id_06\normal\00000870.wav
data/processed\06_normal_00000871.npy,06,normal,0,data/raw\pump\id_06\normal\00000871.wav
data/processed\06_normal_00000872.npy,06,normal,0,data/raw\pump\id_06\normal\00000872.wav
data/processed\06_normal_00000873.npy,06,normal,0,data/raw\pump\id_06\normal\00000873.wav
data/processed\06_normal_00000874.npy,06,normal,0,data/raw\pump\id_06\normal\00000874.wav
data/processed\06_normal_00000875.npy,06,normal,0,data/raw\pump\id_06\normal\00000875.wav
data/processed\06_normal_00000876.npy,06,normal,0,data/raw\pump\id_06\normal\00000876.wav
data/processed\06_normal_00000877.npy,06,normal,0,data/raw\pump\id_06\normal\00000877.wav
data/processed\06_normal_00000878.npy,06,normal,0,data/raw\pump\id_06\normal\00000878.wav
data/processed\06_normal_00000879.npy,06,normal,0,data/raw\pump\id_06\normal\00000879.wav
data/processed\06_normal_00000880.npy,06,normal,0,data/raw\pump\id_06\normal\00000880.wav
data/processed\06_normal_00000881.npy,06,normal,0,data/raw\pump\id_06\normal\00000881.wav
data/processed\06_normal_00000882.npy,06,normal,0,data/raw\pump\id_06\normal\00000882.wav
data/processed\06_normal_00000883.npy,06,normal,0,data/raw\pump\id_06\normal\00000883.wav
data/processed\06_normal_00000884.npy,06,normal,0,data/raw\pump\id_06\normal\00000884.wav
data/processed\06_normal_00000885.npy,06,normal,0,data/raw\pump\id_06\normal\00000885.wav
data/processed\06_normal_00000886.npy,06,normal,0,data/raw\pump\id_06\normal\00000886.wav
data/processed\06_normal_00000887.npy,06,normal,0,data/raw\pump\id_06\normal\00000887.wav
data/processed\06_normal_00000888.npy,06,normal,0,data/raw\pump\id_06\normal\00000888.wav
data/processed\06_normal_00000889.npy,06,normal,0,data/raw\pump\id_06\normal\00000889.wav
data/processed\06_normal_00000890.npy,06,normal,0,data/raw\pump\id_06\normal\00000890.wav
data/processed\06_normal_00000891.npy,06,normal,0,data/raw\pump\id_06\normal\00000891.wav
data/processed\06_normal_00000892.npy,06,normal,0,data/raw\pump\id_06\normal\00000892.wav
data/processed\06_normal_00000893.npy,06,normal,0,data/raw\pump\id_06\normal\00000893.wav
data/processed\06_normal_00000894.npy,06,normal,0,data/raw\pump\id_06\normal\00000894.wav
data/processed\06_normal_00000895.npy,06,normal,0,data/raw\pump\id_06\normal\00000895.wav
data/processed\06_normal_00000896.npy,06,normal,0,data/raw\pump\id_06\normal\00000896.wav
data/processed\06_normal_00000897.npy,06,normal,0,data/raw\pump\id_06\normal\00000897.wav
data/processed\06_normal_00000898.npy,06,normal,0,data/raw\pump\id_06\normal\00000898.wav
data/processed\06_normal_00000899.npy,06,normal,0,data/raw\pump\id_06\normal\00000899.wav
data/processed\06_normal_00000900.npy,06,normal,0,data/raw\pump\id_06\normal\00000900.wav
data/processed\06_normal_00000901.npy,06,normal,0,data/raw\pump\id_06\normal\00000901.wav
data/processed\06_normal_00000902.npy,06,normal,0,data/raw\pump\id_06\normal\00000902.wav
data/processed\06_normal_00000903.npy,06,normal,0,data/raw\pump\id_06\normal\00000903.wav
data/processed\06_normal_00000904.npy,06,normal,0,data/raw\pump\id_06\normal\00000904.wav
data/processed\06_normal_00000905.npy,06,normal,0,data/raw\pump\id_06\normal\00000905.wav
data/processed\06_normal_00000906.npy,06,normal,0,data/raw\pump\id_06\normal\00000906.wav
data/processed\06_normal_00000907.npy,06,normal,0,data/raw\pump\id_06\normal\00000907.wav
data/processed\06_normal_00000908.npy,06,normal,0,data/raw\pump\id_06\normal\00000908.wav
data/processed\06_normal_00000909.npy,06,normal,0,data/raw\pump\id_06\normal\00000909.wav
data/processed\06_normal_00000910.npy,06,normal,0,data/raw\pump\id_06\normal\00000910.wav
data/processed\06_normal_00000911.npy,06,normal,0,data/raw\pump\id_06\normal\00000911.wav
data/processed\06_normal_00000912.npy,06,normal,0,data/raw\pump\id_06\normal\00000912.wav
data/processed\06_normal_00000913.npy,06,normal,0,data/raw\pump\id_06\normal\00000913.wav
data/processed\06_normal_00000914.npy,06,normal,0,data/raw\pump\id_06\normal\00000914.wav
data/processed\06_normal_00000915.npy,06,normal,0,data/raw\pump\id_06\normal\00000915.wav
data/processed\06_normal_00000916.npy,06,normal,0,data/raw\pump\id_06\normal\00000916.wav
data/processed\06_normal_00000917.npy,06,normal,0,data/raw\pump\id_06\normal\00000917.wav
data/processed\06_normal_00000918.npy,06,normal,0,data/raw\pump\id_06\normal\00000918.wav
data/processed\06_normal_00000919.npy,06,normal,0,data/raw\pump\id_06\normal\00000919.wav
data/processed\06_normal_00000920.npy,06,normal,0,data/raw\pump\id_06\normal\00000920.wav
data/processed\06_normal_00000921.npy,06,normal,0,data/raw\pump\id_06\normal\00000921.wav
data/processed\06_normal_00000922.npy,06,normal,0,data/raw\pump\id_06\normal\00000922.wav
data/processed\06_normal_00000923.npy,06,normal,0,data/raw\pump\id_06\normal\00000923.wav
data/processed\06_normal_00000924.npy,06,normal,0,data/raw\pump\id_06\normal\00000924.wav
data/processed\06_normal_00000925.npy,06,normal,0,data/raw\pump\id_06\normal\00000925.wav
data/processed\06_normal_00000926.npy,06,normal,0,data/raw\pump\id_06\normal\00000926.wav
data/processed\06_normal_00000927.npy,06,normal,0,data/raw\pump\id_06\normal\00000927.wav
data/processed\06_normal_00000928.npy,06,normal,0,data/raw\pump\id_06\normal\00000928.wav
data/processed\06_normal_00000929.npy,06,normal,0,data/raw\pump\id_06\normal\00000929.wav
data/processed\06_normal_00000930.npy,06,normal,0,data/raw\pump\id_06\normal\00000930.wav
data/processed\06_normal_00000931.npy,06,normal,0,data/raw\pump\id_06\normal\00000931.wav
data/processed\06_normal_00000932.npy,06,normal,0,data/raw\pump\id_06\normal\00000932.wav
data/processed\06_normal_00000933.npy,06,normal,0,data/raw\pump\id_06\normal\00000933.wav
data/processed\06_normal_00000934.npy,06,normal,0,data/raw\pump\id_06\normal\00000934.wav
data/processed\06_normal_00000935.npy,06,normal,0,data/raw\pump\id_06\normal\00000935.wav
data/processed\06_normal_00000936.npy,06,normal,0,data/raw\pump\id_06\normal\00000936.wav
data/processed\06_normal_00000937.npy,06,normal,0,data/raw\pump\id_06\normal\00000937.wav
data/processed\06_normal_00000938.npy,06,normal,0,data/raw\pump\id_06\normal\00000938.wav
data/processed\06_normal_00000939.npy,06,normal,0,data/raw\pump\id_06\normal\00000939.wav
data/processed\06_normal_00000940.npy,06,normal,0,data/raw\pump\id_06\normal\00000940.wav
data/processed\06_normal_00000941.npy,06,normal,0,data/raw\pump\id_06\normal\00000941.wav
data/processed\06_normal_00000942.npy,06,normal,0,data/raw\pump\id_06\normal\00000942.wav
data/processed\06_normal_00000943.npy,06,normal,0,data/raw\pump\id_06\normal\00000943.wav
data/processed\06_normal_00000944.npy,06,normal,0,data/raw\pump\id_06\normal\00000944.wav
data/processed\06_normal_00000945.npy,06,normal,0,data/raw\pump\id_06\normal\00000945.wav
data/processed\06_normal_00000946.npy,06,normal,0,data/raw\pump\id_06\normal\00000946.wav
data/processed\06_normal_00000947.npy,06,normal,0,data/raw\pump\id_06\normal\00000947.wav
data/processed\06_normal_00000948.npy,06,normal,0,data/raw\pump\id_06\normal\00000948.wav
data/processed\06_normal_00000949.npy,06,normal,0,data/raw\pump\id_06\normal\00000949.wav
data/processed\06_normal_00000950.npy,06,normal,0,data/raw\pump\id_06\normal\00000950.wav
data/processed\06_normal_00000951.npy,06,normal,0,data/raw\pump\id_06\normal\00000951.wav
data/processed\06_normal_00000952.npy,06,normal,0,data/raw\pump\id_06\normal\00000952.wav
data/processed\06_normal_00000953.npy,06,normal,0,data/raw\pump\id_06\normal\00000953.wav
data/processed\06_normal_00000954.npy,06,normal,0,data/raw\pump\id_06\normal\00000954.wav
data/processed\06_normal_00000955.npy,06,normal,0,data/raw\pump\id_06\normal\00000955.wav
data/processed\06_normal_00000956.npy,06,normal,0,data/raw\pump\id_06\normal\00000956.wav
data/processed\06_normal_00000957.npy,06,normal,0,data/raw\pump\id_06\normal\00000957.wav
data/processed\06_normal_00000958.npy,06,normal,0,data/raw\pump\id_06\normal\00000958.wav
data/processed\06_normal_00000959.npy,06,normal,0,data/raw\pump\id_06\normal\00000959.wav
data/processed\06_normal_00000960.npy,06,normal,0,data/raw\pump\id_06\normal\00000960.wav
data/processed\06_normal_00000961.npy,06,normal,0,data/raw\pump\id_06\normal\00000961.wav
data/processed\06_normal_00000962.npy,06,normal,0,data/raw\pump\id_06\normal\00000962.wav
data/processed\06_normal_00000963.npy,06,normal,0,data/raw\pump\id_06\normal\00000963.wav
data/processed\06_normal_00000964.npy,06,normal,0,data/raw\pump\id_06\normal\00000964.wav
data/processed\06_normal_00000965.npy,06,normal,0,data/raw\pump\id_06\normal\00000965.wav
data/processed\06_normal_00000966.npy,06,normal,0,data/raw\pump\id_06\normal\00000966.wav
data/processed\06_normal_00000967.npy,06,normal,0,data/raw\pump\id_06\normal\00000967.wav
data/processed\06_normal_00000968.npy,06,normal,0,data/raw\pump\id_06\normal\00000968.wav
data/processed\06_normal_00000969.npy,06,normal,0,data/raw\pump\id_06\normal\00000969.wav
data/processed\06_normal_00000970.npy,06,normal,0,data/raw\pump\id_06\normal\00000970.wav
data/processed\06_normal_00000971.npy,06,normal,0,data/raw\pump\id_06\normal\00000971.wav
data/processed\06_normal_00000972.npy,06,normal,0,data/raw\pump\id_06\normal\00000972.wav
data/processed\06_normal_00000973.npy,06,normal,0,data/raw\pump\id_06\normal\00000973.wav
data/processed\06_normal_00000974.npy,06,normal,0,data/raw\pump\id_06\normal\00000974.wav
data/processed\06_normal_00000975.npy,06,normal,0,data/raw\pump\id_06\normal\00000975.wav
data/processed\06_normal_00000976.npy,06,normal,0,data/raw\pump\id_06\normal\00000976.wav
data/processed\06_normal_00000977.npy,06,normal,0,data/raw\pump\id_06\normal\00000977.wav
data/processed\06_normal_00000978.npy,06,normal,0,data/raw\pump\id_06\normal\00000978.wav
data/processed\06_normal_00000979.npy,06,normal,0,data/raw\pump\id_06\normal\00000979.wav
data/processed\06_normal_00000980.npy,06,normal,0,data/raw\pump\id_06\normal\00000980.wav
data/processed\06_normal_00000981.npy,06,normal,0,data/raw\pump\id_06\normal\00000981.wav
data/processed\06_normal_00000982.npy,06,normal,0,data/raw\pump\id_06\normal\00000982.wav
data/processed\06_normal_00000983.npy,06,normal,0,data/raw\pump\id_06\normal\00000983.wav
data/processed\06_normal_00000984.npy,06,normal,0,data/raw\pump\id_06\normal\00000984.wav
data/processed\06_normal_00000985.npy,06,normal,0,data/raw\pump\id_06\normal\00000985.wav
data/processed\06_normal_00000986.npy,06,normal,0,data/raw\pump\id_06\normal\00000986.wav
data/processed\06_normal_00000987.npy,06,normal,0,data/raw\pump\id_06\normal\00000987.wav
data/processed\06_normal_00000988.npy,06,normal,0,data/raw\pump\id_06\normal\00000988.wav
data/processed\06_normal_00000989.npy,06,normal,0,data/raw\pump\id_06\normal\00000989.wav
data/processed\06_normal_00000990.npy,06,normal,0,data/raw\pump\id_06\normal\00000990.wav
data/processed\06_normal_00000991.npy,06,normal,0,data/raw\pump\id_06\normal\00000991.wav
data/processed\06_normal_00000992.npy,06,normal,0,data/raw\pump\id_06\normal\00000992.wav
data/processed\06_normal_00000993.npy,06,normal,0,data/raw\pump\id_06\normal\00000993.wav
data/processed\06_normal_00000994.npy,06,normal,0,data/raw\pump\id_06\normal\00000994.wav
data/processed\06_normal_00000995.npy,06,normal,0,data/raw\pump\id_06\normal\00000995.wav
data/processed\06_normal_00000996.npy,06,normal,0,data/raw\pump\id_06\normal\00000996.wav
data/processed\06_normal_00000997.npy,06,normal,0,data/raw\pump\id_06\normal\00000997.wav
data/processed\06_normal_00000998.npy,06,normal,0,data/raw\pump\id_06\normal\00000998.wav
data/processed\06_normal_00000999.npy,06,normal,0,data/raw\pump\id_06\normal\00000999.wav
data/processed\06_normal_00001000.npy,06,normal,0,data/raw\pump\id_06\normal\00001000.wav
data/processed\06_normal_00001001.npy,06,normal,0,data/raw\pump\id_06\normal\00001001.wav
data/processed\06_normal_00001002.npy,06,normal,0,data/raw\pump\id_06\normal\00001002.wav
data/processed\06_normal_00001003.npy,06,normal,0,data/raw\pump\id_06\normal\00001003.wav
data/processed\06_normal_00001004.npy,06,normal,0,data/raw\pump\id_06\normal\00001004.wav
data/processed\06_normal_00001005.npy,06,normal,0,data/raw\pump\id_06\normal\00001005.wav
data/processed\06_normal_00001006.npy,06,normal,0,data/raw\pump\id_06\normal\00001006.wav
data/processed\06_normal_00001007.npy,06,normal,0,data/raw\pump\id_06\normal\00001007.wav
data/processed\06_normal_00001008.npy,06,normal,0,data/raw\pump\id_06\normal\00001008.wav
data/processed\06_normal_00001009.npy,06,normal,0,data/raw\pump\id_06\normal\00001009.wav
data/processed\06_normal_00001010.npy,06,normal,0,data/raw\pump\id_06\normal\00001010.wav
data/processed\06_normal_00001011.npy,06,normal,0,data/raw\pump\id_06\normal\00001011.wav
data/processed\06_normal_00001012.npy,06,normal,0,data/raw\pump\id_06\normal\00001012.wav
data/processed\06_normal_00001013.npy,06,normal,0,data/raw\pump\id_06\normal\00001013.wav
data/processed\06_normal_00001014.npy,06,normal,0,data/raw\pump\id_06\normal\00001014.wav
data/processed\06_normal_00001015.npy,06,normal,0,data/raw\pump\id_06\normal\00001015.wav
data/processed\06_normal_00001016.npy,06,normal,0,data/raw\pump\id_06\normal\00001016.wav
data/processed\06_normal_00001017.npy,06,normal,0,data/raw\pump\id_06\normal\00001017.wav
data/processed\06_normal_00001018.npy,06,normal,0,data/raw\pump\id_06\normal\00001018.wav
data/processed\06_normal_00001019.npy,06,normal,0,data/raw\pump\id_06\normal\00001019.wav
data/processed\06_normal_00001020.npy,06,normal,0,data/raw\pump\id_06\normal\00001020.wav
data/processed\06_normal_00001021.npy,06,normal,0,data/raw\pump\id_06\normal\00001021.wav
data/processed\06_normal_00001022.npy,06,normal,0,data/raw\pump\id_06\normal\00001022.wav
data/processed\06_normal_00001023.npy,06,normal,0,data/raw\pump\id_06\normal\00001023.wav
data/processed\06_normal_00001024.npy,06,normal,0,data/raw\pump\id_06\normal\00001024.wav
data/processed\06_normal_00001025.npy,06,normal,0,data/raw\pump\id_06\normal\00001025.wav
data/processed\06_normal_00001026.npy,06,normal,0,data/raw\pump\id_06\normal\00001026.wav
data/processed\06_normal_00001027.npy,06,normal,0,data/raw\pump\id_06\normal\00001027.wav
data/processed\06_normal_00001028.npy,06,normal,0,data/raw\pump\id_06\normal\00001028.wav
data/processed\06_normal_00001029.npy,06,normal,0,data/raw\pump\id_06\normal\00001029.wav
data/processed\06_normal_00001030.npy,06,normal,0,data/raw\pump\id_06\normal\00001030.wav
data/processed\06_normal_00001031.npy,06,normal,0,data/raw\pump\id_06\normal\00001031.wav
data/processed\06_normal_00001032.npy,06,normal,0,data/raw\pump\id_06\normal\00001032.wav
data/processed\06_normal_00001033.npy,06,normal,0,data/raw\pump\id_06\normal\00001033.wav
data/processed\06_normal_00001034.npy,06,normal,0,data/raw\pump\id_06\normal\00001034.wav
data/processed\06_normal_00001035.npy,06,normal,0,data/raw\pump\id_06\normal\00001035.wav
